variable_1,variable_2,quadratic_coefficient,conflict_type
x_1_5,x_1_10,8.0,shared_nucleotide
x_1_5,x_1_11,8.0,shared_nucleotide
x_1_5,x_1_12,8.0,shared_nucleotide
x_1_5,x_1_14,8.0,shared_nucleotide
x_1_5,x_1_15,8.0,shared_nucleotide
x_1_5,x_1_18,8.0,shared_nucleotide
x_1_5,x_1_19,8.0,shared_nucleotide
x_1_5,x_1_25,8.0,shared_nucleotide
x_1_5,x_1_30,8.0,shared_nucleotide
x_1_5,x_1_32,8.0,shared_nucleotide
x_1_5,x_1_37,8.0,shared_nucleotide
x_1_5,x_1_38,8.0,shared_nucleotide
x_1_5,x_1_39,8.0,shared_nucleotide
x_1_5,x_1_41,8.0,shared_nucleotide
x_1_5,x_1_42,8.0,shared_nucleotide
x_1_5,x_1_43,8.0,shared_nucleotide
x_1_5,x_2_10,8.0,crossing_pair
x_1_5,x_2_11,8.0,crossing_pair
x_1_5,x_2_12,8.0,crossing_pair
x_1_5,x_2_14,8.0,crossing_pair
x_1_5,x_2_15,8.0,crossing_pair
x_1_5,x_2_18,8.0,crossing_pair
x_1_5,x_2_19,8.0,crossing_pair
x_1_5,x_2_25,8.0,crossing_pair
x_1_5,x_2_30,8.0,crossing_pair
x_1_5,x_2_32,8.0,crossing_pair
x_1_5,x_2_37,8.0,crossing_pair
x_1_5,x_2_38,8.0,crossing_pair
x_1_5,x_2_39,8.0,crossing_pair
x_1_5,x_2_41,8.0,crossing_pair
x_1_5,x_2_42,8.0,crossing_pair
x_1_5,x_2_43,8.0,crossing_pair
x_1_5,x_3_11,8.0,crossing_pair
x_1_5,x_3_12,8.0,crossing_pair
x_1_5,x_3_14,8.0,crossing_pair
x_1_5,x_3_18,8.0,crossing_pair
x_1_5,x_3_19,8.0,crossing_pair
x_1_5,x_3_30,8.0,crossing_pair
x_1_5,x_3_37,8.0,crossing_pair
x_1_5,x_3_38,8.0,crossing_pair
x_1_5,x_3_39,8.0,crossing_pair
x_1_5,x_3_42,8.0,crossing_pair
x_1_5,x_3_43,8.0,crossing_pair
x_1_5,x_4_10,8.0,crossing_pair
x_1_5,x_4_11,8.0,crossing_pair
x_1_5,x_4_12,8.0,crossing_pair
x_1_5,x_4_14,8.0,crossing_pair
x_1_5,x_4_15,8.0,crossing_pair
x_1_5,x_4_18,8.0,crossing_pair
x_1_5,x_4_19,8.0,crossing_pair
x_1_5,x_4_25,8.0,crossing_pair
x_1_5,x_4_30,8.0,crossing_pair
x_1_5,x_4_32,8.0,crossing_pair
x_1_5,x_4_37,8.0,crossing_pair
x_1_5,x_4_38,8.0,crossing_pair
x_1_5,x_4_39,8.0,crossing_pair
x_1_5,x_4_41,8.0,crossing_pair
x_1_5,x_4_42,8.0,crossing_pair
x_1_5,x_4_43,8.0,crossing_pair
x_1_5,x_5_13,8.0,shared_nucleotide
x_1_5,x_5_16,8.0,shared_nucleotide
x_1_5,x_5_20,8.0,shared_nucleotide
x_1_5,x_5_22,8.0,shared_nucleotide
x_1_5,x_5_34,8.0,shared_nucleotide
x_1_5,x_5_40,8.0,shared_nucleotide
x_1_5,x_5_44,8.0,shared_nucleotide
x_1_10,x_1_11,8.0,shared_nucleotide
x_1_10,x_1_12,8.0,shared_nucleotide
x_1_10,x_1_14,8.0,shared_nucleotide
x_1_10,x_1_15,8.0,shared_nucleotide
x_1_10,x_1_18,8.0,shared_nucleotide
x_1_10,x_1_19,8.0,shared_nucleotide
x_1_10,x_1_25,8.0,shared_nucleotide
x_1_10,x_1_30,8.0,shared_nucleotide
x_1_10,x_1_32,8.0,shared_nucleotide
x_1_10,x_1_37,8.0,shared_nucleotide
x_1_10,x_1_38,8.0,shared_nucleotide
x_1_10,x_1_39,8.0,shared_nucleotide
x_1_10,x_1_41,8.0,shared_nucleotide
x_1_10,x_1_42,8.0,shared_nucleotide
x_1_10,x_1_43,8.0,shared_nucleotide
x_1_10,x_2_10,8.0,shared_nucleotide
x_1_10,x_2_11,8.0,crossing_pair
x_1_10,x_2_12,8.0,crossing_pair
x_1_10,x_2_14,8.0,crossing_pair
x_1_10,x_2_15,8.0,crossing_pair
x_1_10,x_2_18,8.0,crossing_pair
x_1_10,x_2_19,8.0,crossing_pair
x_1_10,x_2_25,8.0,crossing_pair
x_1_10,x_2_30,8.0,crossing_pair
x_1_10,x_2_32,8.0,crossing_pair
x_1_10,x_2_37,8.0,crossing_pair
x_1_10,x_2_38,8.0,crossing_pair
x_1_10,x_2_39,8.0,crossing_pair
x_1_10,x_2_41,8.0,crossing_pair
x_1_10,x_2_42,8.0,crossing_pair
x_1_10,x_2_43,8.0,crossing_pair
x_1_10,x_3_11,8.0,crossing_pair
x_1_10,x_3_12,8.0,crossing_pair
x_1_10,x_3_14,8.0,crossing_pair
x_1_10,x_3_18,8.0,crossing_pair
x_1_10,x_3_19,8.0,crossing_pair
x_1_10,x_3_30,8.0,crossing_pair
x_1_10,x_3_37,8.0,crossing_pair
x_1_10,x_3_38,8.0,crossing_pair
x_1_10,x_3_39,8.0,crossing_pair
x_1_10,x_3_42,8.0,crossing_pair
x_1_10,x_3_43,8.0,crossing_pair
x_1_10,x_4_10,8.0,shared_nucleotide
x_1_10,x_4_11,8.0,crossing_pair
x_1_10,x_4_12,8.0,crossing_pair
x_1_10,x_4_14,8.0,crossing_pair
x_1_10,x_4_15,8.0,crossing_pair
x_1_10,x_4_18,8.0,crossing_pair
x_1_10,x_4_19,8.0,crossing_pair
x_1_10,x_4_25,8.0,crossing_pair
x_1_10,x_4_30,8.0,crossing_pair
x_1_10,x_4_32,8.0,crossing_pair
x_1_10,x_4_37,8.0,crossing_pair
x_1_10,x_4_38,8.0,crossing_pair
x_1_10,x_4_39,8.0,crossing_pair
x_1_10,x_4_41,8.0,crossing_pair
x_1_10,x_4_42,8.0,crossing_pair
x_1_10,x_4_43,8.0,crossing_pair
x_1_10,x_5_13,8.0,crossing_pair
x_1_10,x_5_16,8.0,crossing_pair
x_1_10,x_5_20,8.0,crossing_pair
x_1_10,x_5_22,8.0,crossing_pair
x_1_10,x_5_34,8.0,crossing_pair
x_1_10,x_5_40,8.0,crossing_pair
x_1_10,x_5_44,8.0,crossing_pair
x_1_10,x_6_11,8.0,crossing_pair
x_1_10,x_6_12,8.0,crossing_pair
x_1_10,x_6_14,8.0,crossing_pair
x_1_10,x_6_18,8.0,crossing_pair
x_1_10,x_6_19,8.0,crossing_pair
x_1_10,x_6_30,8.0,crossing_pair
x_1_10,x_6_37,8.0,crossing_pair
x_1_10,x_6_38,8.0,crossing_pair
x_1_10,x_6_39,8.0,crossing_pair
x_1_10,x_6_42,8.0,crossing_pair
x_1_10,x_6_43,8.0,crossing_pair
x_1_10,x_7_11,8.0,crossing_pair
x_1_10,x_7_12,8.0,crossing_pair
x_1_10,x_7_14,8.0,crossing_pair
x_1_10,x_7_18,8.0,crossing_pair
x_1_10,x_7_19,8.0,crossing_pair
x_1_10,x_7_30,8.0,crossing_pair
x_1_10,x_7_37,8.0,crossing_pair
x_1_10,x_7_38,8.0,crossing_pair
x_1_10,x_7_39,8.0,crossing_pair
x_1_10,x_7_42,8.0,crossing_pair
x_1_10,x_7_43,8.0,crossing_pair
x_1_10,x_8_12,8.0,crossing_pair
x_1_10,x_8_14,8.0,crossing_pair
x_1_10,x_8_18,8.0,crossing_pair
x_1_10,x_8_19,8.0,crossing_pair
x_1_10,x_8_30,8.0,crossing_pair
x_1_10,x_8_37,8.0,crossing_pair
x_1_10,x_8_38,8.0,crossing_pair
x_1_10,x_8_39,8.0,crossing_pair
x_1_10,x_8_42,8.0,crossing_pair
x_1_10,x_8_43,8.0,crossing_pair
x_1_10,x_9_14,8.0,crossing_pair
x_1_10,x_9_18,8.0,crossing_pair
x_1_10,x_9_19,8.0,crossing_pair
x_1_10,x_9_30,8.0,crossing_pair
x_1_10,x_9_37,8.0,crossing_pair
x_1_10,x_9_38,8.0,crossing_pair
x_1_10,x_9_39,8.0,crossing_pair
x_1_10,x_9_42,8.0,crossing_pair
x_1_10,x_9_43,8.0,crossing_pair
x_1_10,x_10_16,8.0,shared_nucleotide
x_1_10,x_10_20,8.0,shared_nucleotide
x_1_10,x_10_22,8.0,shared_nucleotide
x_1_10,x_10_34,8.0,shared_nucleotide
x_1_10,x_10_40,8.0,shared_nucleotide
x_1_10,x_10_44,8.0,shared_nucleotide
x_1_11,x_1_12,8.0,shared_nucleotide
x_1_11,x_1_14,8.0,shared_nucleotide
x_1_11,x_1_15,8.0,shared_nucleotide
x_1_11,x_1_18,8.0,shared_nucleotide
x_1_11,x_1_19,8.0,shared_nucleotide
x_1_11,x_1_25,8.0,shared_nucleotide
x_1_11,x_1_30,8.0,shared_nucleotide
x_1_11,x_1_32,8.0,shared_nucleotide
x_1_11,x_1_37,8.0,shared_nucleotide
x_1_11,x_1_38,8.0,shared_nucleotide
x_1_11,x_1_39,8.0,shared_nucleotide
x_1_11,x_1_41,8.0,shared_nucleotide
x_1_11,x_1_42,8.0,shared_nucleotide
x_1_11,x_1_43,8.0,shared_nucleotide
x_1_11,x_2_11,8.0,shared_nucleotide
x_1_11,x_2_12,8.0,crossing_pair
x_1_11,x_2_14,8.0,crossing_pair
x_1_11,x_2_15,8.0,crossing_pair
x_1_11,x_2_18,8.0,crossing_pair
x_1_11,x_2_19,8.0,crossing_pair
x_1_11,x_2_25,8.0,crossing_pair
x_1_11,x_2_30,8.0,crossing_pair
x_1_11,x_2_32,8.0,crossing_pair
x_1_11,x_2_37,8.0,crossing_pair
x_1_11,x_2_38,8.0,crossing_pair
x_1_11,x_2_39,8.0,crossing_pair
x_1_11,x_2_41,8.0,crossing_pair
x_1_11,x_2_42,8.0,crossing_pair
x_1_11,x_2_43,8.0,crossing_pair
x_1_11,x_3_11,8.0,shared_nucleotide
x_1_11,x_3_12,8.0,crossing_pair
x_1_11,x_3_14,8.0,crossing_pair
x_1_11,x_3_18,8.0,crossing_pair
x_1_11,x_3_19,8.0,crossing_pair
x_1_11,x_3_30,8.0,crossing_pair
x_1_11,x_3_37,8.0,crossing_pair
x_1_11,x_3_38,8.0,crossing_pair
x_1_11,x_3_39,8.0,crossing_pair
x_1_11,x_3_42,8.0,crossing_pair
x_1_11,x_3_43,8.0,crossing_pair
x_1_11,x_4_11,8.0,shared_nucleotide
x_1_11,x_4_12,8.0,crossing_pair
x_1_11,x_4_14,8.0,crossing_pair
x_1_11,x_4_15,8.0,crossing_pair
x_1_11,x_4_18,8.0,crossing_pair
x_1_11,x_4_19,8.0,crossing_pair
x_1_11,x_4_25,8.0,crossing_pair
x_1_11,x_4_30,8.0,crossing_pair
x_1_11,x_4_32,8.0,crossing_pair
x_1_11,x_4_37,8.0,crossing_pair
x_1_11,x_4_38,8.0,crossing_pair
x_1_11,x_4_39,8.0,crossing_pair
x_1_11,x_4_41,8.0,crossing_pair
x_1_11,x_4_42,8.0,crossing_pair
x_1_11,x_4_43,8.0,crossing_pair
x_1_11,x_5_13,8.0,crossing_pair
x_1_11,x_5_16,8.0,crossing_pair
x_1_11,x_5_20,8.0,crossing_pair
x_1_11,x_5_22,8.0,crossing_pair
x_1_11,x_5_34,8.0,crossing_pair
x_1_11,x_5_40,8.0,crossing_pair
x_1_11,x_5_44,8.0,crossing_pair
x_1_11,x_6_11,8.0,shared_nucleotide
x_1_11,x_6_12,8.0,crossing_pair
x_1_11,x_6_14,8.0,crossing_pair
x_1_11,x_6_18,8.0,crossing_pair
x_1_11,x_6_19,8.0,crossing_pair
x_1_11,x_6_30,8.0,crossing_pair
x_1_11,x_6_37,8.0,crossing_pair
x_1_11,x_6_38,8.0,crossing_pair
x_1_11,x_6_39,8.0,crossing_pair
x_1_11,x_6_42,8.0,crossing_pair
x_1_11,x_6_43,8.0,crossing_pair
x_1_11,x_7_11,8.0,shared_nucleotide
x_1_11,x_7_12,8.0,crossing_pair
x_1_11,x_7_14,8.0,crossing_pair
x_1_11,x_7_18,8.0,crossing_pair
x_1_11,x_7_19,8.0,crossing_pair
x_1_11,x_7_30,8.0,crossing_pair
x_1_11,x_7_37,8.0,crossing_pair
x_1_11,x_7_38,8.0,crossing_pair
x_1_11,x_7_39,8.0,crossing_pair
x_1_11,x_7_42,8.0,crossing_pair
x_1_11,x_7_43,8.0,crossing_pair
x_1_11,x_8_12,8.0,crossing_pair
x_1_11,x_8_14,8.0,crossing_pair
x_1_11,x_8_18,8.0,crossing_pair
x_1_11,x_8_19,8.0,crossing_pair
x_1_11,x_8_30,8.0,crossing_pair
x_1_11,x_8_37,8.0,crossing_pair
x_1_11,x_8_38,8.0,crossing_pair
x_1_11,x_8_39,8.0,crossing_pair
x_1_11,x_8_42,8.0,crossing_pair
x_1_11,x_8_43,8.0,crossing_pair
x_1_11,x_9_14,8.0,crossing_pair
x_1_11,x_9_18,8.0,crossing_pair
x_1_11,x_9_19,8.0,crossing_pair
x_1_11,x_9_30,8.0,crossing_pair
x_1_11,x_9_37,8.0,crossing_pair
x_1_11,x_9_38,8.0,crossing_pair
x_1_11,x_9_39,8.0,crossing_pair
x_1_11,x_9_42,8.0,crossing_pair
x_1_11,x_9_43,8.0,crossing_pair
x_1_11,x_10_16,8.0,crossing_pair
x_1_11,x_10_20,8.0,crossing_pair
x_1_11,x_10_22,8.0,crossing_pair
x_1_11,x_10_34,8.0,crossing_pair
x_1_11,x_10_40,8.0,crossing_pair
x_1_11,x_10_44,8.0,crossing_pair
x_1_11,x_11_16,8.0,shared_nucleotide
x_1_11,x_11_17,8.0,shared_nucleotide
x_1_11,x_11_20,8.0,shared_nucleotide
x_1_11,x_11_21,8.0,shared_nucleotide
x_1_11,x_11_22,8.0,shared_nucleotide
x_1_11,x_11_23,8.0,shared_nucleotide
x_1_11,x_11_24,8.0,shared_nucleotide
x_1_11,x_11_26,8.0,shared_nucleotide
x_1_11,x_11_27,8.0,shared_nucleotide
x_1_11,x_11_28,8.0,shared_nucleotide
x_1_11,x_11_29,8.0,shared_nucleotide
x_1_11,x_11_31,8.0,shared_nucleotide
x_1_11,x_11_33,8.0,shared_nucleotide
x_1_11,x_11_34,8.0,shared_nucleotide
x_1_11,x_11_35,8.0,shared_nucleotide
x_1_11,x_11_36,8.0,shared_nucleotide
x_1_11,x_11_40,8.0,shared_nucleotide
x_1_11,x_11_44,8.0,shared_nucleotide
x_1_12,x_1_14,8.0,shared_nucleotide
x_1_12,x_1_15,8.0,shared_nucleotide
x_1_12,x_1_18,8.0,shared_nucleotide
x_1_12,x_1_19,8.0,shared_nucleotide
x_1_12,x_1_25,8.0,shared_nucleotide
x_1_12,x_1_30,8.0,shared_nucleotide
x_1_12,x_1_32,8.0,shared_nucleotide
x_1_12,x_1_37,8.0,shared_nucleotide
x_1_12,x_1_38,8.0,shared_nucleotide
x_1_12,x_1_39,8.0,shared_nucleotide
x_1_12,x_1_41,8.0,shared_nucleotide
x_1_12,x_1_42,8.0,shared_nucleotide
x_1_12,x_1_43,8.0,shared_nucleotide
x_1_12,x_2_12,8.0,shared_nucleotide
x_1_12,x_2_14,8.0,crossing_pair
x_1_12,x_2_15,8.0,crossing_pair
x_1_12,x_2_18,8.0,crossing_pair
x_1_12,x_2_19,8.0,crossing_pair
x_1_12,x_2_25,8.0,crossing_pair
x_1_12,x_2_30,8.0,crossing_pair
x_1_12,x_2_32,8.0,crossing_pair
x_1_12,x_2_37,8.0,crossing_pair
x_1_12,x_2_38,8.0,crossing_pair
x_1_12,x_2_39,8.0,crossing_pair
x_1_12,x_2_41,8.0,crossing_pair
x_1_12,x_2_42,8.0,crossing_pair
x_1_12,x_2_43,8.0,crossing_pair
x_1_12,x_3_12,8.0,shared_nucleotide
x_1_12,x_3_14,8.0,crossing_pair
x_1_12,x_3_18,8.0,crossing_pair
x_1_12,x_3_19,8.0,crossing_pair
x_1_12,x_3_30,8.0,crossing_pair
x_1_12,x_3_37,8.0,crossing_pair
x_1_12,x_3_38,8.0,crossing_pair
x_1_12,x_3_39,8.0,crossing_pair
x_1_12,x_3_42,8.0,crossing_pair
x_1_12,x_3_43,8.0,crossing_pair
x_1_12,x_4_12,8.0,shared_nucleotide
x_1_12,x_4_14,8.0,crossing_pair
x_1_12,x_4_15,8.0,crossing_pair
x_1_12,x_4_18,8.0,crossing_pair
x_1_12,x_4_19,8.0,crossing_pair
x_1_12,x_4_25,8.0,crossing_pair
x_1_12,x_4_30,8.0,crossing_pair
x_1_12,x_4_32,8.0,crossing_pair
x_1_12,x_4_37,8.0,crossing_pair
x_1_12,x_4_38,8.0,crossing_pair
x_1_12,x_4_39,8.0,crossing_pair
x_1_12,x_4_41,8.0,crossing_pair
x_1_12,x_4_42,8.0,crossing_pair
x_1_12,x_4_43,8.0,crossing_pair
x_1_12,x_5_13,8.0,crossing_pair
x_1_12,x_5_16,8.0,crossing_pair
x_1_12,x_5_20,8.0,crossing_pair
x_1_12,x_5_22,8.0,crossing_pair
x_1_12,x_5_34,8.0,crossing_pair
x_1_12,x_5_40,8.0,crossing_pair
x_1_12,x_5_44,8.0,crossing_pair
x_1_12,x_6_12,8.0,shared_nucleotide
x_1_12,x_6_14,8.0,crossing_pair
x_1_12,x_6_18,8.0,crossing_pair
x_1_12,x_6_19,8.0,crossing_pair
x_1_12,x_6_30,8.0,crossing_pair
x_1_12,x_6_37,8.0,crossing_pair
x_1_12,x_6_38,8.0,crossing_pair
x_1_12,x_6_39,8.0,crossing_pair
x_1_12,x_6_42,8.0,crossing_pair
x_1_12,x_6_43,8.0,crossing_pair
x_1_12,x_7_12,8.0,shared_nucleotide
x_1_12,x_7_14,8.0,crossing_pair
x_1_12,x_7_18,8.0,crossing_pair
x_1_12,x_7_19,8.0,crossing_pair
x_1_12,x_7_30,8.0,crossing_pair
x_1_12,x_7_37,8.0,crossing_pair
x_1_12,x_7_38,8.0,crossing_pair
x_1_12,x_7_39,8.0,crossing_pair
x_1_12,x_7_42,8.0,crossing_pair
x_1_12,x_7_43,8.0,crossing_pair
x_1_12,x_8_12,8.0,shared_nucleotide
x_1_12,x_8_14,8.0,crossing_pair
x_1_12,x_8_18,8.0,crossing_pair
x_1_12,x_8_19,8.0,crossing_pair
x_1_12,x_8_30,8.0,crossing_pair
x_1_12,x_8_37,8.0,crossing_pair
x_1_12,x_8_38,8.0,crossing_pair
x_1_12,x_8_39,8.0,crossing_pair
x_1_12,x_8_42,8.0,crossing_pair
x_1_12,x_8_43,8.0,crossing_pair
x_1_12,x_9_14,8.0,crossing_pair
x_1_12,x_9_18,8.0,crossing_pair
x_1_12,x_9_19,8.0,crossing_pair
x_1_12,x_9_30,8.0,crossing_pair
x_1_12,x_9_37,8.0,crossing_pair
x_1_12,x_9_38,8.0,crossing_pair
x_1_12,x_9_39,8.0,crossing_pair
x_1_12,x_9_42,8.0,crossing_pair
x_1_12,x_9_43,8.0,crossing_pair
x_1_12,x_10_16,8.0,crossing_pair
x_1_12,x_10_20,8.0,crossing_pair
x_1_12,x_10_22,8.0,crossing_pair
x_1_12,x_10_34,8.0,crossing_pair
x_1_12,x_10_40,8.0,crossing_pair
x_1_12,x_10_44,8.0,crossing_pair
x_1_12,x_11_16,8.0,crossing_pair
x_1_12,x_11_17,8.0,crossing_pair
x_1_12,x_11_20,8.0,crossing_pair
x_1_12,x_11_21,8.0,crossing_pair
x_1_12,x_11_22,8.0,crossing_pair
x_1_12,x_11_23,8.0,crossing_pair
x_1_12,x_11_24,8.0,crossing_pair
x_1_12,x_11_26,8.0,crossing_pair
x_1_12,x_11_27,8.0,crossing_pair
x_1_12,x_11_28,8.0,crossing_pair
x_1_12,x_11_29,8.0,crossing_pair
x_1_12,x_11_31,8.0,crossing_pair
x_1_12,x_11_33,8.0,crossing_pair
x_1_12,x_11_34,8.0,crossing_pair
x_1_12,x_11_35,8.0,crossing_pair
x_1_12,x_11_36,8.0,crossing_pair
x_1_12,x_11_40,8.0,crossing_pair
x_1_12,x_11_44,8.0,crossing_pair
x_1_12,x_12_16,8.0,shared_nucleotide
x_1_12,x_12_17,8.0,shared_nucleotide
x_1_12,x_12_20,8.0,shared_nucleotide
x_1_12,x_12_21,8.0,shared_nucleotide
x_1_12,x_12_22,8.0,shared_nucleotide
x_1_12,x_12_23,8.0,shared_nucleotide
x_1_12,x_12_24,8.0,shared_nucleotide
x_1_12,x_12_26,8.0,shared_nucleotide
x_1_12,x_12_27,8.0,shared_nucleotide
x_1_12,x_12_28,8.0,shared_nucleotide
x_1_12,x_12_29,8.0,shared_nucleotide
x_1_12,x_12_31,8.0,shared_nucleotide
x_1_12,x_12_33,8.0,shared_nucleotide
x_1_12,x_12_34,8.0,shared_nucleotide
x_1_12,x_12_35,8.0,shared_nucleotide
x_1_12,x_12_36,8.0,shared_nucleotide
x_1_12,x_12_40,8.0,shared_nucleotide
x_1_12,x_12_44,8.0,shared_nucleotide
x_1_14,x_1_15,8.0,shared_nucleotide
x_1_14,x_1_18,8.0,shared_nucleotide
x_1_14,x_1_19,8.0,shared_nucleotide
x_1_14,x_1_25,8.0,shared_nucleotide
x_1_14,x_1_30,8.0,shared_nucleotide
x_1_14,x_1_32,8.0,shared_nucleotide
x_1_14,x_1_37,8.0,shared_nucleotide
x_1_14,x_1_38,8.0,shared_nucleotide
x_1_14,x_1_39,8.0,shared_nucleotide
x_1_14,x_1_41,8.0,shared_nucleotide
x_1_14,x_1_42,8.0,shared_nucleotide
x_1_14,x_1_43,8.0,shared_nucleotide
x_1_14,x_2_14,8.0,shared_nucleotide
x_1_14,x_2_15,8.0,crossing_pair
x_1_14,x_2_18,8.0,crossing_pair
x_1_14,x_2_19,8.0,crossing_pair
x_1_14,x_2_25,8.0,crossing_pair
x_1_14,x_2_30,8.0,crossing_pair
x_1_14,x_2_32,8.0,crossing_pair
x_1_14,x_2_37,8.0,crossing_pair
x_1_14,x_2_38,8.0,crossing_pair
x_1_14,x_2_39,8.0,crossing_pair
x_1_14,x_2_41,8.0,crossing_pair
x_1_14,x_2_42,8.0,crossing_pair
x_1_14,x_2_43,8.0,crossing_pair
x_1_14,x_3_14,8.0,shared_nucleotide
x_1_14,x_3_18,8.0,crossing_pair
x_1_14,x_3_19,8.0,crossing_pair
x_1_14,x_3_30,8.0,crossing_pair
x_1_14,x_3_37,8.0,crossing_pair
x_1_14,x_3_38,8.0,crossing_pair
x_1_14,x_3_39,8.0,crossing_pair
x_1_14,x_3_42,8.0,crossing_pair
x_1_14,x_3_43,8.0,crossing_pair
x_1_14,x_4_14,8.0,shared_nucleotide
x_1_14,x_4_15,8.0,crossing_pair
x_1_14,x_4_18,8.0,crossing_pair
x_1_14,x_4_19,8.0,crossing_pair
x_1_14,x_4_25,8.0,crossing_pair
x_1_14,x_4_30,8.0,crossing_pair
x_1_14,x_4_32,8.0,crossing_pair
x_1_14,x_4_37,8.0,crossing_pair
x_1_14,x_4_38,8.0,crossing_pair
x_1_14,x_4_39,8.0,crossing_pair
x_1_14,x_4_41,8.0,crossing_pair
x_1_14,x_4_42,8.0,crossing_pair
x_1_14,x_4_43,8.0,crossing_pair
x_1_14,x_5_16,8.0,crossing_pair
x_1_14,x_5_20,8.0,crossing_pair
x_1_14,x_5_22,8.0,crossing_pair
x_1_14,x_5_34,8.0,crossing_pair
x_1_14,x_5_40,8.0,crossing_pair
x_1_14,x_5_44,8.0,crossing_pair
x_1_14,x_6_14,8.0,shared_nucleotide
x_1_14,x_6_18,8.0,crossing_pair
x_1_14,x_6_19,8.0,crossing_pair
x_1_14,x_6_30,8.0,crossing_pair
x_1_14,x_6_37,8.0,crossing_pair
x_1_14,x_6_38,8.0,crossing_pair
x_1_14,x_6_39,8.0,crossing_pair
x_1_14,x_6_42,8.0,crossing_pair
x_1_14,x_6_43,8.0,crossing_pair
x_1_14,x_7_14,8.0,shared_nucleotide
x_1_14,x_7_18,8.0,crossing_pair
x_1_14,x_7_19,8.0,crossing_pair
x_1_14,x_7_30,8.0,crossing_pair
x_1_14,x_7_37,8.0,crossing_pair
x_1_14,x_7_38,8.0,crossing_pair
x_1_14,x_7_39,8.0,crossing_pair
x_1_14,x_7_42,8.0,crossing_pair
x_1_14,x_7_43,8.0,crossing_pair
x_1_14,x_8_14,8.0,shared_nucleotide
x_1_14,x_8_18,8.0,crossing_pair
x_1_14,x_8_19,8.0,crossing_pair
x_1_14,x_8_30,8.0,crossing_pair
x_1_14,x_8_37,8.0,crossing_pair
x_1_14,x_8_38,8.0,crossing_pair
x_1_14,x_8_39,8.0,crossing_pair
x_1_14,x_8_42,8.0,crossing_pair
x_1_14,x_8_43,8.0,crossing_pair
x_1_14,x_9_14,8.0,shared_nucleotide
x_1_14,x_9_18,8.0,crossing_pair
x_1_14,x_9_19,8.0,crossing_pair
x_1_14,x_9_30,8.0,crossing_pair
x_1_14,x_9_37,8.0,crossing_pair
x_1_14,x_9_38,8.0,crossing_pair
x_1_14,x_9_39,8.0,crossing_pair
x_1_14,x_9_42,8.0,crossing_pair
x_1_14,x_9_43,8.0,crossing_pair
x_1_14,x_10_16,8.0,crossing_pair
x_1_14,x_10_20,8.0,crossing_pair
x_1_14,x_10_22,8.0,crossing_pair
x_1_14,x_10_34,8.0,crossing_pair
x_1_14,x_10_40,8.0,crossing_pair
x_1_14,x_10_44,8.0,crossing_pair
x_1_14,x_11_16,8.0,crossing_pair
x_1_14,x_11_17,8.0,crossing_pair
x_1_14,x_11_20,8.0,crossing_pair
x_1_14,x_11_21,8.0,crossing_pair
x_1_14,x_11_22,8.0,crossing_pair
x_1_14,x_11_23,8.0,crossing_pair
x_1_14,x_11_24,8.0,crossing_pair
x_1_14,x_11_26,8.0,crossing_pair
x_1_14,x_11_27,8.0,crossing_pair
x_1_14,x_11_28,8.0,crossing_pair
x_1_14,x_11_29,8.0,crossing_pair
x_1_14,x_11_31,8.0,crossing_pair
x_1_14,x_11_33,8.0,crossing_pair
x_1_14,x_11_34,8.0,crossing_pair
x_1_14,x_11_35,8.0,crossing_pair
x_1_14,x_11_36,8.0,crossing_pair
x_1_14,x_11_40,8.0,crossing_pair
x_1_14,x_11_44,8.0,crossing_pair
x_1_14,x_12_16,8.0,crossing_pair
x_1_14,x_12_17,8.0,crossing_pair
x_1_14,x_12_20,8.0,crossing_pair
x_1_14,x_12_21,8.0,crossing_pair
x_1_14,x_12_22,8.0,crossing_pair
x_1_14,x_12_23,8.0,crossing_pair
x_1_14,x_12_24,8.0,crossing_pair
x_1_14,x_12_26,8.0,crossing_pair
x_1_14,x_12_27,8.0,crossing_pair
x_1_14,x_12_28,8.0,crossing_pair
x_1_14,x_12_29,8.0,crossing_pair
x_1_14,x_12_31,8.0,crossing_pair
x_1_14,x_12_33,8.0,crossing_pair
x_1_14,x_12_34,8.0,crossing_pair
x_1_14,x_12_35,8.0,crossing_pair
x_1_14,x_12_36,8.0,crossing_pair
x_1_14,x_12_40,8.0,crossing_pair
x_1_14,x_12_44,8.0,crossing_pair
x_1_14,x_13_18,8.0,crossing_pair
x_1_14,x_13_19,8.0,crossing_pair
x_1_14,x_13_25,8.0,crossing_pair
x_1_14,x_13_30,8.0,crossing_pair
x_1_14,x_13_32,8.0,crossing_pair
x_1_14,x_13_37,8.0,crossing_pair
x_1_14,x_13_38,8.0,crossing_pair
x_1_14,x_13_39,8.0,crossing_pair
x_1_14,x_13_41,8.0,crossing_pair
x_1_14,x_13_42,8.0,crossing_pair
x_1_14,x_13_43,8.0,crossing_pair
x_1_14,x_14_20,8.0,shared_nucleotide
x_1_14,x_14_21,8.0,shared_nucleotide
x_1_14,x_14_22,8.0,shared_nucleotide
x_1_14,x_14_23,8.0,shared_nucleotide
x_1_14,x_14_24,8.0,shared_nucleotide
x_1_14,x_14_26,8.0,shared_nucleotide
x_1_14,x_14_27,8.0,shared_nucleotide
x_1_14,x_14_28,8.0,shared_nucleotide
x_1_14,x_14_29,8.0,shared_nucleotide
x_1_14,x_14_31,8.0,shared_nucleotide
x_1_14,x_14_33,8.0,shared_nucleotide
x_1_14,x_14_34,8.0,shared_nucleotide
x_1_14,x_14_35,8.0,shared_nucleotide
x_1_14,x_14_36,8.0,shared_nucleotide
x_1_14,x_14_40,8.0,shared_nucleotide
x_1_14,x_14_44,8.0,shared_nucleotide
x_1_15,x_1_18,8.0,shared_nucleotide
x_1_15,x_1_19,8.0,shared_nucleotide
x_1_15,x_1_25,8.0,shared_nucleotide
x_1_15,x_1_30,8.0,shared_nucleotide
x_1_15,x_1_32,8.0,shared_nucleotide
x_1_15,x_1_37,8.0,shared_nucleotide
x_1_15,x_1_38,8.0,shared_nucleotide
x_1_15,x_1_39,8.0,shared_nucleotide
x_1_15,x_1_41,8.0,shared_nucleotide
x_1_15,x_1_42,8.0,shared_nucleotide
x_1_15,x_1_43,8.0,shared_nucleotide
x_1_15,x_2_15,8.0,shared_nucleotide
x_1_15,x_2_18,8.0,crossing_pair
x_1_15,x_2_19,8.0,crossing_pair
x_1_15,x_2_25,8.0,crossing_pair
x_1_15,x_2_30,8.0,crossing_pair
x_1_15,x_2_32,8.0,crossing_pair
x_1_15,x_2_37,8.0,crossing_pair
x_1_15,x_2_38,8.0,crossing_pair
x_1_15,x_2_39,8.0,crossing_pair
x_1_15,x_2_41,8.0,crossing_pair
x_1_15,x_2_42,8.0,crossing_pair
x_1_15,x_2_43,8.0,crossing_pair
x_1_15,x_3_18,8.0,crossing_pair
x_1_15,x_3_19,8.0,crossing_pair
x_1_15,x_3_30,8.0,crossing_pair
x_1_15,x_3_37,8.0,crossing_pair
x_1_15,x_3_38,8.0,crossing_pair
x_1_15,x_3_39,8.0,crossing_pair
x_1_15,x_3_42,8.0,crossing_pair
x_1_15,x_3_43,8.0,crossing_pair
x_1_15,x_4_15,8.0,shared_nucleotide
x_1_15,x_4_18,8.0,crossing_pair
x_1_15,x_4_19,8.0,crossing_pair
x_1_15,x_4_25,8.0,crossing_pair
x_1_15,x_4_30,8.0,crossing_pair
x_1_15,x_4_32,8.0,crossing_pair
x_1_15,x_4_37,8.0,crossing_pair
x_1_15,x_4_38,8.0,crossing_pair
x_1_15,x_4_39,8.0,crossing_pair
x_1_15,x_4_41,8.0,crossing_pair
x_1_15,x_4_42,8.0,crossing_pair
x_1_15,x_4_43,8.0,crossing_pair
x_1_15,x_5_16,8.0,crossing_pair
x_1_15,x_5_20,8.0,crossing_pair
x_1_15,x_5_22,8.0,crossing_pair
x_1_15,x_5_34,8.0,crossing_pair
x_1_15,x_5_40,8.0,crossing_pair
x_1_15,x_5_44,8.0,crossing_pair
x_1_15,x_6_18,8.0,crossing_pair
x_1_15,x_6_19,8.0,crossing_pair
x_1_15,x_6_30,8.0,crossing_pair
x_1_15,x_6_37,8.0,crossing_pair
x_1_15,x_6_38,8.0,crossing_pair
x_1_15,x_6_39,8.0,crossing_pair
x_1_15,x_6_42,8.0,crossing_pair
x_1_15,x_6_43,8.0,crossing_pair
x_1_15,x_7_18,8.0,crossing_pair
x_1_15,x_7_19,8.0,crossing_pair
x_1_15,x_7_30,8.0,crossing_pair
x_1_15,x_7_37,8.0,crossing_pair
x_1_15,x_7_38,8.0,crossing_pair
x_1_15,x_7_39,8.0,crossing_pair
x_1_15,x_7_42,8.0,crossing_pair
x_1_15,x_7_43,8.0,crossing_pair
x_1_15,x_8_18,8.0,crossing_pair
x_1_15,x_8_19,8.0,crossing_pair
x_1_15,x_8_30,8.0,crossing_pair
x_1_15,x_8_37,8.0,crossing_pair
x_1_15,x_8_38,8.0,crossing_pair
x_1_15,x_8_39,8.0,crossing_pair
x_1_15,x_8_42,8.0,crossing_pair
x_1_15,x_8_43,8.0,crossing_pair
x_1_15,x_9_18,8.0,crossing_pair
x_1_15,x_9_19,8.0,crossing_pair
x_1_15,x_9_30,8.0,crossing_pair
x_1_15,x_9_37,8.0,crossing_pair
x_1_15,x_9_38,8.0,crossing_pair
x_1_15,x_9_39,8.0,crossing_pair
x_1_15,x_9_42,8.0,crossing_pair
x_1_15,x_9_43,8.0,crossing_pair
x_1_15,x_10_16,8.0,crossing_pair
x_1_15,x_10_20,8.0,crossing_pair
x_1_15,x_10_22,8.0,crossing_pair
x_1_15,x_10_34,8.0,crossing_pair
x_1_15,x_10_40,8.0,crossing_pair
x_1_15,x_10_44,8.0,crossing_pair
x_1_15,x_11_16,8.0,crossing_pair
x_1_15,x_11_17,8.0,crossing_pair
x_1_15,x_11_20,8.0,crossing_pair
x_1_15,x_11_21,8.0,crossing_pair
x_1_15,x_11_22,8.0,crossing_pair
x_1_15,x_11_23,8.0,crossing_pair
x_1_15,x_11_24,8.0,crossing_pair
x_1_15,x_11_26,8.0,crossing_pair
x_1_15,x_11_27,8.0,crossing_pair
x_1_15,x_11_28,8.0,crossing_pair
x_1_15,x_11_29,8.0,crossing_pair
x_1_15,x_11_31,8.0,crossing_pair
x_1_15,x_11_33,8.0,crossing_pair
x_1_15,x_11_34,8.0,crossing_pair
x_1_15,x_11_35,8.0,crossing_pair
x_1_15,x_11_36,8.0,crossing_pair
x_1_15,x_11_40,8.0,crossing_pair
x_1_15,x_11_44,8.0,crossing_pair
x_1_15,x_12_16,8.0,crossing_pair
x_1_15,x_12_17,8.0,crossing_pair
x_1_15,x_12_20,8.0,crossing_pair
x_1_15,x_12_21,8.0,crossing_pair
x_1_15,x_12_22,8.0,crossing_pair
x_1_15,x_12_23,8.0,crossing_pair
x_1_15,x_12_24,8.0,crossing_pair
x_1_15,x_12_26,8.0,crossing_pair
x_1_15,x_12_27,8.0,crossing_pair
x_1_15,x_12_28,8.0,crossing_pair
x_1_15,x_12_29,8.0,crossing_pair
x_1_15,x_12_31,8.0,crossing_pair
x_1_15,x_12_33,8.0,crossing_pair
x_1_15,x_12_34,8.0,crossing_pair
x_1_15,x_12_35,8.0,crossing_pair
x_1_15,x_12_36,8.0,crossing_pair
x_1_15,x_12_40,8.0,crossing_pair
x_1_15,x_12_44,8.0,crossing_pair
x_1_15,x_13_18,8.0,crossing_pair
x_1_15,x_13_19,8.0,crossing_pair
x_1_15,x_13_25,8.0,crossing_pair
x_1_15,x_13_30,8.0,crossing_pair
x_1_15,x_13_32,8.0,crossing_pair
x_1_15,x_13_37,8.0,crossing_pair
x_1_15,x_13_38,8.0,crossing_pair
x_1_15,x_13_39,8.0,crossing_pair
x_1_15,x_13_41,8.0,crossing_pair
x_1_15,x_13_42,8.0,crossing_pair
x_1_15,x_13_43,8.0,crossing_pair
x_1_15,x_14_20,8.0,crossing_pair
x_1_15,x_14_21,8.0,crossing_pair
x_1_15,x_14_22,8.0,crossing_pair
x_1_15,x_14_23,8.0,crossing_pair
x_1_15,x_14_24,8.0,crossing_pair
x_1_15,x_14_26,8.0,crossing_pair
x_1_15,x_14_27,8.0,crossing_pair
x_1_15,x_14_28,8.0,crossing_pair
x_1_15,x_14_29,8.0,crossing_pair
x_1_15,x_14_31,8.0,crossing_pair
x_1_15,x_14_33,8.0,crossing_pair
x_1_15,x_14_34,8.0,crossing_pair
x_1_15,x_14_35,8.0,crossing_pair
x_1_15,x_14_36,8.0,crossing_pair
x_1_15,x_14_40,8.0,crossing_pair
x_1_15,x_14_44,8.0,crossing_pair
x_1_15,x_15_20,8.0,shared_nucleotide
x_1_15,x_15_22,8.0,shared_nucleotide
x_1_15,x_15_34,8.0,shared_nucleotide
x_1_15,x_15_40,8.0,shared_nucleotide
x_1_15,x_15_44,8.0,shared_nucleotide
x_1_18,x_1_19,8.0,shared_nucleotide
x_1_18,x_1_25,8.0,shared_nucleotide
x_1_18,x_1_30,8.0,shared_nucleotide
x_1_18,x_1_32,8.0,shared_nucleotide
x_1_18,x_1_37,8.0,shared_nucleotide
x_1_18,x_1_38,8.0,shared_nucleotide
x_1_18,x_1_39,8.0,shared_nucleotide
x_1_18,x_1_41,8.0,shared_nucleotide
x_1_18,x_1_42,8.0,shared_nucleotide
x_1_18,x_1_43,8.0,shared_nucleotide
x_1_18,x_2_18,8.0,shared_nucleotide
x_1_18,x_2_19,8.0,crossing_pair
x_1_18,x_2_25,8.0,crossing_pair
x_1_18,x_2_30,8.0,crossing_pair
x_1_18,x_2_32,8.0,crossing_pair
x_1_18,x_2_37,8.0,crossing_pair
x_1_18,x_2_38,8.0,crossing_pair
x_1_18,x_2_39,8.0,crossing_pair
x_1_18,x_2_41,8.0,crossing_pair
x_1_18,x_2_42,8.0,crossing_pair
x_1_18,x_2_43,8.0,crossing_pair
x_1_18,x_3_18,8.0,shared_nucleotide
x_1_18,x_3_19,8.0,crossing_pair
x_1_18,x_3_30,8.0,crossing_pair
x_1_18,x_3_37,8.0,crossing_pair
x_1_18,x_3_38,8.0,crossing_pair
x_1_18,x_3_39,8.0,crossing_pair
x_1_18,x_3_42,8.0,crossing_pair
x_1_18,x_3_43,8.0,crossing_pair
x_1_18,x_4_18,8.0,shared_nucleotide
x_1_18,x_4_19,8.0,crossing_pair
x_1_18,x_4_25,8.0,crossing_pair
x_1_18,x_4_30,8.0,crossing_pair
x_1_18,x_4_32,8.0,crossing_pair
x_1_18,x_4_37,8.0,crossing_pair
x_1_18,x_4_38,8.0,crossing_pair
x_1_18,x_4_39,8.0,crossing_pair
x_1_18,x_4_41,8.0,crossing_pair
x_1_18,x_4_42,8.0,crossing_pair
x_1_18,x_4_43,8.0,crossing_pair
x_1_18,x_5_20,8.0,crossing_pair
x_1_18,x_5_22,8.0,crossing_pair
x_1_18,x_5_34,8.0,crossing_pair
x_1_18,x_5_40,8.0,crossing_pair
x_1_18,x_5_44,8.0,crossing_pair
x_1_18,x_6_18,8.0,shared_nucleotide
x_1_18,x_6_19,8.0,crossing_pair
x_1_18,x_6_30,8.0,crossing_pair
x_1_18,x_6_37,8.0,crossing_pair
x_1_18,x_6_38,8.0,crossing_pair
x_1_18,x_6_39,8.0,crossing_pair
x_1_18,x_6_42,8.0,crossing_pair
x_1_18,x_6_43,8.0,crossing_pair
x_1_18,x_7_18,8.0,shared_nucleotide
x_1_18,x_7_19,8.0,crossing_pair
x_1_18,x_7_30,8.0,crossing_pair
x_1_18,x_7_37,8.0,crossing_pair
x_1_18,x_7_38,8.0,crossing_pair
x_1_18,x_7_39,8.0,crossing_pair
x_1_18,x_7_42,8.0,crossing_pair
x_1_18,x_7_43,8.0,crossing_pair
x_1_18,x_8_18,8.0,shared_nucleotide
x_1_18,x_8_19,8.0,crossing_pair
x_1_18,x_8_30,8.0,crossing_pair
x_1_18,x_8_37,8.0,crossing_pair
x_1_18,x_8_38,8.0,crossing_pair
x_1_18,x_8_39,8.0,crossing_pair
x_1_18,x_8_42,8.0,crossing_pair
x_1_18,x_8_43,8.0,crossing_pair
x_1_18,x_9_18,8.0,shared_nucleotide
x_1_18,x_9_19,8.0,crossing_pair
x_1_18,x_9_30,8.0,crossing_pair
x_1_18,x_9_37,8.0,crossing_pair
x_1_18,x_9_38,8.0,crossing_pair
x_1_18,x_9_39,8.0,crossing_pair
x_1_18,x_9_42,8.0,crossing_pair
x_1_18,x_9_43,8.0,crossing_pair
x_1_18,x_10_20,8.0,crossing_pair
x_1_18,x_10_22,8.0,crossing_pair
x_1_18,x_10_34,8.0,crossing_pair
x_1_18,x_10_40,8.0,crossing_pair
x_1_18,x_10_44,8.0,crossing_pair
x_1_18,x_11_20,8.0,crossing_pair
x_1_18,x_11_21,8.0,crossing_pair
x_1_18,x_11_22,8.0,crossing_pair
x_1_18,x_11_23,8.0,crossing_pair
x_1_18,x_11_24,8.0,crossing_pair
x_1_18,x_11_26,8.0,crossing_pair
x_1_18,x_11_27,8.0,crossing_pair
x_1_18,x_11_28,8.0,crossing_pair
x_1_18,x_11_29,8.0,crossing_pair
x_1_18,x_11_31,8.0,crossing_pair
x_1_18,x_11_33,8.0,crossing_pair
x_1_18,x_11_34,8.0,crossing_pair
x_1_18,x_11_35,8.0,crossing_pair
x_1_18,x_11_36,8.0,crossing_pair
x_1_18,x_11_40,8.0,crossing_pair
x_1_18,x_11_44,8.0,crossing_pair
x_1_18,x_12_20,8.0,crossing_pair
x_1_18,x_12_21,8.0,crossing_pair
x_1_18,x_12_22,8.0,crossing_pair
x_1_18,x_12_23,8.0,crossing_pair
x_1_18,x_12_24,8.0,crossing_pair
x_1_18,x_12_26,8.0,crossing_pair
x_1_18,x_12_27,8.0,crossing_pair
x_1_18,x_12_28,8.0,crossing_pair
x_1_18,x_12_29,8.0,crossing_pair
x_1_18,x_12_31,8.0,crossing_pair
x_1_18,x_12_33,8.0,crossing_pair
x_1_18,x_12_34,8.0,crossing_pair
x_1_18,x_12_35,8.0,crossing_pair
x_1_18,x_12_36,8.0,crossing_pair
x_1_18,x_12_40,8.0,crossing_pair
x_1_18,x_12_44,8.0,crossing_pair
x_1_18,x_13_18,8.0,shared_nucleotide
x_1_18,x_13_19,8.0,crossing_pair
x_1_18,x_13_25,8.0,crossing_pair
x_1_18,x_13_30,8.0,crossing_pair
x_1_18,x_13_32,8.0,crossing_pair
x_1_18,x_13_37,8.0,crossing_pair
x_1_18,x_13_38,8.0,crossing_pair
x_1_18,x_13_39,8.0,crossing_pair
x_1_18,x_13_41,8.0,crossing_pair
x_1_18,x_13_42,8.0,crossing_pair
x_1_18,x_13_43,8.0,crossing_pair
x_1_18,x_14_20,8.0,crossing_pair
x_1_18,x_14_21,8.0,crossing_pair
x_1_18,x_14_22,8.0,crossing_pair
x_1_18,x_14_23,8.0,crossing_pair
x_1_18,x_14_24,8.0,crossing_pair
x_1_18,x_14_26,8.0,crossing_pair
x_1_18,x_14_27,8.0,crossing_pair
x_1_18,x_14_28,8.0,crossing_pair
x_1_18,x_14_29,8.0,crossing_pair
x_1_18,x_14_31,8.0,crossing_pair
x_1_18,x_14_33,8.0,crossing_pair
x_1_18,x_14_34,8.0,crossing_pair
x_1_18,x_14_35,8.0,crossing_pair
x_1_18,x_14_36,8.0,crossing_pair
x_1_18,x_14_40,8.0,crossing_pair
x_1_18,x_14_44,8.0,crossing_pair
x_1_18,x_15_20,8.0,crossing_pair
x_1_18,x_15_22,8.0,crossing_pair
x_1_18,x_15_34,8.0,crossing_pair
x_1_18,x_15_40,8.0,crossing_pair
x_1_18,x_15_44,8.0,crossing_pair
x_1_18,x_16_25,8.0,crossing_pair
x_1_18,x_16_30,8.0,crossing_pair
x_1_18,x_16_32,8.0,crossing_pair
x_1_18,x_16_37,8.0,crossing_pair
x_1_18,x_16_38,8.0,crossing_pair
x_1_18,x_16_39,8.0,crossing_pair
x_1_18,x_16_41,8.0,crossing_pair
x_1_18,x_16_42,8.0,crossing_pair
x_1_18,x_16_43,8.0,crossing_pair
x_1_18,x_17_30,8.0,crossing_pair
x_1_18,x_17_37,8.0,crossing_pair
x_1_18,x_17_38,8.0,crossing_pair
x_1_18,x_17_39,8.0,crossing_pair
x_1_18,x_17_42,8.0,crossing_pair
x_1_18,x_17_43,8.0,crossing_pair
x_1_18,x_18_22,8.0,shared_nucleotide
x_1_18,x_18_23,8.0,shared_nucleotide
x_1_18,x_18_24,8.0,shared_nucleotide
x_1_18,x_18_26,8.0,shared_nucleotide
x_1_18,x_18_27,8.0,shared_nucleotide
x_1_18,x_18_28,8.0,shared_nucleotide
x_1_18,x_18_29,8.0,shared_nucleotide
x_1_18,x_18_31,8.0,shared_nucleotide
x_1_18,x_18_33,8.0,shared_nucleotide
x_1_18,x_18_34,8.0,shared_nucleotide
x_1_18,x_18_35,8.0,shared_nucleotide
x_1_18,x_18_36,8.0,shared_nucleotide
x_1_18,x_18_40,8.0,shared_nucleotide
x_1_18,x_18_44,8.0,shared_nucleotide
x_1_19,x_1_25,8.0,shared_nucleotide
x_1_19,x_1_30,8.0,shared_nucleotide
x_1_19,x_1_32,8.0,shared_nucleotide
x_1_19,x_1_37,8.0,shared_nucleotide
x_1_19,x_1_38,8.0,shared_nucleotide
x_1_19,x_1_39,8.0,shared_nucleotide
x_1_19,x_1_41,8.0,shared_nucleotide
x_1_19,x_1_42,8.0,shared_nucleotide
x_1_19,x_1_43,8.0,shared_nucleotide
x_1_19,x_2_19,8.0,shared_nucleotide
x_1_19,x_2_25,8.0,crossing_pair
x_1_19,x_2_30,8.0,crossing_pair
x_1_19,x_2_32,8.0,crossing_pair
x_1_19,x_2_37,8.0,crossing_pair
x_1_19,x_2_38,8.0,crossing_pair
x_1_19,x_2_39,8.0,crossing_pair
x_1_19,x_2_41,8.0,crossing_pair
x_1_19,x_2_42,8.0,crossing_pair
x_1_19,x_2_43,8.0,crossing_pair
x_1_19,x_3_19,8.0,shared_nucleotide
x_1_19,x_3_30,8.0,crossing_pair
x_1_19,x_3_37,8.0,crossing_pair
x_1_19,x_3_38,8.0,crossing_pair
x_1_19,x_3_39,8.0,crossing_pair
x_1_19,x_3_42,8.0,crossing_pair
x_1_19,x_3_43,8.0,crossing_pair
x_1_19,x_4_19,8.0,shared_nucleotide
x_1_19,x_4_25,8.0,crossing_pair
x_1_19,x_4_30,8.0,crossing_pair
x_1_19,x_4_32,8.0,crossing_pair
x_1_19,x_4_37,8.0,crossing_pair
x_1_19,x_4_38,8.0,crossing_pair
x_1_19,x_4_39,8.0,crossing_pair
x_1_19,x_4_41,8.0,crossing_pair
x_1_19,x_4_42,8.0,crossing_pair
x_1_19,x_4_43,8.0,crossing_pair
x_1_19,x_5_20,8.0,crossing_pair
x_1_19,x_5_22,8.0,crossing_pair
x_1_19,x_5_34,8.0,crossing_pair
x_1_19,x_5_40,8.0,crossing_pair
x_1_19,x_5_44,8.0,crossing_pair
x_1_19,x_6_19,8.0,shared_nucleotide
x_1_19,x_6_30,8.0,crossing_pair
x_1_19,x_6_37,8.0,crossing_pair
x_1_19,x_6_38,8.0,crossing_pair
x_1_19,x_6_39,8.0,crossing_pair
x_1_19,x_6_42,8.0,crossing_pair
x_1_19,x_6_43,8.0,crossing_pair
x_1_19,x_7_19,8.0,shared_nucleotide
x_1_19,x_7_30,8.0,crossing_pair
x_1_19,x_7_37,8.0,crossing_pair
x_1_19,x_7_38,8.0,crossing_pair
x_1_19,x_7_39,8.0,crossing_pair
x_1_19,x_7_42,8.0,crossing_pair
x_1_19,x_7_43,8.0,crossing_pair
x_1_19,x_8_19,8.0,shared_nucleotide
x_1_19,x_8_30,8.0,crossing_pair
x_1_19,x_8_37,8.0,crossing_pair
x_1_19,x_8_38,8.0,crossing_pair
x_1_19,x_8_39,8.0,crossing_pair
x_1_19,x_8_42,8.0,crossing_pair
x_1_19,x_8_43,8.0,crossing_pair
x_1_19,x_9_19,8.0,shared_nucleotide
x_1_19,x_9_30,8.0,crossing_pair
x_1_19,x_9_37,8.0,crossing_pair
x_1_19,x_9_38,8.0,crossing_pair
x_1_19,x_9_39,8.0,crossing_pair
x_1_19,x_9_42,8.0,crossing_pair
x_1_19,x_9_43,8.0,crossing_pair
x_1_19,x_10_20,8.0,crossing_pair
x_1_19,x_10_22,8.0,crossing_pair
x_1_19,x_10_34,8.0,crossing_pair
x_1_19,x_10_40,8.0,crossing_pair
x_1_19,x_10_44,8.0,crossing_pair
x_1_19,x_11_20,8.0,crossing_pair
x_1_19,x_11_21,8.0,crossing_pair
x_1_19,x_11_22,8.0,crossing_pair
x_1_19,x_11_23,8.0,crossing_pair
x_1_19,x_11_24,8.0,crossing_pair
x_1_19,x_11_26,8.0,crossing_pair
x_1_19,x_11_27,8.0,crossing_pair
x_1_19,x_11_28,8.0,crossing_pair
x_1_19,x_11_29,8.0,crossing_pair
x_1_19,x_11_31,8.0,crossing_pair
x_1_19,x_11_33,8.0,crossing_pair
x_1_19,x_11_34,8.0,crossing_pair
x_1_19,x_11_35,8.0,crossing_pair
x_1_19,x_11_36,8.0,crossing_pair
x_1_19,x_11_40,8.0,crossing_pair
x_1_19,x_11_44,8.0,crossing_pair
x_1_19,x_12_20,8.0,crossing_pair
x_1_19,x_12_21,8.0,crossing_pair
x_1_19,x_12_22,8.0,crossing_pair
x_1_19,x_12_23,8.0,crossing_pair
x_1_19,x_12_24,8.0,crossing_pair
x_1_19,x_12_26,8.0,crossing_pair
x_1_19,x_12_27,8.0,crossing_pair
x_1_19,x_12_28,8.0,crossing_pair
x_1_19,x_12_29,8.0,crossing_pair
x_1_19,x_12_31,8.0,crossing_pair
x_1_19,x_12_33,8.0,crossing_pair
x_1_19,x_12_34,8.0,crossing_pair
x_1_19,x_12_35,8.0,crossing_pair
x_1_19,x_12_36,8.0,crossing_pair
x_1_19,x_12_40,8.0,crossing_pair
x_1_19,x_12_44,8.0,crossing_pair
x_1_19,x_13_19,8.0,shared_nucleotide
x_1_19,x_13_25,8.0,crossing_pair
x_1_19,x_13_30,8.0,crossing_pair
x_1_19,x_13_32,8.0,crossing_pair
x_1_19,x_13_37,8.0,crossing_pair
x_1_19,x_13_38,8.0,crossing_pair
x_1_19,x_13_39,8.0,crossing_pair
x_1_19,x_13_41,8.0,crossing_pair
x_1_19,x_13_42,8.0,crossing_pair
x_1_19,x_13_43,8.0,crossing_pair
x_1_19,x_14_20,8.0,crossing_pair
x_1_19,x_14_21,8.0,crossing_pair
x_1_19,x_14_22,8.0,crossing_pair
x_1_19,x_14_23,8.0,crossing_pair
x_1_19,x_14_24,8.0,crossing_pair
x_1_19,x_14_26,8.0,crossing_pair
x_1_19,x_14_27,8.0,crossing_pair
x_1_19,x_14_28,8.0,crossing_pair
x_1_19,x_14_29,8.0,crossing_pair
x_1_19,x_14_31,8.0,crossing_pair
x_1_19,x_14_33,8.0,crossing_pair
x_1_19,x_14_34,8.0,crossing_pair
x_1_19,x_14_35,8.0,crossing_pair
x_1_19,x_14_36,8.0,crossing_pair
x_1_19,x_14_40,8.0,crossing_pair
x_1_19,x_14_44,8.0,crossing_pair
x_1_19,x_15_20,8.0,crossing_pair
x_1_19,x_15_22,8.0,crossing_pair
x_1_19,x_15_34,8.0,crossing_pair
x_1_19,x_15_40,8.0,crossing_pair
x_1_19,x_15_44,8.0,crossing_pair
x_1_19,x_16_25,8.0,crossing_pair
x_1_19,x_16_30,8.0,crossing_pair
x_1_19,x_16_32,8.0,crossing_pair
x_1_19,x_16_37,8.0,crossing_pair
x_1_19,x_16_38,8.0,crossing_pair
x_1_19,x_16_39,8.0,crossing_pair
x_1_19,x_16_41,8.0,crossing_pair
x_1_19,x_16_42,8.0,crossing_pair
x_1_19,x_16_43,8.0,crossing_pair
x_1_19,x_17_30,8.0,crossing_pair
x_1_19,x_17_37,8.0,crossing_pair
x_1_19,x_17_38,8.0,crossing_pair
x_1_19,x_17_39,8.0,crossing_pair
x_1_19,x_17_42,8.0,crossing_pair
x_1_19,x_17_43,8.0,crossing_pair
x_1_19,x_18_22,8.0,crossing_pair
x_1_19,x_18_23,8.0,crossing_pair
x_1_19,x_18_24,8.0,crossing_pair
x_1_19,x_18_26,8.0,crossing_pair
x_1_19,x_18_27,8.0,crossing_pair
x_1_19,x_18_28,8.0,crossing_pair
x_1_19,x_18_29,8.0,crossing_pair
x_1_19,x_18_31,8.0,crossing_pair
x_1_19,x_18_33,8.0,crossing_pair
x_1_19,x_18_34,8.0,crossing_pair
x_1_19,x_18_35,8.0,crossing_pair
x_1_19,x_18_36,8.0,crossing_pair
x_1_19,x_18_40,8.0,crossing_pair
x_1_19,x_18_44,8.0,crossing_pair
x_1_19,x_19_23,8.0,shared_nucleotide
x_1_19,x_19_24,8.0,shared_nucleotide
x_1_19,x_19_26,8.0,shared_nucleotide
x_1_19,x_19_27,8.0,shared_nucleotide
x_1_19,x_19_28,8.0,shared_nucleotide
x_1_19,x_19_29,8.0,shared_nucleotide
x_1_19,x_19_31,8.0,shared_nucleotide
x_1_19,x_19_33,8.0,shared_nucleotide
x_1_19,x_19_34,8.0,shared_nucleotide
x_1_19,x_19_35,8.0,shared_nucleotide
x_1_19,x_19_36,8.0,shared_nucleotide
x_1_19,x_19_40,8.0,shared_nucleotide
x_1_19,x_19_44,8.0,shared_nucleotide
x_1_25,x_1_30,8.0,shared_nucleotide
x_1_25,x_1_32,8.0,shared_nucleotide
x_1_25,x_1_37,8.0,shared_nucleotide
x_1_25,x_1_38,8.0,shared_nucleotide
x_1_25,x_1_39,8.0,shared_nucleotide
x_1_25,x_1_41,8.0,shared_nucleotide
x_1_25,x_1_42,8.0,shared_nucleotide
x_1_25,x_1_43,8.0,shared_nucleotide
x_1_25,x_2_25,8.0,shared_nucleotide
x_1_25,x_2_30,8.0,crossing_pair
x_1_25,x_2_32,8.0,crossing_pair
x_1_25,x_2_37,8.0,crossing_pair
x_1_25,x_2_38,8.0,crossing_pair
x_1_25,x_2_39,8.0,crossing_pair
x_1_25,x_2_41,8.0,crossing_pair
x_1_25,x_2_42,8.0,crossing_pair
x_1_25,x_2_43,8.0,crossing_pair
x_1_25,x_3_30,8.0,crossing_pair
x_1_25,x_3_37,8.0,crossing_pair
x_1_25,x_3_38,8.0,crossing_pair
x_1_25,x_3_39,8.0,crossing_pair
x_1_25,x_3_42,8.0,crossing_pair
x_1_25,x_3_43,8.0,crossing_pair
x_1_25,x_4_25,8.0,shared_nucleotide
x_1_25,x_4_30,8.0,crossing_pair
x_1_25,x_4_32,8.0,crossing_pair
x_1_25,x_4_37,8.0,crossing_pair
x_1_25,x_4_38,8.0,crossing_pair
x_1_25,x_4_39,8.0,crossing_pair
x_1_25,x_4_41,8.0,crossing_pair
x_1_25,x_4_42,8.0,crossing_pair
x_1_25,x_4_43,8.0,crossing_pair
x_1_25,x_5_34,8.0,crossing_pair
x_1_25,x_5_40,8.0,crossing_pair
x_1_25,x_5_44,8.0,crossing_pair
x_1_25,x_6_30,8.0,crossing_pair
x_1_25,x_6_37,8.0,crossing_pair
x_1_25,x_6_38,8.0,crossing_pair
x_1_25,x_6_39,8.0,crossing_pair
x_1_25,x_6_42,8.0,crossing_pair
x_1_25,x_6_43,8.0,crossing_pair
x_1_25,x_7_30,8.0,crossing_pair
x_1_25,x_7_37,8.0,crossing_pair
x_1_25,x_7_38,8.0,crossing_pair
x_1_25,x_7_39,8.0,crossing_pair
x_1_25,x_7_42,8.0,crossing_pair
x_1_25,x_7_43,8.0,crossing_pair
x_1_25,x_8_30,8.0,crossing_pair
x_1_25,x_8_37,8.0,crossing_pair
x_1_25,x_8_38,8.0,crossing_pair
x_1_25,x_8_39,8.0,crossing_pair
x_1_25,x_8_42,8.0,crossing_pair
x_1_25,x_8_43,8.0,crossing_pair
x_1_25,x_9_30,8.0,crossing_pair
x_1_25,x_9_37,8.0,crossing_pair
x_1_25,x_9_38,8.0,crossing_pair
x_1_25,x_9_39,8.0,crossing_pair
x_1_25,x_9_42,8.0,crossing_pair
x_1_25,x_9_43,8.0,crossing_pair
x_1_25,x_10_34,8.0,crossing_pair
x_1_25,x_10_40,8.0,crossing_pair
x_1_25,x_10_44,8.0,crossing_pair
x_1_25,x_11_26,8.0,crossing_pair
x_1_25,x_11_27,8.0,crossing_pair
x_1_25,x_11_28,8.0,crossing_pair
x_1_25,x_11_29,8.0,crossing_pair
x_1_25,x_11_31,8.0,crossing_pair
x_1_25,x_11_33,8.0,crossing_pair
x_1_25,x_11_34,8.0,crossing_pair
x_1_25,x_11_35,8.0,crossing_pair
x_1_25,x_11_36,8.0,crossing_pair
x_1_25,x_11_40,8.0,crossing_pair
x_1_25,x_11_44,8.0,crossing_pair
x_1_25,x_12_26,8.0,crossing_pair
x_1_25,x_12_27,8.0,crossing_pair
x_1_25,x_12_28,8.0,crossing_pair
x_1_25,x_12_29,8.0,crossing_pair
x_1_25,x_12_31,8.0,crossing_pair
x_1_25,x_12_33,8.0,crossing_pair
x_1_25,x_12_34,8.0,crossing_pair
x_1_25,x_12_35,8.0,crossing_pair
x_1_25,x_12_36,8.0,crossing_pair
x_1_25,x_12_40,8.0,crossing_pair
x_1_25,x_12_44,8.0,crossing_pair
x_1_25,x_13_25,8.0,shared_nucleotide
x_1_25,x_13_30,8.0,crossing_pair
x_1_25,x_13_32,8.0,crossing_pair
x_1_25,x_13_37,8.0,crossing_pair
x_1_25,x_13_38,8.0,crossing_pair
x_1_25,x_13_39,8.0,crossing_pair
x_1_25,x_13_41,8.0,crossing_pair
x_1_25,x_13_42,8.0,crossing_pair
x_1_25,x_13_43,8.0,crossing_pair
x_1_25,x_14_26,8.0,crossing_pair
x_1_25,x_14_27,8.0,crossing_pair
x_1_25,x_14_28,8.0,crossing_pair
x_1_25,x_14_29,8.0,crossing_pair
x_1_25,x_14_31,8.0,crossing_pair
x_1_25,x_14_33,8.0,crossing_pair
x_1_25,x_14_34,8.0,crossing_pair
x_1_25,x_14_35,8.0,crossing_pair
x_1_25,x_14_36,8.0,crossing_pair
x_1_25,x_14_40,8.0,crossing_pair
x_1_25,x_14_44,8.0,crossing_pair
x_1_25,x_15_34,8.0,crossing_pair
x_1_25,x_15_40,8.0,crossing_pair
x_1_25,x_15_44,8.0,crossing_pair
x_1_25,x_16_25,8.0,shared_nucleotide
x_1_25,x_16_30,8.0,crossing_pair
x_1_25,x_16_32,8.0,crossing_pair
x_1_25,x_16_37,8.0,crossing_pair
x_1_25,x_16_38,8.0,crossing_pair
x_1_25,x_16_39,8.0,crossing_pair
x_1_25,x_16_41,8.0,crossing_pair
x_1_25,x_16_42,8.0,crossing_pair
x_1_25,x_16_43,8.0,crossing_pair
x_1_25,x_17_30,8.0,crossing_pair
x_1_25,x_17_37,8.0,crossing_pair
x_1_25,x_17_38,8.0,crossing_pair
x_1_25,x_17_39,8.0,crossing_pair
x_1_25,x_17_42,8.0,crossing_pair
x_1_25,x_17_43,8.0,crossing_pair
x_1_25,x_18_26,8.0,crossing_pair
x_1_25,x_18_27,8.0,crossing_pair
x_1_25,x_18_28,8.0,crossing_pair
x_1_25,x_18_29,8.0,crossing_pair
x_1_25,x_18_31,8.0,crossing_pair
x_1_25,x_18_33,8.0,crossing_pair
x_1_25,x_18_34,8.0,crossing_pair
x_1_25,x_18_35,8.0,crossing_pair
x_1_25,x_18_36,8.0,crossing_pair
x_1_25,x_18_40,8.0,crossing_pair
x_1_25,x_18_44,8.0,crossing_pair
x_1_25,x_19_26,8.0,crossing_pair
x_1_25,x_19_27,8.0,crossing_pair
x_1_25,x_19_28,8.0,crossing_pair
x_1_25,x_19_29,8.0,crossing_pair
x_1_25,x_19_31,8.0,crossing_pair
x_1_25,x_19_33,8.0,crossing_pair
x_1_25,x_19_34,8.0,crossing_pair
x_1_25,x_19_35,8.0,crossing_pair
x_1_25,x_19_36,8.0,crossing_pair
x_1_25,x_19_40,8.0,crossing_pair
x_1_25,x_19_44,8.0,crossing_pair
x_1_25,x_20_25,8.0,shared_nucleotide
x_1_25,x_20_30,8.0,crossing_pair
x_1_25,x_20_32,8.0,crossing_pair
x_1_25,x_20_37,8.0,crossing_pair
x_1_25,x_20_38,8.0,crossing_pair
x_1_25,x_20_39,8.0,crossing_pair
x_1_25,x_20_41,8.0,crossing_pair
x_1_25,x_20_42,8.0,crossing_pair
x_1_25,x_20_43,8.0,crossing_pair
x_1_25,x_21_30,8.0,crossing_pair
x_1_25,x_21_37,8.0,crossing_pair
x_1_25,x_21_38,8.0,crossing_pair
x_1_25,x_21_39,8.0,crossing_pair
x_1_25,x_21_42,8.0,crossing_pair
x_1_25,x_21_43,8.0,crossing_pair
x_1_25,x_22_30,8.0,crossing_pair
x_1_25,x_22_32,8.0,crossing_pair
x_1_25,x_22_37,8.0,crossing_pair
x_1_25,x_22_38,8.0,crossing_pair
x_1_25,x_22_39,8.0,crossing_pair
x_1_25,x_22_41,8.0,crossing_pair
x_1_25,x_22_42,8.0,crossing_pair
x_1_25,x_22_43,8.0,crossing_pair
x_1_25,x_23_30,8.0,crossing_pair
x_1_25,x_23_37,8.0,crossing_pair
x_1_25,x_23_38,8.0,crossing_pair
x_1_25,x_23_39,8.0,crossing_pair
x_1_25,x_23_42,8.0,crossing_pair
x_1_25,x_23_43,8.0,crossing_pair
x_1_25,x_24_30,8.0,crossing_pair
x_1_25,x_24_37,8.0,crossing_pair
x_1_25,x_24_38,8.0,crossing_pair
x_1_25,x_24_39,8.0,crossing_pair
x_1_25,x_24_42,8.0,crossing_pair
x_1_25,x_24_43,8.0,crossing_pair
x_1_25,x_25_34,8.0,shared_nucleotide
x_1_25,x_25_40,8.0,shared_nucleotide
x_1_25,x_25_44,8.0,shared_nucleotide
x_1_30,x_1_32,8.0,shared_nucleotide
x_1_30,x_1_37,8.0,shared_nucleotide
x_1_30,x_1_38,8.0,shared_nucleotide
x_1_30,x_1_39,8.0,shared_nucleotide
x_1_30,x_1_41,8.0,shared_nucleotide
x_1_30,x_1_42,8.0,shared_nucleotide
x_1_30,x_1_43,8.0,shared_nucleotide
x_1_30,x_2_30,8.0,shared_nucleotide
x_1_30,x_2_32,8.0,crossing_pair
x_1_30,x_2_37,8.0,crossing_pair
x_1_30,x_2_38,8.0,crossing_pair
x_1_30,x_2_39,8.0,crossing_pair
x_1_30,x_2_41,8.0,crossing_pair
x_1_30,x_2_42,8.0,crossing_pair
x_1_30,x_2_43,8.0,crossing_pair
x_1_30,x_3_30,8.0,shared_nucleotide
x_1_30,x_3_37,8.0,crossing_pair
x_1_30,x_3_38,8.0,crossing_pair
x_1_30,x_3_39,8.0,crossing_pair
x_1_30,x_3_42,8.0,crossing_pair
x_1_30,x_3_43,8.0,crossing_pair
x_1_30,x_4_30,8.0,shared_nucleotide
x_1_30,x_4_32,8.0,crossing_pair
x_1_30,x_4_37,8.0,crossing_pair
x_1_30,x_4_38,8.0,crossing_pair
x_1_30,x_4_39,8.0,crossing_pair
x_1_30,x_4_41,8.0,crossing_pair
x_1_30,x_4_42,8.0,crossing_pair
x_1_30,x_4_43,8.0,crossing_pair
x_1_30,x_5_34,8.0,crossing_pair
x_1_30,x_5_40,8.0,crossing_pair
x_1_30,x_5_44,8.0,crossing_pair
x_1_30,x_6_30,8.0,shared_nucleotide
x_1_30,x_6_37,8.0,crossing_pair
x_1_30,x_6_38,8.0,crossing_pair
x_1_30,x_6_39,8.0,crossing_pair
x_1_30,x_6_42,8.0,crossing_pair
x_1_30,x_6_43,8.0,crossing_pair
x_1_30,x_7_30,8.0,shared_nucleotide
x_1_30,x_7_37,8.0,crossing_pair
x_1_30,x_7_38,8.0,crossing_pair
x_1_30,x_7_39,8.0,crossing_pair
x_1_30,x_7_42,8.0,crossing_pair
x_1_30,x_7_43,8.0,crossing_pair
x_1_30,x_8_30,8.0,shared_nucleotide
x_1_30,x_8_37,8.0,crossing_pair
x_1_30,x_8_38,8.0,crossing_pair
x_1_30,x_8_39,8.0,crossing_pair
x_1_30,x_8_42,8.0,crossing_pair
x_1_30,x_8_43,8.0,crossing_pair
x_1_30,x_9_30,8.0,shared_nucleotide
x_1_30,x_9_37,8.0,crossing_pair
x_1_30,x_9_38,8.0,crossing_pair
x_1_30,x_9_39,8.0,crossing_pair
x_1_30,x_9_42,8.0,crossing_pair
x_1_30,x_9_43,8.0,crossing_pair
x_1_30,x_10_34,8.0,crossing_pair
x_1_30,x_10_40,8.0,crossing_pair
x_1_30,x_10_44,8.0,crossing_pair
x_1_30,x_11_31,8.0,crossing_pair
x_1_30,x_11_33,8.0,crossing_pair
x_1_30,x_11_34,8.0,crossing_pair
x_1_30,x_11_35,8.0,crossing_pair
x_1_30,x_11_36,8.0,crossing_pair
x_1_30,x_11_40,8.0,crossing_pair
x_1_30,x_11_44,8.0,crossing_pair
x_1_30,x_12_31,8.0,crossing_pair
x_1_30,x_12_33,8.0,crossing_pair
x_1_30,x_12_34,8.0,crossing_pair
x_1_30,x_12_35,8.0,crossing_pair
x_1_30,x_12_36,8.0,crossing_pair
x_1_30,x_12_40,8.0,crossing_pair
x_1_30,x_12_44,8.0,crossing_pair
x_1_30,x_13_30,8.0,shared_nucleotide
x_1_30,x_13_32,8.0,crossing_pair
x_1_30,x_13_37,8.0,crossing_pair
x_1_30,x_13_38,8.0,crossing_pair
x_1_30,x_13_39,8.0,crossing_pair
x_1_30,x_13_41,8.0,crossing_pair
x_1_30,x_13_42,8.0,crossing_pair
x_1_30,x_13_43,8.0,crossing_pair
x_1_30,x_14_31,8.0,crossing_pair
x_1_30,x_14_33,8.0,crossing_pair
x_1_30,x_14_34,8.0,crossing_pair
x_1_30,x_14_35,8.0,crossing_pair
x_1_30,x_14_36,8.0,crossing_pair
x_1_30,x_14_40,8.0,crossing_pair
x_1_30,x_14_44,8.0,crossing_pair
x_1_30,x_15_34,8.0,crossing_pair
x_1_30,x_15_40,8.0,crossing_pair
x_1_30,x_15_44,8.0,crossing_pair
x_1_30,x_16_30,8.0,shared_nucleotide
x_1_30,x_16_32,8.0,crossing_pair
x_1_30,x_16_37,8.0,crossing_pair
x_1_30,x_16_38,8.0,crossing_pair
x_1_30,x_16_39,8.0,crossing_pair
x_1_30,x_16_41,8.0,crossing_pair
x_1_30,x_16_42,8.0,crossing_pair
x_1_30,x_16_43,8.0,crossing_pair
x_1_30,x_17_30,8.0,shared_nucleotide
x_1_30,x_17_37,8.0,crossing_pair
x_1_30,x_17_38,8.0,crossing_pair
x_1_30,x_17_39,8.0,crossing_pair
x_1_30,x_17_42,8.0,crossing_pair
x_1_30,x_17_43,8.0,crossing_pair
x_1_30,x_18_31,8.0,crossing_pair
x_1_30,x_18_33,8.0,crossing_pair
x_1_30,x_18_34,8.0,crossing_pair
x_1_30,x_18_35,8.0,crossing_pair
x_1_30,x_18_36,8.0,crossing_pair
x_1_30,x_18_40,8.0,crossing_pair
x_1_30,x_18_44,8.0,crossing_pair
x_1_30,x_19_31,8.0,crossing_pair
x_1_30,x_19_33,8.0,crossing_pair
x_1_30,x_19_34,8.0,crossing_pair
x_1_30,x_19_35,8.0,crossing_pair
x_1_30,x_19_36,8.0,crossing_pair
x_1_30,x_19_40,8.0,crossing_pair
x_1_30,x_19_44,8.0,crossing_pair
x_1_30,x_20_30,8.0,shared_nucleotide
x_1_30,x_20_32,8.0,crossing_pair
x_1_30,x_20_37,8.0,crossing_pair
x_1_30,x_20_38,8.0,crossing_pair
x_1_30,x_20_39,8.0,crossing_pair
x_1_30,x_20_41,8.0,crossing_pair
x_1_30,x_20_42,8.0,crossing_pair
x_1_30,x_20_43,8.0,crossing_pair
x_1_30,x_21_30,8.0,shared_nucleotide
x_1_30,x_21_37,8.0,crossing_pair
x_1_30,x_21_38,8.0,crossing_pair
x_1_30,x_21_39,8.0,crossing_pair
x_1_30,x_21_42,8.0,crossing_pair
x_1_30,x_21_43,8.0,crossing_pair
x_1_30,x_22_30,8.0,shared_nucleotide
x_1_30,x_22_32,8.0,crossing_pair
x_1_30,x_22_37,8.0,crossing_pair
x_1_30,x_22_38,8.0,crossing_pair
x_1_30,x_22_39,8.0,crossing_pair
x_1_30,x_22_41,8.0,crossing_pair
x_1_30,x_22_42,8.0,crossing_pair
x_1_30,x_22_43,8.0,crossing_pair
x_1_30,x_23_30,8.0,shared_nucleotide
x_1_30,x_23_37,8.0,crossing_pair
x_1_30,x_23_38,8.0,crossing_pair
x_1_30,x_23_39,8.0,crossing_pair
x_1_30,x_23_42,8.0,crossing_pair
x_1_30,x_23_43,8.0,crossing_pair
x_1_30,x_24_30,8.0,shared_nucleotide
x_1_30,x_24_37,8.0,crossing_pair
x_1_30,x_24_38,8.0,crossing_pair
x_1_30,x_24_39,8.0,crossing_pair
x_1_30,x_24_42,8.0,crossing_pair
x_1_30,x_24_43,8.0,crossing_pair
x_1_30,x_25_34,8.0,crossing_pair
x_1_30,x_25_40,8.0,crossing_pair
x_1_30,x_25_44,8.0,crossing_pair
x_1_30,x_26_30,8.0,shared_nucleotide
x_1_30,x_26_37,8.0,crossing_pair
x_1_30,x_26_38,8.0,crossing_pair
x_1_30,x_26_39,8.0,crossing_pair
x_1_30,x_26_42,8.0,crossing_pair
x_1_30,x_26_43,8.0,crossing_pair
x_1_30,x_27_37,8.0,crossing_pair
x_1_30,x_27_38,8.0,crossing_pair
x_1_30,x_27_39,8.0,crossing_pair
x_1_30,x_27_42,8.0,crossing_pair
x_1_30,x_27_43,8.0,crossing_pair
x_1_30,x_28_37,8.0,crossing_pair
x_1_30,x_28_38,8.0,crossing_pair
x_1_30,x_28_39,8.0,crossing_pair
x_1_30,x_28_42,8.0,crossing_pair
x_1_30,x_28_43,8.0,crossing_pair
x_1_30,x_29_37,8.0,crossing_pair
x_1_30,x_29_38,8.0,crossing_pair
x_1_30,x_29_39,8.0,crossing_pair
x_1_30,x_29_42,8.0,crossing_pair
x_1_30,x_29_43,8.0,crossing_pair
x_1_30,x_30_34,8.0,shared_nucleotide
x_1_30,x_30_35,8.0,shared_nucleotide
x_1_30,x_30_36,8.0,shared_nucleotide
x_1_30,x_30_40,8.0,shared_nucleotide
x_1_30,x_30_44,8.0,shared_nucleotide
x_1_32,x_1_37,8.0,shared_nucleotide
x_1_32,x_1_38,8.0,shared_nucleotide
x_1_32,x_1_39,8.0,shared_nucleotide
x_1_32,x_1_41,8.0,shared_nucleotide
x_1_32,x_1_42,8.0,shared_nucleotide
x_1_32,x_1_43,8.0,shared_nucleotide
x_1_32,x_2_32,8.0,shared_nucleotide
x_1_32,x_2_37,8.0,crossing_pair
x_1_32,x_2_38,8.0,crossing_pair
x_1_32,x_2_39,8.0,crossing_pair
x_1_32,x_2_41,8.0,crossing_pair
x_1_32,x_2_42,8.0,crossing_pair
x_1_32,x_2_43,8.0,crossing_pair
x_1_32,x_3_37,8.0,crossing_pair
x_1_32,x_3_38,8.0,crossing_pair
x_1_32,x_3_39,8.0,crossing_pair
x_1_32,x_3_42,8.0,crossing_pair
x_1_32,x_3_43,8.0,crossing_pair
x_1_32,x_4_32,8.0,shared_nucleotide
x_1_32,x_4_37,8.0,crossing_pair
x_1_32,x_4_38,8.0,crossing_pair
x_1_32,x_4_39,8.0,crossing_pair
x_1_32,x_4_41,8.0,crossing_pair
x_1_32,x_4_42,8.0,crossing_pair
x_1_32,x_4_43,8.0,crossing_pair
x_1_32,x_5_34,8.0,crossing_pair
x_1_32,x_5_40,8.0,crossing_pair
x_1_32,x_5_44,8.0,crossing_pair
x_1_32,x_6_37,8.0,crossing_pair
x_1_32,x_6_38,8.0,crossing_pair
x_1_32,x_6_39,8.0,crossing_pair
x_1_32,x_6_42,8.0,crossing_pair
x_1_32,x_6_43,8.0,crossing_pair
x_1_32,x_7_37,8.0,crossing_pair
x_1_32,x_7_38,8.0,crossing_pair
x_1_32,x_7_39,8.0,crossing_pair
x_1_32,x_7_42,8.0,crossing_pair
x_1_32,x_7_43,8.0,crossing_pair
x_1_32,x_8_37,8.0,crossing_pair
x_1_32,x_8_38,8.0,crossing_pair
x_1_32,x_8_39,8.0,crossing_pair
x_1_32,x_8_42,8.0,crossing_pair
x_1_32,x_8_43,8.0,crossing_pair
x_1_32,x_9_37,8.0,crossing_pair
x_1_32,x_9_38,8.0,crossing_pair
x_1_32,x_9_39,8.0,crossing_pair
x_1_32,x_9_42,8.0,crossing_pair
x_1_32,x_9_43,8.0,crossing_pair
x_1_32,x_10_34,8.0,crossing_pair
x_1_32,x_10_40,8.0,crossing_pair
x_1_32,x_10_44,8.0,crossing_pair
x_1_32,x_11_33,8.0,crossing_pair
x_1_32,x_11_34,8.0,crossing_pair
x_1_32,x_11_35,8.0,crossing_pair
x_1_32,x_11_36,8.0,crossing_pair
x_1_32,x_11_40,8.0,crossing_pair
x_1_32,x_11_44,8.0,crossing_pair
x_1_32,x_12_33,8.0,crossing_pair
x_1_32,x_12_34,8.0,crossing_pair
x_1_32,x_12_35,8.0,crossing_pair
x_1_32,x_12_36,8.0,crossing_pair
x_1_32,x_12_40,8.0,crossing_pair
x_1_32,x_12_44,8.0,crossing_pair
x_1_32,x_13_32,8.0,shared_nucleotide
x_1_32,x_13_37,8.0,crossing_pair
x_1_32,x_13_38,8.0,crossing_pair
x_1_32,x_13_39,8.0,crossing_pair
x_1_32,x_13_41,8.0,crossing_pair
x_1_32,x_13_42,8.0,crossing_pair
x_1_32,x_13_43,8.0,crossing_pair
x_1_32,x_14_33,8.0,crossing_pair
x_1_32,x_14_34,8.0,crossing_pair
x_1_32,x_14_35,8.0,crossing_pair
x_1_32,x_14_36,8.0,crossing_pair
x_1_32,x_14_40,8.0,crossing_pair
x_1_32,x_14_44,8.0,crossing_pair
x_1_32,x_15_34,8.0,crossing_pair
x_1_32,x_15_40,8.0,crossing_pair
x_1_32,x_15_44,8.0,crossing_pair
x_1_32,x_16_32,8.0,shared_nucleotide
x_1_32,x_16_37,8.0,crossing_pair
x_1_32,x_16_38,8.0,crossing_pair
x_1_32,x_16_39,8.0,crossing_pair
x_1_32,x_16_41,8.0,crossing_pair
x_1_32,x_16_42,8.0,crossing_pair
x_1_32,x_16_43,8.0,crossing_pair
x_1_32,x_17_37,8.0,crossing_pair
x_1_32,x_17_38,8.0,crossing_pair
x_1_32,x_17_39,8.0,crossing_pair
x_1_32,x_17_42,8.0,crossing_pair
x_1_32,x_17_43,8.0,crossing_pair
x_1_32,x_18_33,8.0,crossing_pair
x_1_32,x_18_34,8.0,crossing_pair
x_1_32,x_18_35,8.0,crossing_pair
x_1_32,x_18_36,8.0,crossing_pair
x_1_32,x_18_40,8.0,crossing_pair
x_1_32,x_18_44,8.0,crossing_pair
x_1_32,x_19_33,8.0,crossing_pair
x_1_32,x_19_34,8.0,crossing_pair
x_1_32,x_19_35,8.0,crossing_pair
x_1_32,x_19_36,8.0,crossing_pair
x_1_32,x_19_40,8.0,crossing_pair
x_1_32,x_19_44,8.0,crossing_pair
x_1_32,x_20_32,8.0,shared_nucleotide
x_1_32,x_20_37,8.0,crossing_pair
x_1_32,x_20_38,8.0,crossing_pair
x_1_32,x_20_39,8.0,crossing_pair
x_1_32,x_20_41,8.0,crossing_pair
x_1_32,x_20_42,8.0,crossing_pair
x_1_32,x_20_43,8.0,crossing_pair
x_1_32,x_21_37,8.0,crossing_pair
x_1_32,x_21_38,8.0,crossing_pair
x_1_32,x_21_39,8.0,crossing_pair
x_1_32,x_21_42,8.0,crossing_pair
x_1_32,x_21_43,8.0,crossing_pair
x_1_32,x_22_32,8.0,shared_nucleotide
x_1_32,x_22_37,8.0,crossing_pair
x_1_32,x_22_38,8.0,crossing_pair
x_1_32,x_22_39,8.0,crossing_pair
x_1_32,x_22_41,8.0,crossing_pair
x_1_32,x_22_42,8.0,crossing_pair
x_1_32,x_22_43,8.0,crossing_pair
x_1_32,x_23_37,8.0,crossing_pair
x_1_32,x_23_38,8.0,crossing_pair
x_1_32,x_23_39,8.0,crossing_pair
x_1_32,x_23_42,8.0,crossing_pair
x_1_32,x_23_43,8.0,crossing_pair
x_1_32,x_24_37,8.0,crossing_pair
x_1_32,x_24_38,8.0,crossing_pair
x_1_32,x_24_39,8.0,crossing_pair
x_1_32,x_24_42,8.0,crossing_pair
x_1_32,x_24_43,8.0,crossing_pair
x_1_32,x_25_34,8.0,crossing_pair
x_1_32,x_25_40,8.0,crossing_pair
x_1_32,x_25_44,8.0,crossing_pair
x_1_32,x_26_37,8.0,crossing_pair
x_1_32,x_26_38,8.0,crossing_pair
x_1_32,x_26_39,8.0,crossing_pair
x_1_32,x_26_42,8.0,crossing_pair
x_1_32,x_26_43,8.0,crossing_pair
x_1_32,x_27_37,8.0,crossing_pair
x_1_32,x_27_38,8.0,crossing_pair
x_1_32,x_27_39,8.0,crossing_pair
x_1_32,x_27_42,8.0,crossing_pair
x_1_32,x_27_43,8.0,crossing_pair
x_1_32,x_28_37,8.0,crossing_pair
x_1_32,x_28_38,8.0,crossing_pair
x_1_32,x_28_39,8.0,crossing_pair
x_1_32,x_28_42,8.0,crossing_pair
x_1_32,x_28_43,8.0,crossing_pair
x_1_32,x_29_37,8.0,crossing_pair
x_1_32,x_29_38,8.0,crossing_pair
x_1_32,x_29_39,8.0,crossing_pair
x_1_32,x_29_42,8.0,crossing_pair
x_1_32,x_29_43,8.0,crossing_pair
x_1_32,x_30_34,8.0,crossing_pair
x_1_32,x_30_35,8.0,crossing_pair
x_1_32,x_30_36,8.0,crossing_pair
x_1_32,x_30_40,8.0,crossing_pair
x_1_32,x_30_44,8.0,crossing_pair
x_1_32,x_31_37,8.0,crossing_pair
x_1_32,x_31_38,8.0,crossing_pair
x_1_32,x_31_39,8.0,crossing_pair
x_1_32,x_31_42,8.0,crossing_pair
x_1_32,x_31_43,8.0,crossing_pair
x_1_32,x_32_40,8.0,shared_nucleotide
x_1_32,x_32_44,8.0,shared_nucleotide
x_1_37,x_1_38,8.0,shared_nucleotide
x_1_37,x_1_39,8.0,shared_nucleotide
x_1_37,x_1_41,8.0,shared_nucleotide
x_1_37,x_1_42,8.0,shared_nucleotide
x_1_37,x_1_43,8.0,shared_nucleotide
x_1_37,x_2_37,8.0,shared_nucleotide
x_1_37,x_2_38,8.0,crossing_pair
x_1_37,x_2_39,8.0,crossing_pair
x_1_37,x_2_41,8.0,crossing_pair
x_1_37,x_2_42,8.0,crossing_pair
x_1_37,x_2_43,8.0,crossing_pair
x_1_37,x_3_37,8.0,shared_nucleotide
x_1_37,x_3_38,8.0,crossing_pair
x_1_37,x_3_39,8.0,crossing_pair
x_1_37,x_3_42,8.0,crossing_pair
x_1_37,x_3_43,8.0,crossing_pair
x_1_37,x_4_37,8.0,shared_nucleotide
x_1_37,x_4_38,8.0,crossing_pair
x_1_37,x_4_39,8.0,crossing_pair
x_1_37,x_4_41,8.0,crossing_pair
x_1_37,x_4_42,8.0,crossing_pair
x_1_37,x_4_43,8.0,crossing_pair
x_1_37,x_5_40,8.0,crossing_pair
x_1_37,x_5_44,8.0,crossing_pair
x_1_37,x_6_37,8.0,shared_nucleotide
x_1_37,x_6_38,8.0,crossing_pair
x_1_37,x_6_39,8.0,crossing_pair
x_1_37,x_6_42,8.0,crossing_pair
x_1_37,x_6_43,8.0,crossing_pair
x_1_37,x_7_37,8.0,shared_nucleotide
x_1_37,x_7_38,8.0,crossing_pair
x_1_37,x_7_39,8.0,crossing_pair
x_1_37,x_7_42,8.0,crossing_pair
x_1_37,x_7_43,8.0,crossing_pair
x_1_37,x_8_37,8.0,shared_nucleotide
x_1_37,x_8_38,8.0,crossing_pair
x_1_37,x_8_39,8.0,crossing_pair
x_1_37,x_8_42,8.0,crossing_pair
x_1_37,x_8_43,8.0,crossing_pair
x_1_37,x_9_37,8.0,shared_nucleotide
x_1_37,x_9_38,8.0,crossing_pair
x_1_37,x_9_39,8.0,crossing_pair
x_1_37,x_9_42,8.0,crossing_pair
x_1_37,x_9_43,8.0,crossing_pair
x_1_37,x_10_40,8.0,crossing_pair
x_1_37,x_10_44,8.0,crossing_pair
x_1_37,x_11_40,8.0,crossing_pair
x_1_37,x_11_44,8.0,crossing_pair
x_1_37,x_12_40,8.0,crossing_pair
x_1_37,x_12_44,8.0,crossing_pair
x_1_37,x_13_37,8.0,shared_nucleotide
x_1_37,x_13_38,8.0,crossing_pair
x_1_37,x_13_39,8.0,crossing_pair
x_1_37,x_13_41,8.0,crossing_pair
x_1_37,x_13_42,8.0,crossing_pair
x_1_37,x_13_43,8.0,crossing_pair
x_1_37,x_14_40,8.0,crossing_pair
x_1_37,x_14_44,8.0,crossing_pair
x_1_37,x_15_40,8.0,crossing_pair
x_1_37,x_15_44,8.0,crossing_pair
x_1_37,x_16_37,8.0,shared_nucleotide
x_1_37,x_16_38,8.0,crossing_pair
x_1_37,x_16_39,8.0,crossing_pair
x_1_37,x_16_41,8.0,crossing_pair
x_1_37,x_16_42,8.0,crossing_pair
x_1_37,x_16_43,8.0,crossing_pair
x_1_37,x_17_37,8.0,shared_nucleotide
x_1_37,x_17_38,8.0,crossing_pair
x_1_37,x_17_39,8.0,crossing_pair
x_1_37,x_17_42,8.0,crossing_pair
x_1_37,x_17_43,8.0,crossing_pair
x_1_37,x_18_40,8.0,crossing_pair
x_1_37,x_18_44,8.0,crossing_pair
x_1_37,x_19_40,8.0,crossing_pair
x_1_37,x_19_44,8.0,crossing_pair
x_1_37,x_20_37,8.0,shared_nucleotide
x_1_37,x_20_38,8.0,crossing_pair
x_1_37,x_20_39,8.0,crossing_pair
x_1_37,x_20_41,8.0,crossing_pair
x_1_37,x_20_42,8.0,crossing_pair
x_1_37,x_20_43,8.0,crossing_pair
x_1_37,x_21_37,8.0,shared_nucleotide
x_1_37,x_21_38,8.0,crossing_pair
x_1_37,x_21_39,8.0,crossing_pair
x_1_37,x_21_42,8.0,crossing_pair
x_1_37,x_21_43,8.0,crossing_pair
x_1_37,x_22_37,8.0,shared_nucleotide
x_1_37,x_22_38,8.0,crossing_pair
x_1_37,x_22_39,8.0,crossing_pair
x_1_37,x_22_41,8.0,crossing_pair
x_1_37,x_22_42,8.0,crossing_pair
x_1_37,x_22_43,8.0,crossing_pair
x_1_37,x_23_37,8.0,shared_nucleotide
x_1_37,x_23_38,8.0,crossing_pair
x_1_37,x_23_39,8.0,crossing_pair
x_1_37,x_23_42,8.0,crossing_pair
x_1_37,x_23_43,8.0,crossing_pair
x_1_37,x_24_37,8.0,shared_nucleotide
x_1_37,x_24_38,8.0,crossing_pair
x_1_37,x_24_39,8.0,crossing_pair
x_1_37,x_24_42,8.0,crossing_pair
x_1_37,x_24_43,8.0,crossing_pair
x_1_37,x_25_40,8.0,crossing_pair
x_1_37,x_25_44,8.0,crossing_pair
x_1_37,x_26_37,8.0,shared_nucleotide
x_1_37,x_26_38,8.0,crossing_pair
x_1_37,x_26_39,8.0,crossing_pair
x_1_37,x_26_42,8.0,crossing_pair
x_1_37,x_26_43,8.0,crossing_pair
x_1_37,x_27_37,8.0,shared_nucleotide
x_1_37,x_27_38,8.0,crossing_pair
x_1_37,x_27_39,8.0,crossing_pair
x_1_37,x_27_42,8.0,crossing_pair
x_1_37,x_27_43,8.0,crossing_pair
x_1_37,x_28_37,8.0,shared_nucleotide
x_1_37,x_28_38,8.0,crossing_pair
x_1_37,x_28_39,8.0,crossing_pair
x_1_37,x_28_42,8.0,crossing_pair
x_1_37,x_28_43,8.0,crossing_pair
x_1_37,x_29_37,8.0,shared_nucleotide
x_1_37,x_29_38,8.0,crossing_pair
x_1_37,x_29_39,8.0,crossing_pair
x_1_37,x_29_42,8.0,crossing_pair
x_1_37,x_29_43,8.0,crossing_pair
x_1_37,x_30_40,8.0,crossing_pair
x_1_37,x_30_44,8.0,crossing_pair
x_1_37,x_31_37,8.0,shared_nucleotide
x_1_37,x_31_38,8.0,crossing_pair
x_1_37,x_31_39,8.0,crossing_pair
x_1_37,x_31_42,8.0,crossing_pair
x_1_37,x_31_43,8.0,crossing_pair
x_1_37,x_32_40,8.0,crossing_pair
x_1_37,x_32_44,8.0,crossing_pair
x_1_37,x_33_37,8.0,shared_nucleotide
x_1_37,x_33_38,8.0,crossing_pair
x_1_37,x_33_39,8.0,crossing_pair
x_1_37,x_33_42,8.0,crossing_pair
x_1_37,x_33_43,8.0,crossing_pair
x_1_37,x_34_38,8.0,crossing_pair
x_1_37,x_34_39,8.0,crossing_pair
x_1_37,x_34_41,8.0,crossing_pair
x_1_37,x_34_42,8.0,crossing_pair
x_1_37,x_34_43,8.0,crossing_pair
x_1_37,x_35_39,8.0,crossing_pair
x_1_37,x_35_42,8.0,crossing_pair
x_1_37,x_35_43,8.0,crossing_pair
x_1_37,x_36_42,8.0,crossing_pair
x_1_37,x_36_43,8.0,crossing_pair
x_1_37,x_37_44,8.0,shared_nucleotide
x_1_38,x_1_39,8.0,shared_nucleotide
x_1_38,x_1_41,8.0,shared_nucleotide
x_1_38,x_1_42,8.0,shared_nucleotide
x_1_38,x_1_43,8.0,shared_nucleotide
x_1_38,x_2_38,8.0,shared_nucleotide
x_1_38,x_2_39,8.0,crossing_pair
x_1_38,x_2_41,8.0,crossing_pair
x_1_38,x_2_42,8.0,crossing_pair
x_1_38,x_2_43,8.0,crossing_pair
x_1_38,x_3_38,8.0,shared_nucleotide
x_1_38,x_3_39,8.0,crossing_pair
x_1_38,x_3_42,8.0,crossing_pair
x_1_38,x_3_43,8.0,crossing_pair
x_1_38,x_4_38,8.0,shared_nucleotide
x_1_38,x_4_39,8.0,crossing_pair
x_1_38,x_4_41,8.0,crossing_pair
x_1_38,x_4_42,8.0,crossing_pair
x_1_38,x_4_43,8.0,crossing_pair
x_1_38,x_5_40,8.0,crossing_pair
x_1_38,x_5_44,8.0,crossing_pair
x_1_38,x_6_38,8.0,shared_nucleotide
x_1_38,x_6_39,8.0,crossing_pair
x_1_38,x_6_42,8.0,crossing_pair
x_1_38,x_6_43,8.0,crossing_pair
x_1_38,x_7_38,8.0,shared_nucleotide
x_1_38,x_7_39,8.0,crossing_pair
x_1_38,x_7_42,8.0,crossing_pair
x_1_38,x_7_43,8.0,crossing_pair
x_1_38,x_8_38,8.0,shared_nucleotide
x_1_38,x_8_39,8.0,crossing_pair
x_1_38,x_8_42,8.0,crossing_pair
x_1_38,x_8_43,8.0,crossing_pair
x_1_38,x_9_38,8.0,shared_nucleotide
x_1_38,x_9_39,8.0,crossing_pair
x_1_38,x_9_42,8.0,crossing_pair
x_1_38,x_9_43,8.0,crossing_pair
x_1_38,x_10_40,8.0,crossing_pair
x_1_38,x_10_44,8.0,crossing_pair
x_1_38,x_11_40,8.0,crossing_pair
x_1_38,x_11_44,8.0,crossing_pair
x_1_38,x_12_40,8.0,crossing_pair
x_1_38,x_12_44,8.0,crossing_pair
x_1_38,x_13_38,8.0,shared_nucleotide
x_1_38,x_13_39,8.0,crossing_pair
x_1_38,x_13_41,8.0,crossing_pair
x_1_38,x_13_42,8.0,crossing_pair
x_1_38,x_13_43,8.0,crossing_pair
x_1_38,x_14_40,8.0,crossing_pair
x_1_38,x_14_44,8.0,crossing_pair
x_1_38,x_15_40,8.0,crossing_pair
x_1_38,x_15_44,8.0,crossing_pair
x_1_38,x_16_38,8.0,shared_nucleotide
x_1_38,x_16_39,8.0,crossing_pair
x_1_38,x_16_41,8.0,crossing_pair
x_1_38,x_16_42,8.0,crossing_pair
x_1_38,x_16_43,8.0,crossing_pair
x_1_38,x_17_38,8.0,shared_nucleotide
x_1_38,x_17_39,8.0,crossing_pair
x_1_38,x_17_42,8.0,crossing_pair
x_1_38,x_17_43,8.0,crossing_pair
x_1_38,x_18_40,8.0,crossing_pair
x_1_38,x_18_44,8.0,crossing_pair
x_1_38,x_19_40,8.0,crossing_pair
x_1_38,x_19_44,8.0,crossing_pair
x_1_38,x_20_38,8.0,shared_nucleotide
x_1_38,x_20_39,8.0,crossing_pair
x_1_38,x_20_41,8.0,crossing_pair
x_1_38,x_20_42,8.0,crossing_pair
x_1_38,x_20_43,8.0,crossing_pair
x_1_38,x_21_38,8.0,shared_nucleotide
x_1_38,x_21_39,8.0,crossing_pair
x_1_38,x_21_42,8.0,crossing_pair
x_1_38,x_21_43,8.0,crossing_pair
x_1_38,x_22_38,8.0,shared_nucleotide
x_1_38,x_22_39,8.0,crossing_pair
x_1_38,x_22_41,8.0,crossing_pair
x_1_38,x_22_42,8.0,crossing_pair
x_1_38,x_22_43,8.0,crossing_pair
x_1_38,x_23_38,8.0,shared_nucleotide
x_1_38,x_23_39,8.0,crossing_pair
x_1_38,x_23_42,8.0,crossing_pair
x_1_38,x_23_43,8.0,crossing_pair
x_1_38,x_24_38,8.0,shared_nucleotide
x_1_38,x_24_39,8.0,crossing_pair
x_1_38,x_24_42,8.0,crossing_pair
x_1_38,x_24_43,8.0,crossing_pair
x_1_38,x_25_40,8.0,crossing_pair
x_1_38,x_25_44,8.0,crossing_pair
x_1_38,x_26_38,8.0,shared_nucleotide
x_1_38,x_26_39,8.0,crossing_pair
x_1_38,x_26_42,8.0,crossing_pair
x_1_38,x_26_43,8.0,crossing_pair
x_1_38,x_27_38,8.0,shared_nucleotide
x_1_38,x_27_39,8.0,crossing_pair
x_1_38,x_27_42,8.0,crossing_pair
x_1_38,x_27_43,8.0,crossing_pair
x_1_38,x_28_38,8.0,shared_nucleotide
x_1_38,x_28_39,8.0,crossing_pair
x_1_38,x_28_42,8.0,crossing_pair
x_1_38,x_28_43,8.0,crossing_pair
x_1_38,x_29_38,8.0,shared_nucleotide
x_1_38,x_29_39,8.0,crossing_pair
x_1_38,x_29_42,8.0,crossing_pair
x_1_38,x_29_43,8.0,crossing_pair
x_1_38,x_30_40,8.0,crossing_pair
x_1_38,x_30_44,8.0,crossing_pair
x_1_38,x_31_38,8.0,shared_nucleotide
x_1_38,x_31_39,8.0,crossing_pair
x_1_38,x_31_42,8.0,crossing_pair
x_1_38,x_31_43,8.0,crossing_pair
x_1_38,x_32_40,8.0,crossing_pair
x_1_38,x_32_44,8.0,crossing_pair
x_1_38,x_33_38,8.0,shared_nucleotide
x_1_38,x_33_39,8.0,crossing_pair
x_1_38,x_33_42,8.0,crossing_pair
x_1_38,x_33_43,8.0,crossing_pair
x_1_38,x_34_38,8.0,shared_nucleotide
x_1_38,x_34_39,8.0,crossing_pair
x_1_38,x_34_41,8.0,crossing_pair
x_1_38,x_34_42,8.0,crossing_pair
x_1_38,x_34_43,8.0,crossing_pair
x_1_38,x_35_39,8.0,crossing_pair
x_1_38,x_35_42,8.0,crossing_pair
x_1_38,x_35_43,8.0,crossing_pair
x_1_38,x_36_42,8.0,crossing_pair
x_1_38,x_36_43,8.0,crossing_pair
x_1_38,x_37_44,8.0,crossing_pair
x_1_38,x_38_44,8.0,shared_nucleotide
x_1_39,x_1_41,8.0,shared_nucleotide
x_1_39,x_1_42,8.0,shared_nucleotide
x_1_39,x_1_43,8.0,shared_nucleotide
x_1_39,x_2_39,8.0,shared_nucleotide
x_1_39,x_2_41,8.0,crossing_pair
x_1_39,x_2_42,8.0,crossing_pair
x_1_39,x_2_43,8.0,crossing_pair
x_1_39,x_3_39,8.0,shared_nucleotide
x_1_39,x_3_42,8.0,crossing_pair
x_1_39,x_3_43,8.0,crossing_pair
x_1_39,x_4_39,8.0,shared_nucleotide
x_1_39,x_4_41,8.0,crossing_pair
x_1_39,x_4_42,8.0,crossing_pair
x_1_39,x_4_43,8.0,crossing_pair
x_1_39,x_5_40,8.0,crossing_pair
x_1_39,x_5_44,8.0,crossing_pair
x_1_39,x_6_39,8.0,shared_nucleotide
x_1_39,x_6_42,8.0,crossing_pair
x_1_39,x_6_43,8.0,crossing_pair
x_1_39,x_7_39,8.0,shared_nucleotide
x_1_39,x_7_42,8.0,crossing_pair
x_1_39,x_7_43,8.0,crossing_pair
x_1_39,x_8_39,8.0,shared_nucleotide
x_1_39,x_8_42,8.0,crossing_pair
x_1_39,x_8_43,8.0,crossing_pair
x_1_39,x_9_39,8.0,shared_nucleotide
x_1_39,x_9_42,8.0,crossing_pair
x_1_39,x_9_43,8.0,crossing_pair
x_1_39,x_10_40,8.0,crossing_pair
x_1_39,x_10_44,8.0,crossing_pair
x_1_39,x_11_40,8.0,crossing_pair
x_1_39,x_11_44,8.0,crossing_pair
x_1_39,x_12_40,8.0,crossing_pair
x_1_39,x_12_44,8.0,crossing_pair
x_1_39,x_13_39,8.0,shared_nucleotide
x_1_39,x_13_41,8.0,crossing_pair
x_1_39,x_13_42,8.0,crossing_pair
x_1_39,x_13_43,8.0,crossing_pair
x_1_39,x_14_40,8.0,crossing_pair
x_1_39,x_14_44,8.0,crossing_pair
x_1_39,x_15_40,8.0,crossing_pair
x_1_39,x_15_44,8.0,crossing_pair
x_1_39,x_16_39,8.0,shared_nucleotide
x_1_39,x_16_41,8.0,crossing_pair
x_1_39,x_16_42,8.0,crossing_pair
x_1_39,x_16_43,8.0,crossing_pair
x_1_39,x_17_39,8.0,shared_nucleotide
x_1_39,x_17_42,8.0,crossing_pair
x_1_39,x_17_43,8.0,crossing_pair
x_1_39,x_18_40,8.0,crossing_pair
x_1_39,x_18_44,8.0,crossing_pair
x_1_39,x_19_40,8.0,crossing_pair
x_1_39,x_19_44,8.0,crossing_pair
x_1_39,x_20_39,8.0,shared_nucleotide
x_1_39,x_20_41,8.0,crossing_pair
x_1_39,x_20_42,8.0,crossing_pair
x_1_39,x_20_43,8.0,crossing_pair
x_1_39,x_21_39,8.0,shared_nucleotide
x_1_39,x_21_42,8.0,crossing_pair
x_1_39,x_21_43,8.0,crossing_pair
x_1_39,x_22_39,8.0,shared_nucleotide
x_1_39,x_22_41,8.0,crossing_pair
x_1_39,x_22_42,8.0,crossing_pair
x_1_39,x_22_43,8.0,crossing_pair
x_1_39,x_23_39,8.0,shared_nucleotide
x_1_39,x_23_42,8.0,crossing_pair
x_1_39,x_23_43,8.0,crossing_pair
x_1_39,x_24_39,8.0,shared_nucleotide
x_1_39,x_24_42,8.0,crossing_pair
x_1_39,x_24_43,8.0,crossing_pair
x_1_39,x_25_40,8.0,crossing_pair
x_1_39,x_25_44,8.0,crossing_pair
x_1_39,x_26_39,8.0,shared_nucleotide
x_1_39,x_26_42,8.0,crossing_pair
x_1_39,x_26_43,8.0,crossing_pair
x_1_39,x_27_39,8.0,shared_nucleotide
x_1_39,x_27_42,8.0,crossing_pair
x_1_39,x_27_43,8.0,crossing_pair
x_1_39,x_28_39,8.0,shared_nucleotide
x_1_39,x_28_42,8.0,crossing_pair
x_1_39,x_28_43,8.0,crossing_pair
x_1_39,x_29_39,8.0,shared_nucleotide
x_1_39,x_29_42,8.0,crossing_pair
x_1_39,x_29_43,8.0,crossing_pair
x_1_39,x_30_40,8.0,crossing_pair
x_1_39,x_30_44,8.0,crossing_pair
x_1_39,x_31_39,8.0,shared_nucleotide
x_1_39,x_31_42,8.0,crossing_pair
x_1_39,x_31_43,8.0,crossing_pair
x_1_39,x_32_40,8.0,crossing_pair
x_1_39,x_32_44,8.0,crossing_pair
x_1_39,x_33_39,8.0,shared_nucleotide
x_1_39,x_33_42,8.0,crossing_pair
x_1_39,x_33_43,8.0,crossing_pair
x_1_39,x_34_39,8.0,shared_nucleotide
x_1_39,x_34_41,8.0,crossing_pair
x_1_39,x_34_42,8.0,crossing_pair
x_1_39,x_34_43,8.0,crossing_pair
x_1_39,x_35_39,8.0,shared_nucleotide
x_1_39,x_35_42,8.0,crossing_pair
x_1_39,x_35_43,8.0,crossing_pair
x_1_39,x_36_42,8.0,crossing_pair
x_1_39,x_36_43,8.0,crossing_pair
x_1_39,x_37_44,8.0,crossing_pair
x_1_39,x_38_44,8.0,crossing_pair
x_1_39,x_39_44,8.0,shared_nucleotide
x_1_41,x_1_42,8.0,shared_nucleotide
x_1_41,x_1_43,8.0,shared_nucleotide
x_1_41,x_2_41,8.0,shared_nucleotide
x_1_41,x_2_42,8.0,crossing_pair
x_1_41,x_2_43,8.0,crossing_pair
x_1_41,x_3_42,8.0,crossing_pair
x_1_41,x_3_43,8.0,crossing_pair
x_1_41,x_4_41,8.0,shared_nucleotide
x_1_41,x_4_42,8.0,crossing_pair
x_1_41,x_4_43,8.0,crossing_pair
x_1_41,x_5_44,8.0,crossing_pair
x_1_41,x_6_42,8.0,crossing_pair
x_1_41,x_6_43,8.0,crossing_pair
x_1_41,x_7_42,8.0,crossing_pair
x_1_41,x_7_43,8.0,crossing_pair
x_1_41,x_8_42,8.0,crossing_pair
x_1_41,x_8_43,8.0,crossing_pair
x_1_41,x_9_42,8.0,crossing_pair
x_1_41,x_9_43,8.0,crossing_pair
x_1_41,x_10_44,8.0,crossing_pair
x_1_41,x_11_44,8.0,crossing_pair
x_1_41,x_12_44,8.0,crossing_pair
x_1_41,x_13_41,8.0,shared_nucleotide
x_1_41,x_13_42,8.0,crossing_pair
x_1_41,x_13_43,8.0,crossing_pair
x_1_41,x_14_44,8.0,crossing_pair
x_1_41,x_15_44,8.0,crossing_pair
x_1_41,x_16_41,8.0,shared_nucleotide
x_1_41,x_16_42,8.0,crossing_pair
x_1_41,x_16_43,8.0,crossing_pair
x_1_41,x_17_42,8.0,crossing_pair
x_1_41,x_17_43,8.0,crossing_pair
x_1_41,x_18_44,8.0,crossing_pair
x_1_41,x_19_44,8.0,crossing_pair
x_1_41,x_20_41,8.0,shared_nucleotide
x_1_41,x_20_42,8.0,crossing_pair
x_1_41,x_20_43,8.0,crossing_pair
x_1_41,x_21_42,8.0,crossing_pair
x_1_41,x_21_43,8.0,crossing_pair
x_1_41,x_22_41,8.0,shared_nucleotide
x_1_41,x_22_42,8.0,crossing_pair
x_1_41,x_22_43,8.0,crossing_pair
x_1_41,x_23_42,8.0,crossing_pair
x_1_41,x_23_43,8.0,crossing_pair
x_1_41,x_24_42,8.0,crossing_pair
x_1_41,x_24_43,8.0,crossing_pair
x_1_41,x_25_44,8.0,crossing_pair
x_1_41,x_26_42,8.0,crossing_pair
x_1_41,x_26_43,8.0,crossing_pair
x_1_41,x_27_42,8.0,crossing_pair
x_1_41,x_27_43,8.0,crossing_pair
x_1_41,x_28_42,8.0,crossing_pair
x_1_41,x_28_43,8.0,crossing_pair
x_1_41,x_29_42,8.0,crossing_pair
x_1_41,x_29_43,8.0,crossing_pair
x_1_41,x_30_44,8.0,crossing_pair
x_1_41,x_31_42,8.0,crossing_pair
x_1_41,x_31_43,8.0,crossing_pair
x_1_41,x_32_44,8.0,crossing_pair
x_1_41,x_33_42,8.0,crossing_pair
x_1_41,x_33_43,8.0,crossing_pair
x_1_41,x_34_41,8.0,shared_nucleotide
x_1_41,x_34_42,8.0,crossing_pair
x_1_41,x_34_43,8.0,crossing_pair
x_1_41,x_35_42,8.0,crossing_pair
x_1_41,x_35_43,8.0,crossing_pair
x_1_41,x_36_42,8.0,crossing_pair
x_1_41,x_36_43,8.0,crossing_pair
x_1_41,x_37_44,8.0,crossing_pair
x_1_41,x_38_44,8.0,crossing_pair
x_1_41,x_39_44,8.0,crossing_pair
x_1_42,x_1_43,8.0,shared_nucleotide
x_1_42,x_2_42,8.0,shared_nucleotide
x_1_42,x_2_43,8.0,crossing_pair
x_1_42,x_3_42,8.0,shared_nucleotide
x_1_42,x_3_43,8.0,crossing_pair
x_1_42,x_4_42,8.0,shared_nucleotide
x_1_42,x_4_43,8.0,crossing_pair
x_1_42,x_5_44,8.0,crossing_pair
x_1_42,x_6_42,8.0,shared_nucleotide
x_1_42,x_6_43,8.0,crossing_pair
x_1_42,x_7_42,8.0,shared_nucleotide
x_1_42,x_7_43,8.0,crossing_pair
x_1_42,x_8_42,8.0,shared_nucleotide
x_1_42,x_8_43,8.0,crossing_pair
x_1_42,x_9_42,8.0,shared_nucleotide
x_1_42,x_9_43,8.0,crossing_pair
x_1_42,x_10_44,8.0,crossing_pair
x_1_42,x_11_44,8.0,crossing_pair
x_1_42,x_12_44,8.0,crossing_pair
x_1_42,x_13_42,8.0,shared_nucleotide
x_1_42,x_13_43,8.0,crossing_pair
x_1_42,x_14_44,8.0,crossing_pair
x_1_42,x_15_44,8.0,crossing_pair
x_1_42,x_16_42,8.0,shared_nucleotide
x_1_42,x_16_43,8.0,crossing_pair
x_1_42,x_17_42,8.0,shared_nucleotide
x_1_42,x_17_43,8.0,crossing_pair
x_1_42,x_18_44,8.0,crossing_pair
x_1_42,x_19_44,8.0,crossing_pair
x_1_42,x_20_42,8.0,shared_nucleotide
x_1_42,x_20_43,8.0,crossing_pair
x_1_42,x_21_42,8.0,shared_nucleotide
x_1_42,x_21_43,8.0,crossing_pair
x_1_42,x_22_42,8.0,shared_nucleotide
x_1_42,x_22_43,8.0,crossing_pair
x_1_42,x_23_42,8.0,shared_nucleotide
x_1_42,x_23_43,8.0,crossing_pair
x_1_42,x_24_42,8.0,shared_nucleotide
x_1_42,x_24_43,8.0,crossing_pair
x_1_42,x_25_44,8.0,crossing_pair
x_1_42,x_26_42,8.0,shared_nucleotide
x_1_42,x_26_43,8.0,crossing_pair
x_1_42,x_27_42,8.0,shared_nucleotide
x_1_42,x_27_43,8.0,crossing_pair
x_1_42,x_28_42,8.0,shared_nucleotide
x_1_42,x_28_43,8.0,crossing_pair
x_1_42,x_29_42,8.0,shared_nucleotide
x_1_42,x_29_43,8.0,crossing_pair
x_1_42,x_30_44,8.0,crossing_pair
x_1_42,x_31_42,8.0,shared_nucleotide
x_1_42,x_31_43,8.0,crossing_pair
x_1_42,x_32_44,8.0,crossing_pair
x_1_42,x_33_42,8.0,shared_nucleotide
x_1_42,x_33_43,8.0,crossing_pair
x_1_42,x_34_42,8.0,shared_nucleotide
x_1_42,x_34_43,8.0,crossing_pair
x_1_42,x_35_42,8.0,shared_nucleotide
x_1_42,x_35_43,8.0,crossing_pair
x_1_42,x_36_42,8.0,shared_nucleotide
x_1_42,x_36_43,8.0,crossing_pair
x_1_42,x_37_44,8.0,crossing_pair
x_1_42,x_38_44,8.0,crossing_pair
x_1_42,x_39_44,8.0,crossing_pair
x_1_43,x_2_43,8.0,shared_nucleotide
x_1_43,x_3_43,8.0,shared_nucleotide
x_1_43,x_4_43,8.0,shared_nucleotide
x_1_43,x_5_44,8.0,crossing_pair
x_1_43,x_6_43,8.0,shared_nucleotide
x_1_43,x_7_43,8.0,shared_nucleotide
x_1_43,x_8_43,8.0,shared_nucleotide
x_1_43,x_9_43,8.0,shared_nucleotide
x_1_43,x_10_44,8.0,crossing_pair
x_1_43,x_11_44,8.0,crossing_pair
x_1_43,x_12_44,8.0,crossing_pair
x_1_43,x_13_43,8.0,shared_nucleotide
x_1_43,x_14_44,8.0,crossing_pair
x_1_43,x_15_44,8.0,crossing_pair
x_1_43,x_16_43,8.0,shared_nucleotide
x_1_43,x_17_43,8.0,shared_nucleotide
x_1_43,x_18_44,8.0,crossing_pair
x_1_43,x_19_44,8.0,crossing_pair
x_1_43,x_20_43,8.0,shared_nucleotide
x_1_43,x_21_43,8.0,shared_nucleotide
x_1_43,x_22_43,8.0,shared_nucleotide
x_1_43,x_23_43,8.0,shared_nucleotide
x_1_43,x_24_43,8.0,shared_nucleotide
x_1_43,x_25_44,8.0,crossing_pair
x_1_43,x_26_43,8.0,shared_nucleotide
x_1_43,x_27_43,8.0,shared_nucleotide
x_1_43,x_28_43,8.0,shared_nucleotide
x_1_43,x_29_43,8.0,shared_nucleotide
x_1_43,x_30_44,8.0,crossing_pair
x_1_43,x_31_43,8.0,shared_nucleotide
x_1_43,x_32_44,8.0,crossing_pair
x_1_43,x_33_43,8.0,shared_nucleotide
x_1_43,x_34_43,8.0,shared_nucleotide
x_1_43,x_35_43,8.0,shared_nucleotide
x_1_43,x_36_43,8.0,shared_nucleotide
x_1_43,x_37_44,8.0,crossing_pair
x_1_43,x_38_44,8.0,crossing_pair
x_1_43,x_39_44,8.0,crossing_pair
x_2_10,x_2_11,8.0,shared_nucleotide
x_2_10,x_2_12,8.0,shared_nucleotide
x_2_10,x_2_14,8.0,shared_nucleotide
x_2_10,x_2_15,8.0,shared_nucleotide
x_2_10,x_2_18,8.0,shared_nucleotide
x_2_10,x_2_19,8.0,shared_nucleotide
x_2_10,x_2_25,8.0,shared_nucleotide
x_2_10,x_2_30,8.0,shared_nucleotide
x_2_10,x_2_32,8.0,shared_nucleotide
x_2_10,x_2_37,8.0,shared_nucleotide
x_2_10,x_2_38,8.0,shared_nucleotide
x_2_10,x_2_39,8.0,shared_nucleotide
x_2_10,x_2_41,8.0,shared_nucleotide
x_2_10,x_2_42,8.0,shared_nucleotide
x_2_10,x_2_43,8.0,shared_nucleotide
x_2_10,x_3_11,8.0,crossing_pair
x_2_10,x_3_12,8.0,crossing_pair
x_2_10,x_3_14,8.0,crossing_pair
x_2_10,x_3_18,8.0,crossing_pair
x_2_10,x_3_19,8.0,crossing_pair
x_2_10,x_3_30,8.0,crossing_pair
x_2_10,x_3_37,8.0,crossing_pair
x_2_10,x_3_38,8.0,crossing_pair
x_2_10,x_3_39,8.0,crossing_pair
x_2_10,x_3_42,8.0,crossing_pair
x_2_10,x_3_43,8.0,crossing_pair
x_2_10,x_4_10,8.0,shared_nucleotide
x_2_10,x_4_11,8.0,crossing_pair
x_2_10,x_4_12,8.0,crossing_pair
x_2_10,x_4_14,8.0,crossing_pair
x_2_10,x_4_15,8.0,crossing_pair
x_2_10,x_4_18,8.0,crossing_pair
x_2_10,x_4_19,8.0,crossing_pair
x_2_10,x_4_25,8.0,crossing_pair
x_2_10,x_4_30,8.0,crossing_pair
x_2_10,x_4_32,8.0,crossing_pair
x_2_10,x_4_37,8.0,crossing_pair
x_2_10,x_4_38,8.0,crossing_pair
x_2_10,x_4_39,8.0,crossing_pair
x_2_10,x_4_41,8.0,crossing_pair
x_2_10,x_4_42,8.0,crossing_pair
x_2_10,x_4_43,8.0,crossing_pair
x_2_10,x_5_13,8.0,crossing_pair
x_2_10,x_5_16,8.0,crossing_pair
x_2_10,x_5_20,8.0,crossing_pair
x_2_10,x_5_22,8.0,crossing_pair
x_2_10,x_5_34,8.0,crossing_pair
x_2_10,x_5_40,8.0,crossing_pair
x_2_10,x_5_44,8.0,crossing_pair
x_2_10,x_6_11,8.0,crossing_pair
x_2_10,x_6_12,8.0,crossing_pair
x_2_10,x_6_14,8.0,crossing_pair
x_2_10,x_6_18,8.0,crossing_pair
x_2_10,x_6_19,8.0,crossing_pair
x_2_10,x_6_30,8.0,crossing_pair
x_2_10,x_6_37,8.0,crossing_pair
x_2_10,x_6_38,8.0,crossing_pair
x_2_10,x_6_39,8.0,crossing_pair
x_2_10,x_6_42,8.0,crossing_pair
x_2_10,x_6_43,8.0,crossing_pair
x_2_10,x_7_11,8.0,crossing_pair
x_2_10,x_7_12,8.0,crossing_pair
x_2_10,x_7_14,8.0,crossing_pair
x_2_10,x_7_18,8.0,crossing_pair
x_2_10,x_7_19,8.0,crossing_pair
x_2_10,x_7_30,8.0,crossing_pair
x_2_10,x_7_37,8.0,crossing_pair
x_2_10,x_7_38,8.0,crossing_pair
x_2_10,x_7_39,8.0,crossing_pair
x_2_10,x_7_42,8.0,crossing_pair
x_2_10,x_7_43,8.0,crossing_pair
x_2_10,x_8_12,8.0,crossing_pair
x_2_10,x_8_14,8.0,crossing_pair
x_2_10,x_8_18,8.0,crossing_pair
x_2_10,x_8_19,8.0,crossing_pair
x_2_10,x_8_30,8.0,crossing_pair
x_2_10,x_8_37,8.0,crossing_pair
x_2_10,x_8_38,8.0,crossing_pair
x_2_10,x_8_39,8.0,crossing_pair
x_2_10,x_8_42,8.0,crossing_pair
x_2_10,x_8_43,8.0,crossing_pair
x_2_10,x_9_14,8.0,crossing_pair
x_2_10,x_9_18,8.0,crossing_pair
x_2_10,x_9_19,8.0,crossing_pair
x_2_10,x_9_30,8.0,crossing_pair
x_2_10,x_9_37,8.0,crossing_pair
x_2_10,x_9_38,8.0,crossing_pair
x_2_10,x_9_39,8.0,crossing_pair
x_2_10,x_9_42,8.0,crossing_pair
x_2_10,x_9_43,8.0,crossing_pair
x_2_10,x_10_16,8.0,shared_nucleotide
x_2_10,x_10_20,8.0,shared_nucleotide
x_2_10,x_10_22,8.0,shared_nucleotide
x_2_10,x_10_34,8.0,shared_nucleotide
x_2_10,x_10_40,8.0,shared_nucleotide
x_2_10,x_10_44,8.0,shared_nucleotide
x_2_11,x_2_12,8.0,shared_nucleotide
x_2_11,x_2_14,8.0,shared_nucleotide
x_2_11,x_2_15,8.0,shared_nucleotide
x_2_11,x_2_18,8.0,shared_nucleotide
x_2_11,x_2_19,8.0,shared_nucleotide
x_2_11,x_2_25,8.0,shared_nucleotide
x_2_11,x_2_30,8.0,shared_nucleotide
x_2_11,x_2_32,8.0,shared_nucleotide
x_2_11,x_2_37,8.0,shared_nucleotide
x_2_11,x_2_38,8.0,shared_nucleotide
x_2_11,x_2_39,8.0,shared_nucleotide
x_2_11,x_2_41,8.0,shared_nucleotide
x_2_11,x_2_42,8.0,shared_nucleotide
x_2_11,x_2_43,8.0,shared_nucleotide
x_2_11,x_3_11,8.0,shared_nucleotide
x_2_11,x_3_12,8.0,crossing_pair
x_2_11,x_3_14,8.0,crossing_pair
x_2_11,x_3_18,8.0,crossing_pair
x_2_11,x_3_19,8.0,crossing_pair
x_2_11,x_3_30,8.0,crossing_pair
x_2_11,x_3_37,8.0,crossing_pair
x_2_11,x_3_38,8.0,crossing_pair
x_2_11,x_3_39,8.0,crossing_pair
x_2_11,x_3_42,8.0,crossing_pair
x_2_11,x_3_43,8.0,crossing_pair
x_2_11,x_4_11,8.0,shared_nucleotide
x_2_11,x_4_12,8.0,crossing_pair
x_2_11,x_4_14,8.0,crossing_pair
x_2_11,x_4_15,8.0,crossing_pair
x_2_11,x_4_18,8.0,crossing_pair
x_2_11,x_4_19,8.0,crossing_pair
x_2_11,x_4_25,8.0,crossing_pair
x_2_11,x_4_30,8.0,crossing_pair
x_2_11,x_4_32,8.0,crossing_pair
x_2_11,x_4_37,8.0,crossing_pair
x_2_11,x_4_38,8.0,crossing_pair
x_2_11,x_4_39,8.0,crossing_pair
x_2_11,x_4_41,8.0,crossing_pair
x_2_11,x_4_42,8.0,crossing_pair
x_2_11,x_4_43,8.0,crossing_pair
x_2_11,x_5_13,8.0,crossing_pair
x_2_11,x_5_16,8.0,crossing_pair
x_2_11,x_5_20,8.0,crossing_pair
x_2_11,x_5_22,8.0,crossing_pair
x_2_11,x_5_34,8.0,crossing_pair
x_2_11,x_5_40,8.0,crossing_pair
x_2_11,x_5_44,8.0,crossing_pair
x_2_11,x_6_11,8.0,shared_nucleotide
x_2_11,x_6_12,8.0,crossing_pair
x_2_11,x_6_14,8.0,crossing_pair
x_2_11,x_6_18,8.0,crossing_pair
x_2_11,x_6_19,8.0,crossing_pair
x_2_11,x_6_30,8.0,crossing_pair
x_2_11,x_6_37,8.0,crossing_pair
x_2_11,x_6_38,8.0,crossing_pair
x_2_11,x_6_39,8.0,crossing_pair
x_2_11,x_6_42,8.0,crossing_pair
x_2_11,x_6_43,8.0,crossing_pair
x_2_11,x_7_11,8.0,shared_nucleotide
x_2_11,x_7_12,8.0,crossing_pair
x_2_11,x_7_14,8.0,crossing_pair
x_2_11,x_7_18,8.0,crossing_pair
x_2_11,x_7_19,8.0,crossing_pair
x_2_11,x_7_30,8.0,crossing_pair
x_2_11,x_7_37,8.0,crossing_pair
x_2_11,x_7_38,8.0,crossing_pair
x_2_11,x_7_39,8.0,crossing_pair
x_2_11,x_7_42,8.0,crossing_pair
x_2_11,x_7_43,8.0,crossing_pair
x_2_11,x_8_12,8.0,crossing_pair
x_2_11,x_8_14,8.0,crossing_pair
x_2_11,x_8_18,8.0,crossing_pair
x_2_11,x_8_19,8.0,crossing_pair
x_2_11,x_8_30,8.0,crossing_pair
x_2_11,x_8_37,8.0,crossing_pair
x_2_11,x_8_38,8.0,crossing_pair
x_2_11,x_8_39,8.0,crossing_pair
x_2_11,x_8_42,8.0,crossing_pair
x_2_11,x_8_43,8.0,crossing_pair
x_2_11,x_9_14,8.0,crossing_pair
x_2_11,x_9_18,8.0,crossing_pair
x_2_11,x_9_19,8.0,crossing_pair
x_2_11,x_9_30,8.0,crossing_pair
x_2_11,x_9_37,8.0,crossing_pair
x_2_11,x_9_38,8.0,crossing_pair
x_2_11,x_9_39,8.0,crossing_pair
x_2_11,x_9_42,8.0,crossing_pair
x_2_11,x_9_43,8.0,crossing_pair
x_2_11,x_10_16,8.0,crossing_pair
x_2_11,x_10_20,8.0,crossing_pair
x_2_11,x_10_22,8.0,crossing_pair
x_2_11,x_10_34,8.0,crossing_pair
x_2_11,x_10_40,8.0,crossing_pair
x_2_11,x_10_44,8.0,crossing_pair
x_2_11,x_11_16,8.0,shared_nucleotide
x_2_11,x_11_17,8.0,shared_nucleotide
x_2_11,x_11_20,8.0,shared_nucleotide
x_2_11,x_11_21,8.0,shared_nucleotide
x_2_11,x_11_22,8.0,shared_nucleotide
x_2_11,x_11_23,8.0,shared_nucleotide
x_2_11,x_11_24,8.0,shared_nucleotide
x_2_11,x_11_26,8.0,shared_nucleotide
x_2_11,x_11_27,8.0,shared_nucleotide
x_2_11,x_11_28,8.0,shared_nucleotide
x_2_11,x_11_29,8.0,shared_nucleotide
x_2_11,x_11_31,8.0,shared_nucleotide
x_2_11,x_11_33,8.0,shared_nucleotide
x_2_11,x_11_34,8.0,shared_nucleotide
x_2_11,x_11_35,8.0,shared_nucleotide
x_2_11,x_11_36,8.0,shared_nucleotide
x_2_11,x_11_40,8.0,shared_nucleotide
x_2_11,x_11_44,8.0,shared_nucleotide
x_2_12,x_2_14,8.0,shared_nucleotide
x_2_12,x_2_15,8.0,shared_nucleotide
x_2_12,x_2_18,8.0,shared_nucleotide
x_2_12,x_2_19,8.0,shared_nucleotide
x_2_12,x_2_25,8.0,shared_nucleotide
x_2_12,x_2_30,8.0,shared_nucleotide
x_2_12,x_2_32,8.0,shared_nucleotide
x_2_12,x_2_37,8.0,shared_nucleotide
x_2_12,x_2_38,8.0,shared_nucleotide
x_2_12,x_2_39,8.0,shared_nucleotide
x_2_12,x_2_41,8.0,shared_nucleotide
x_2_12,x_2_42,8.0,shared_nucleotide
x_2_12,x_2_43,8.0,shared_nucleotide
x_2_12,x_3_12,8.0,shared_nucleotide
x_2_12,x_3_14,8.0,crossing_pair
x_2_12,x_3_18,8.0,crossing_pair
x_2_12,x_3_19,8.0,crossing_pair
x_2_12,x_3_30,8.0,crossing_pair
x_2_12,x_3_37,8.0,crossing_pair
x_2_12,x_3_38,8.0,crossing_pair
x_2_12,x_3_39,8.0,crossing_pair
x_2_12,x_3_42,8.0,crossing_pair
x_2_12,x_3_43,8.0,crossing_pair
x_2_12,x_4_12,8.0,shared_nucleotide
x_2_12,x_4_14,8.0,crossing_pair
x_2_12,x_4_15,8.0,crossing_pair
x_2_12,x_4_18,8.0,crossing_pair
x_2_12,x_4_19,8.0,crossing_pair
x_2_12,x_4_25,8.0,crossing_pair
x_2_12,x_4_30,8.0,crossing_pair
x_2_12,x_4_32,8.0,crossing_pair
x_2_12,x_4_37,8.0,crossing_pair
x_2_12,x_4_38,8.0,crossing_pair
x_2_12,x_4_39,8.0,crossing_pair
x_2_12,x_4_41,8.0,crossing_pair
x_2_12,x_4_42,8.0,crossing_pair
x_2_12,x_4_43,8.0,crossing_pair
x_2_12,x_5_13,8.0,crossing_pair
x_2_12,x_5_16,8.0,crossing_pair
x_2_12,x_5_20,8.0,crossing_pair
x_2_12,x_5_22,8.0,crossing_pair
x_2_12,x_5_34,8.0,crossing_pair
x_2_12,x_5_40,8.0,crossing_pair
x_2_12,x_5_44,8.0,crossing_pair
x_2_12,x_6_12,8.0,shared_nucleotide
x_2_12,x_6_14,8.0,crossing_pair
x_2_12,x_6_18,8.0,crossing_pair
x_2_12,x_6_19,8.0,crossing_pair
x_2_12,x_6_30,8.0,crossing_pair
x_2_12,x_6_37,8.0,crossing_pair
x_2_12,x_6_38,8.0,crossing_pair
x_2_12,x_6_39,8.0,crossing_pair
x_2_12,x_6_42,8.0,crossing_pair
x_2_12,x_6_43,8.0,crossing_pair
x_2_12,x_7_12,8.0,shared_nucleotide
x_2_12,x_7_14,8.0,crossing_pair
x_2_12,x_7_18,8.0,crossing_pair
x_2_12,x_7_19,8.0,crossing_pair
x_2_12,x_7_30,8.0,crossing_pair
x_2_12,x_7_37,8.0,crossing_pair
x_2_12,x_7_38,8.0,crossing_pair
x_2_12,x_7_39,8.0,crossing_pair
x_2_12,x_7_42,8.0,crossing_pair
x_2_12,x_7_43,8.0,crossing_pair
x_2_12,x_8_12,8.0,shared_nucleotide
x_2_12,x_8_14,8.0,crossing_pair
x_2_12,x_8_18,8.0,crossing_pair
x_2_12,x_8_19,8.0,crossing_pair
x_2_12,x_8_30,8.0,crossing_pair
x_2_12,x_8_37,8.0,crossing_pair
x_2_12,x_8_38,8.0,crossing_pair
x_2_12,x_8_39,8.0,crossing_pair
x_2_12,x_8_42,8.0,crossing_pair
x_2_12,x_8_43,8.0,crossing_pair
x_2_12,x_9_14,8.0,crossing_pair
x_2_12,x_9_18,8.0,crossing_pair
x_2_12,x_9_19,8.0,crossing_pair
x_2_12,x_9_30,8.0,crossing_pair
x_2_12,x_9_37,8.0,crossing_pair
x_2_12,x_9_38,8.0,crossing_pair
x_2_12,x_9_39,8.0,crossing_pair
x_2_12,x_9_42,8.0,crossing_pair
x_2_12,x_9_43,8.0,crossing_pair
x_2_12,x_10_16,8.0,crossing_pair
x_2_12,x_10_20,8.0,crossing_pair
x_2_12,x_10_22,8.0,crossing_pair
x_2_12,x_10_34,8.0,crossing_pair
x_2_12,x_10_40,8.0,crossing_pair
x_2_12,x_10_44,8.0,crossing_pair
x_2_12,x_11_16,8.0,crossing_pair
x_2_12,x_11_17,8.0,crossing_pair
x_2_12,x_11_20,8.0,crossing_pair
x_2_12,x_11_21,8.0,crossing_pair
x_2_12,x_11_22,8.0,crossing_pair
x_2_12,x_11_23,8.0,crossing_pair
x_2_12,x_11_24,8.0,crossing_pair
x_2_12,x_11_26,8.0,crossing_pair
x_2_12,x_11_27,8.0,crossing_pair
x_2_12,x_11_28,8.0,crossing_pair
x_2_12,x_11_29,8.0,crossing_pair
x_2_12,x_11_31,8.0,crossing_pair
x_2_12,x_11_33,8.0,crossing_pair
x_2_12,x_11_34,8.0,crossing_pair
x_2_12,x_11_35,8.0,crossing_pair
x_2_12,x_11_36,8.0,crossing_pair
x_2_12,x_11_40,8.0,crossing_pair
x_2_12,x_11_44,8.0,crossing_pair
x_2_12,x_12_16,8.0,shared_nucleotide
x_2_12,x_12_17,8.0,shared_nucleotide
x_2_12,x_12_20,8.0,shared_nucleotide
x_2_12,x_12_21,8.0,shared_nucleotide
x_2_12,x_12_22,8.0,shared_nucleotide
x_2_12,x_12_23,8.0,shared_nucleotide
x_2_12,x_12_24,8.0,shared_nucleotide
x_2_12,x_12_26,8.0,shared_nucleotide
x_2_12,x_12_27,8.0,shared_nucleotide
x_2_12,x_12_28,8.0,shared_nucleotide
x_2_12,x_12_29,8.0,shared_nucleotide
x_2_12,x_12_31,8.0,shared_nucleotide
x_2_12,x_12_33,8.0,shared_nucleotide
x_2_12,x_12_34,8.0,shared_nucleotide
x_2_12,x_12_35,8.0,shared_nucleotide
x_2_12,x_12_36,8.0,shared_nucleotide
x_2_12,x_12_40,8.0,shared_nucleotide
x_2_12,x_12_44,8.0,shared_nucleotide
x_2_14,x_2_15,8.0,shared_nucleotide
x_2_14,x_2_18,8.0,shared_nucleotide
x_2_14,x_2_19,8.0,shared_nucleotide
x_2_14,x_2_25,8.0,shared_nucleotide
x_2_14,x_2_30,8.0,shared_nucleotide
x_2_14,x_2_32,8.0,shared_nucleotide
x_2_14,x_2_37,8.0,shared_nucleotide
x_2_14,x_2_38,8.0,shared_nucleotide
x_2_14,x_2_39,8.0,shared_nucleotide
x_2_14,x_2_41,8.0,shared_nucleotide
x_2_14,x_2_42,8.0,shared_nucleotide
x_2_14,x_2_43,8.0,shared_nucleotide
x_2_14,x_3_14,8.0,shared_nucleotide
x_2_14,x_3_18,8.0,crossing_pair
x_2_14,x_3_19,8.0,crossing_pair
x_2_14,x_3_30,8.0,crossing_pair
x_2_14,x_3_37,8.0,crossing_pair
x_2_14,x_3_38,8.0,crossing_pair
x_2_14,x_3_39,8.0,crossing_pair
x_2_14,x_3_42,8.0,crossing_pair
x_2_14,x_3_43,8.0,crossing_pair
x_2_14,x_4_14,8.0,shared_nucleotide
x_2_14,x_4_15,8.0,crossing_pair
x_2_14,x_4_18,8.0,crossing_pair
x_2_14,x_4_19,8.0,crossing_pair
x_2_14,x_4_25,8.0,crossing_pair
x_2_14,x_4_30,8.0,crossing_pair
x_2_14,x_4_32,8.0,crossing_pair
x_2_14,x_4_37,8.0,crossing_pair
x_2_14,x_4_38,8.0,crossing_pair
x_2_14,x_4_39,8.0,crossing_pair
x_2_14,x_4_41,8.0,crossing_pair
x_2_14,x_4_42,8.0,crossing_pair
x_2_14,x_4_43,8.0,crossing_pair
x_2_14,x_5_16,8.0,crossing_pair
x_2_14,x_5_20,8.0,crossing_pair
x_2_14,x_5_22,8.0,crossing_pair
x_2_14,x_5_34,8.0,crossing_pair
x_2_14,x_5_40,8.0,crossing_pair
x_2_14,x_5_44,8.0,crossing_pair
x_2_14,x_6_14,8.0,shared_nucleotide
x_2_14,x_6_18,8.0,crossing_pair
x_2_14,x_6_19,8.0,crossing_pair
x_2_14,x_6_30,8.0,crossing_pair
x_2_14,x_6_37,8.0,crossing_pair
x_2_14,x_6_38,8.0,crossing_pair
x_2_14,x_6_39,8.0,crossing_pair
x_2_14,x_6_42,8.0,crossing_pair
x_2_14,x_6_43,8.0,crossing_pair
x_2_14,x_7_14,8.0,shared_nucleotide
x_2_14,x_7_18,8.0,crossing_pair
x_2_14,x_7_19,8.0,crossing_pair
x_2_14,x_7_30,8.0,crossing_pair
x_2_14,x_7_37,8.0,crossing_pair
x_2_14,x_7_38,8.0,crossing_pair
x_2_14,x_7_39,8.0,crossing_pair
x_2_14,x_7_42,8.0,crossing_pair
x_2_14,x_7_43,8.0,crossing_pair
x_2_14,x_8_14,8.0,shared_nucleotide
x_2_14,x_8_18,8.0,crossing_pair
x_2_14,x_8_19,8.0,crossing_pair
x_2_14,x_8_30,8.0,crossing_pair
x_2_14,x_8_37,8.0,crossing_pair
x_2_14,x_8_38,8.0,crossing_pair
x_2_14,x_8_39,8.0,crossing_pair
x_2_14,x_8_42,8.0,crossing_pair
x_2_14,x_8_43,8.0,crossing_pair
x_2_14,x_9_14,8.0,shared_nucleotide
x_2_14,x_9_18,8.0,crossing_pair
x_2_14,x_9_19,8.0,crossing_pair
x_2_14,x_9_30,8.0,crossing_pair
x_2_14,x_9_37,8.0,crossing_pair
x_2_14,x_9_38,8.0,crossing_pair
x_2_14,x_9_39,8.0,crossing_pair
x_2_14,x_9_42,8.0,crossing_pair
x_2_14,x_9_43,8.0,crossing_pair
x_2_14,x_10_16,8.0,crossing_pair
x_2_14,x_10_20,8.0,crossing_pair
x_2_14,x_10_22,8.0,crossing_pair
x_2_14,x_10_34,8.0,crossing_pair
x_2_14,x_10_40,8.0,crossing_pair
x_2_14,x_10_44,8.0,crossing_pair
x_2_14,x_11_16,8.0,crossing_pair
x_2_14,x_11_17,8.0,crossing_pair
x_2_14,x_11_20,8.0,crossing_pair
x_2_14,x_11_21,8.0,crossing_pair
x_2_14,x_11_22,8.0,crossing_pair
x_2_14,x_11_23,8.0,crossing_pair
x_2_14,x_11_24,8.0,crossing_pair
x_2_14,x_11_26,8.0,crossing_pair
x_2_14,x_11_27,8.0,crossing_pair
x_2_14,x_11_28,8.0,crossing_pair
x_2_14,x_11_29,8.0,crossing_pair
x_2_14,x_11_31,8.0,crossing_pair
x_2_14,x_11_33,8.0,crossing_pair
x_2_14,x_11_34,8.0,crossing_pair
x_2_14,x_11_35,8.0,crossing_pair
x_2_14,x_11_36,8.0,crossing_pair
x_2_14,x_11_40,8.0,crossing_pair
x_2_14,x_11_44,8.0,crossing_pair
x_2_14,x_12_16,8.0,crossing_pair
x_2_14,x_12_17,8.0,crossing_pair
x_2_14,x_12_20,8.0,crossing_pair
x_2_14,x_12_21,8.0,crossing_pair
x_2_14,x_12_22,8.0,crossing_pair
x_2_14,x_12_23,8.0,crossing_pair
x_2_14,x_12_24,8.0,crossing_pair
x_2_14,x_12_26,8.0,crossing_pair
x_2_14,x_12_27,8.0,crossing_pair
x_2_14,x_12_28,8.0,crossing_pair
x_2_14,x_12_29,8.0,crossing_pair
x_2_14,x_12_31,8.0,crossing_pair
x_2_14,x_12_33,8.0,crossing_pair
x_2_14,x_12_34,8.0,crossing_pair
x_2_14,x_12_35,8.0,crossing_pair
x_2_14,x_12_36,8.0,crossing_pair
x_2_14,x_12_40,8.0,crossing_pair
x_2_14,x_12_44,8.0,crossing_pair
x_2_14,x_13_18,8.0,crossing_pair
x_2_14,x_13_19,8.0,crossing_pair
x_2_14,x_13_25,8.0,crossing_pair
x_2_14,x_13_30,8.0,crossing_pair
x_2_14,x_13_32,8.0,crossing_pair
x_2_14,x_13_37,8.0,crossing_pair
x_2_14,x_13_38,8.0,crossing_pair
x_2_14,x_13_39,8.0,crossing_pair
x_2_14,x_13_41,8.0,crossing_pair
x_2_14,x_13_42,8.0,crossing_pair
x_2_14,x_13_43,8.0,crossing_pair
x_2_14,x_14_20,8.0,shared_nucleotide
x_2_14,x_14_21,8.0,shared_nucleotide
x_2_14,x_14_22,8.0,shared_nucleotide
x_2_14,x_14_23,8.0,shared_nucleotide
x_2_14,x_14_24,8.0,shared_nucleotide
x_2_14,x_14_26,8.0,shared_nucleotide
x_2_14,x_14_27,8.0,shared_nucleotide
x_2_14,x_14_28,8.0,shared_nucleotide
x_2_14,x_14_29,8.0,shared_nucleotide
x_2_14,x_14_31,8.0,shared_nucleotide
x_2_14,x_14_33,8.0,shared_nucleotide
x_2_14,x_14_34,8.0,shared_nucleotide
x_2_14,x_14_35,8.0,shared_nucleotide
x_2_14,x_14_36,8.0,shared_nucleotide
x_2_14,x_14_40,8.0,shared_nucleotide
x_2_14,x_14_44,8.0,shared_nucleotide
x_2_15,x_2_18,8.0,shared_nucleotide
x_2_15,x_2_19,8.0,shared_nucleotide
x_2_15,x_2_25,8.0,shared_nucleotide
x_2_15,x_2_30,8.0,shared_nucleotide
x_2_15,x_2_32,8.0,shared_nucleotide
x_2_15,x_2_37,8.0,shared_nucleotide
x_2_15,x_2_38,8.0,shared_nucleotide
x_2_15,x_2_39,8.0,shared_nucleotide
x_2_15,x_2_41,8.0,shared_nucleotide
x_2_15,x_2_42,8.0,shared_nucleotide
x_2_15,x_2_43,8.0,shared_nucleotide
x_2_15,x_3_18,8.0,crossing_pair
x_2_15,x_3_19,8.0,crossing_pair
x_2_15,x_3_30,8.0,crossing_pair
x_2_15,x_3_37,8.0,crossing_pair
x_2_15,x_3_38,8.0,crossing_pair
x_2_15,x_3_39,8.0,crossing_pair
x_2_15,x_3_42,8.0,crossing_pair
x_2_15,x_3_43,8.0,crossing_pair
x_2_15,x_4_15,8.0,shared_nucleotide
x_2_15,x_4_18,8.0,crossing_pair
x_2_15,x_4_19,8.0,crossing_pair
x_2_15,x_4_25,8.0,crossing_pair
x_2_15,x_4_30,8.0,crossing_pair
x_2_15,x_4_32,8.0,crossing_pair
x_2_15,x_4_37,8.0,crossing_pair
x_2_15,x_4_38,8.0,crossing_pair
x_2_15,x_4_39,8.0,crossing_pair
x_2_15,x_4_41,8.0,crossing_pair
x_2_15,x_4_42,8.0,crossing_pair
x_2_15,x_4_43,8.0,crossing_pair
x_2_15,x_5_16,8.0,crossing_pair
x_2_15,x_5_20,8.0,crossing_pair
x_2_15,x_5_22,8.0,crossing_pair
x_2_15,x_5_34,8.0,crossing_pair
x_2_15,x_5_40,8.0,crossing_pair
x_2_15,x_5_44,8.0,crossing_pair
x_2_15,x_6_18,8.0,crossing_pair
x_2_15,x_6_19,8.0,crossing_pair
x_2_15,x_6_30,8.0,crossing_pair
x_2_15,x_6_37,8.0,crossing_pair
x_2_15,x_6_38,8.0,crossing_pair
x_2_15,x_6_39,8.0,crossing_pair
x_2_15,x_6_42,8.0,crossing_pair
x_2_15,x_6_43,8.0,crossing_pair
x_2_15,x_7_18,8.0,crossing_pair
x_2_15,x_7_19,8.0,crossing_pair
x_2_15,x_7_30,8.0,crossing_pair
x_2_15,x_7_37,8.0,crossing_pair
x_2_15,x_7_38,8.0,crossing_pair
x_2_15,x_7_39,8.0,crossing_pair
x_2_15,x_7_42,8.0,crossing_pair
x_2_15,x_7_43,8.0,crossing_pair
x_2_15,x_8_18,8.0,crossing_pair
x_2_15,x_8_19,8.0,crossing_pair
x_2_15,x_8_30,8.0,crossing_pair
x_2_15,x_8_37,8.0,crossing_pair
x_2_15,x_8_38,8.0,crossing_pair
x_2_15,x_8_39,8.0,crossing_pair
x_2_15,x_8_42,8.0,crossing_pair
x_2_15,x_8_43,8.0,crossing_pair
x_2_15,x_9_18,8.0,crossing_pair
x_2_15,x_9_19,8.0,crossing_pair
x_2_15,x_9_30,8.0,crossing_pair
x_2_15,x_9_37,8.0,crossing_pair
x_2_15,x_9_38,8.0,crossing_pair
x_2_15,x_9_39,8.0,crossing_pair
x_2_15,x_9_42,8.0,crossing_pair
x_2_15,x_9_43,8.0,crossing_pair
x_2_15,x_10_16,8.0,crossing_pair
x_2_15,x_10_20,8.0,crossing_pair
x_2_15,x_10_22,8.0,crossing_pair
x_2_15,x_10_34,8.0,crossing_pair
x_2_15,x_10_40,8.0,crossing_pair
x_2_15,x_10_44,8.0,crossing_pair
x_2_15,x_11_16,8.0,crossing_pair
x_2_15,x_11_17,8.0,crossing_pair
x_2_15,x_11_20,8.0,crossing_pair
x_2_15,x_11_21,8.0,crossing_pair
x_2_15,x_11_22,8.0,crossing_pair
x_2_15,x_11_23,8.0,crossing_pair
x_2_15,x_11_24,8.0,crossing_pair
x_2_15,x_11_26,8.0,crossing_pair
x_2_15,x_11_27,8.0,crossing_pair
x_2_15,x_11_28,8.0,crossing_pair
x_2_15,x_11_29,8.0,crossing_pair
x_2_15,x_11_31,8.0,crossing_pair
x_2_15,x_11_33,8.0,crossing_pair
x_2_15,x_11_34,8.0,crossing_pair
x_2_15,x_11_35,8.0,crossing_pair
x_2_15,x_11_36,8.0,crossing_pair
x_2_15,x_11_40,8.0,crossing_pair
x_2_15,x_11_44,8.0,crossing_pair
x_2_15,x_12_16,8.0,crossing_pair
x_2_15,x_12_17,8.0,crossing_pair
x_2_15,x_12_20,8.0,crossing_pair
x_2_15,x_12_21,8.0,crossing_pair
x_2_15,x_12_22,8.0,crossing_pair
x_2_15,x_12_23,8.0,crossing_pair
x_2_15,x_12_24,8.0,crossing_pair
x_2_15,x_12_26,8.0,crossing_pair
x_2_15,x_12_27,8.0,crossing_pair
x_2_15,x_12_28,8.0,crossing_pair
x_2_15,x_12_29,8.0,crossing_pair
x_2_15,x_12_31,8.0,crossing_pair
x_2_15,x_12_33,8.0,crossing_pair
x_2_15,x_12_34,8.0,crossing_pair
x_2_15,x_12_35,8.0,crossing_pair
x_2_15,x_12_36,8.0,crossing_pair
x_2_15,x_12_40,8.0,crossing_pair
x_2_15,x_12_44,8.0,crossing_pair
x_2_15,x_13_18,8.0,crossing_pair
x_2_15,x_13_19,8.0,crossing_pair
x_2_15,x_13_25,8.0,crossing_pair
x_2_15,x_13_30,8.0,crossing_pair
x_2_15,x_13_32,8.0,crossing_pair
x_2_15,x_13_37,8.0,crossing_pair
x_2_15,x_13_38,8.0,crossing_pair
x_2_15,x_13_39,8.0,crossing_pair
x_2_15,x_13_41,8.0,crossing_pair
x_2_15,x_13_42,8.0,crossing_pair
x_2_15,x_13_43,8.0,crossing_pair
x_2_15,x_14_20,8.0,crossing_pair
x_2_15,x_14_21,8.0,crossing_pair
x_2_15,x_14_22,8.0,crossing_pair
x_2_15,x_14_23,8.0,crossing_pair
x_2_15,x_14_24,8.0,crossing_pair
x_2_15,x_14_26,8.0,crossing_pair
x_2_15,x_14_27,8.0,crossing_pair
x_2_15,x_14_28,8.0,crossing_pair
x_2_15,x_14_29,8.0,crossing_pair
x_2_15,x_14_31,8.0,crossing_pair
x_2_15,x_14_33,8.0,crossing_pair
x_2_15,x_14_34,8.0,crossing_pair
x_2_15,x_14_35,8.0,crossing_pair
x_2_15,x_14_36,8.0,crossing_pair
x_2_15,x_14_40,8.0,crossing_pair
x_2_15,x_14_44,8.0,crossing_pair
x_2_15,x_15_20,8.0,shared_nucleotide
x_2_15,x_15_22,8.0,shared_nucleotide
x_2_15,x_15_34,8.0,shared_nucleotide
x_2_15,x_15_40,8.0,shared_nucleotide
x_2_15,x_15_44,8.0,shared_nucleotide
x_2_18,x_2_19,8.0,shared_nucleotide
x_2_18,x_2_25,8.0,shared_nucleotide
x_2_18,x_2_30,8.0,shared_nucleotide
x_2_18,x_2_32,8.0,shared_nucleotide
x_2_18,x_2_37,8.0,shared_nucleotide
x_2_18,x_2_38,8.0,shared_nucleotide
x_2_18,x_2_39,8.0,shared_nucleotide
x_2_18,x_2_41,8.0,shared_nucleotide
x_2_18,x_2_42,8.0,shared_nucleotide
x_2_18,x_2_43,8.0,shared_nucleotide
x_2_18,x_3_18,8.0,shared_nucleotide
x_2_18,x_3_19,8.0,crossing_pair
x_2_18,x_3_30,8.0,crossing_pair
x_2_18,x_3_37,8.0,crossing_pair
x_2_18,x_3_38,8.0,crossing_pair
x_2_18,x_3_39,8.0,crossing_pair
x_2_18,x_3_42,8.0,crossing_pair
x_2_18,x_3_43,8.0,crossing_pair
x_2_18,x_4_18,8.0,shared_nucleotide
x_2_18,x_4_19,8.0,crossing_pair
x_2_18,x_4_25,8.0,crossing_pair
x_2_18,x_4_30,8.0,crossing_pair
x_2_18,x_4_32,8.0,crossing_pair
x_2_18,x_4_37,8.0,crossing_pair
x_2_18,x_4_38,8.0,crossing_pair
x_2_18,x_4_39,8.0,crossing_pair
x_2_18,x_4_41,8.0,crossing_pair
x_2_18,x_4_42,8.0,crossing_pair
x_2_18,x_4_43,8.0,crossing_pair
x_2_18,x_5_20,8.0,crossing_pair
x_2_18,x_5_22,8.0,crossing_pair
x_2_18,x_5_34,8.0,crossing_pair
x_2_18,x_5_40,8.0,crossing_pair
x_2_18,x_5_44,8.0,crossing_pair
x_2_18,x_6_18,8.0,shared_nucleotide
x_2_18,x_6_19,8.0,crossing_pair
x_2_18,x_6_30,8.0,crossing_pair
x_2_18,x_6_37,8.0,crossing_pair
x_2_18,x_6_38,8.0,crossing_pair
x_2_18,x_6_39,8.0,crossing_pair
x_2_18,x_6_42,8.0,crossing_pair
x_2_18,x_6_43,8.0,crossing_pair
x_2_18,x_7_18,8.0,shared_nucleotide
x_2_18,x_7_19,8.0,crossing_pair
x_2_18,x_7_30,8.0,crossing_pair
x_2_18,x_7_37,8.0,crossing_pair
x_2_18,x_7_38,8.0,crossing_pair
x_2_18,x_7_39,8.0,crossing_pair
x_2_18,x_7_42,8.0,crossing_pair
x_2_18,x_7_43,8.0,crossing_pair
x_2_18,x_8_18,8.0,shared_nucleotide
x_2_18,x_8_19,8.0,crossing_pair
x_2_18,x_8_30,8.0,crossing_pair
x_2_18,x_8_37,8.0,crossing_pair
x_2_18,x_8_38,8.0,crossing_pair
x_2_18,x_8_39,8.0,crossing_pair
x_2_18,x_8_42,8.0,crossing_pair
x_2_18,x_8_43,8.0,crossing_pair
x_2_18,x_9_18,8.0,shared_nucleotide
x_2_18,x_9_19,8.0,crossing_pair
x_2_18,x_9_30,8.0,crossing_pair
x_2_18,x_9_37,8.0,crossing_pair
x_2_18,x_9_38,8.0,crossing_pair
x_2_18,x_9_39,8.0,crossing_pair
x_2_18,x_9_42,8.0,crossing_pair
x_2_18,x_9_43,8.0,crossing_pair
x_2_18,x_10_20,8.0,crossing_pair
x_2_18,x_10_22,8.0,crossing_pair
x_2_18,x_10_34,8.0,crossing_pair
x_2_18,x_10_40,8.0,crossing_pair
x_2_18,x_10_44,8.0,crossing_pair
x_2_18,x_11_20,8.0,crossing_pair
x_2_18,x_11_21,8.0,crossing_pair
x_2_18,x_11_22,8.0,crossing_pair
x_2_18,x_11_23,8.0,crossing_pair
x_2_18,x_11_24,8.0,crossing_pair
x_2_18,x_11_26,8.0,crossing_pair
x_2_18,x_11_27,8.0,crossing_pair
x_2_18,x_11_28,8.0,crossing_pair
x_2_18,x_11_29,8.0,crossing_pair
x_2_18,x_11_31,8.0,crossing_pair
x_2_18,x_11_33,8.0,crossing_pair
x_2_18,x_11_34,8.0,crossing_pair
x_2_18,x_11_35,8.0,crossing_pair
x_2_18,x_11_36,8.0,crossing_pair
x_2_18,x_11_40,8.0,crossing_pair
x_2_18,x_11_44,8.0,crossing_pair
x_2_18,x_12_20,8.0,crossing_pair
x_2_18,x_12_21,8.0,crossing_pair
x_2_18,x_12_22,8.0,crossing_pair
x_2_18,x_12_23,8.0,crossing_pair
x_2_18,x_12_24,8.0,crossing_pair
x_2_18,x_12_26,8.0,crossing_pair
x_2_18,x_12_27,8.0,crossing_pair
x_2_18,x_12_28,8.0,crossing_pair
x_2_18,x_12_29,8.0,crossing_pair
x_2_18,x_12_31,8.0,crossing_pair
x_2_18,x_12_33,8.0,crossing_pair
x_2_18,x_12_34,8.0,crossing_pair
x_2_18,x_12_35,8.0,crossing_pair
x_2_18,x_12_36,8.0,crossing_pair
x_2_18,x_12_40,8.0,crossing_pair
x_2_18,x_12_44,8.0,crossing_pair
x_2_18,x_13_18,8.0,shared_nucleotide
x_2_18,x_13_19,8.0,crossing_pair
x_2_18,x_13_25,8.0,crossing_pair
x_2_18,x_13_30,8.0,crossing_pair
x_2_18,x_13_32,8.0,crossing_pair
x_2_18,x_13_37,8.0,crossing_pair
x_2_18,x_13_38,8.0,crossing_pair
x_2_18,x_13_39,8.0,crossing_pair
x_2_18,x_13_41,8.0,crossing_pair
x_2_18,x_13_42,8.0,crossing_pair
x_2_18,x_13_43,8.0,crossing_pair
x_2_18,x_14_20,8.0,crossing_pair
x_2_18,x_14_21,8.0,crossing_pair
x_2_18,x_14_22,8.0,crossing_pair
x_2_18,x_14_23,8.0,crossing_pair
x_2_18,x_14_24,8.0,crossing_pair
x_2_18,x_14_26,8.0,crossing_pair
x_2_18,x_14_27,8.0,crossing_pair
x_2_18,x_14_28,8.0,crossing_pair
x_2_18,x_14_29,8.0,crossing_pair
x_2_18,x_14_31,8.0,crossing_pair
x_2_18,x_14_33,8.0,crossing_pair
x_2_18,x_14_34,8.0,crossing_pair
x_2_18,x_14_35,8.0,crossing_pair
x_2_18,x_14_36,8.0,crossing_pair
x_2_18,x_14_40,8.0,crossing_pair
x_2_18,x_14_44,8.0,crossing_pair
x_2_18,x_15_20,8.0,crossing_pair
x_2_18,x_15_22,8.0,crossing_pair
x_2_18,x_15_34,8.0,crossing_pair
x_2_18,x_15_40,8.0,crossing_pair
x_2_18,x_15_44,8.0,crossing_pair
x_2_18,x_16_25,8.0,crossing_pair
x_2_18,x_16_30,8.0,crossing_pair
x_2_18,x_16_32,8.0,crossing_pair
x_2_18,x_16_37,8.0,crossing_pair
x_2_18,x_16_38,8.0,crossing_pair
x_2_18,x_16_39,8.0,crossing_pair
x_2_18,x_16_41,8.0,crossing_pair
x_2_18,x_16_42,8.0,crossing_pair
x_2_18,x_16_43,8.0,crossing_pair
x_2_18,x_17_30,8.0,crossing_pair
x_2_18,x_17_37,8.0,crossing_pair
x_2_18,x_17_38,8.0,crossing_pair
x_2_18,x_17_39,8.0,crossing_pair
x_2_18,x_17_42,8.0,crossing_pair
x_2_18,x_17_43,8.0,crossing_pair
x_2_18,x_18_22,8.0,shared_nucleotide
x_2_18,x_18_23,8.0,shared_nucleotide
x_2_18,x_18_24,8.0,shared_nucleotide
x_2_18,x_18_26,8.0,shared_nucleotide
x_2_18,x_18_27,8.0,shared_nucleotide
x_2_18,x_18_28,8.0,shared_nucleotide
x_2_18,x_18_29,8.0,shared_nucleotide
x_2_18,x_18_31,8.0,shared_nucleotide
x_2_18,x_18_33,8.0,shared_nucleotide
x_2_18,x_18_34,8.0,shared_nucleotide
x_2_18,x_18_35,8.0,shared_nucleotide
x_2_18,x_18_36,8.0,shared_nucleotide
x_2_18,x_18_40,8.0,shared_nucleotide
x_2_18,x_18_44,8.0,shared_nucleotide
x_2_19,x_2_25,8.0,shared_nucleotide
x_2_19,x_2_30,8.0,shared_nucleotide
x_2_19,x_2_32,8.0,shared_nucleotide
x_2_19,x_2_37,8.0,shared_nucleotide
x_2_19,x_2_38,8.0,shared_nucleotide
x_2_19,x_2_39,8.0,shared_nucleotide
x_2_19,x_2_41,8.0,shared_nucleotide
x_2_19,x_2_42,8.0,shared_nucleotide
x_2_19,x_2_43,8.0,shared_nucleotide
x_2_19,x_3_19,8.0,shared_nucleotide
x_2_19,x_3_30,8.0,crossing_pair
x_2_19,x_3_37,8.0,crossing_pair
x_2_19,x_3_38,8.0,crossing_pair
x_2_19,x_3_39,8.0,crossing_pair
x_2_19,x_3_42,8.0,crossing_pair
x_2_19,x_3_43,8.0,crossing_pair
x_2_19,x_4_19,8.0,shared_nucleotide
x_2_19,x_4_25,8.0,crossing_pair
x_2_19,x_4_30,8.0,crossing_pair
x_2_19,x_4_32,8.0,crossing_pair
x_2_19,x_4_37,8.0,crossing_pair
x_2_19,x_4_38,8.0,crossing_pair
x_2_19,x_4_39,8.0,crossing_pair
x_2_19,x_4_41,8.0,crossing_pair
x_2_19,x_4_42,8.0,crossing_pair
x_2_19,x_4_43,8.0,crossing_pair
x_2_19,x_5_20,8.0,crossing_pair
x_2_19,x_5_22,8.0,crossing_pair
x_2_19,x_5_34,8.0,crossing_pair
x_2_19,x_5_40,8.0,crossing_pair
x_2_19,x_5_44,8.0,crossing_pair
x_2_19,x_6_19,8.0,shared_nucleotide
x_2_19,x_6_30,8.0,crossing_pair
x_2_19,x_6_37,8.0,crossing_pair
x_2_19,x_6_38,8.0,crossing_pair
x_2_19,x_6_39,8.0,crossing_pair
x_2_19,x_6_42,8.0,crossing_pair
x_2_19,x_6_43,8.0,crossing_pair
x_2_19,x_7_19,8.0,shared_nucleotide
x_2_19,x_7_30,8.0,crossing_pair
x_2_19,x_7_37,8.0,crossing_pair
x_2_19,x_7_38,8.0,crossing_pair
x_2_19,x_7_39,8.0,crossing_pair
x_2_19,x_7_42,8.0,crossing_pair
x_2_19,x_7_43,8.0,crossing_pair
x_2_19,x_8_19,8.0,shared_nucleotide
x_2_19,x_8_30,8.0,crossing_pair
x_2_19,x_8_37,8.0,crossing_pair
x_2_19,x_8_38,8.0,crossing_pair
x_2_19,x_8_39,8.0,crossing_pair
x_2_19,x_8_42,8.0,crossing_pair
x_2_19,x_8_43,8.0,crossing_pair
x_2_19,x_9_19,8.0,shared_nucleotide
x_2_19,x_9_30,8.0,crossing_pair
x_2_19,x_9_37,8.0,crossing_pair
x_2_19,x_9_38,8.0,crossing_pair
x_2_19,x_9_39,8.0,crossing_pair
x_2_19,x_9_42,8.0,crossing_pair
x_2_19,x_9_43,8.0,crossing_pair
x_2_19,x_10_20,8.0,crossing_pair
x_2_19,x_10_22,8.0,crossing_pair
x_2_19,x_10_34,8.0,crossing_pair
x_2_19,x_10_40,8.0,crossing_pair
x_2_19,x_10_44,8.0,crossing_pair
x_2_19,x_11_20,8.0,crossing_pair
x_2_19,x_11_21,8.0,crossing_pair
x_2_19,x_11_22,8.0,crossing_pair
x_2_19,x_11_23,8.0,crossing_pair
x_2_19,x_11_24,8.0,crossing_pair
x_2_19,x_11_26,8.0,crossing_pair
x_2_19,x_11_27,8.0,crossing_pair
x_2_19,x_11_28,8.0,crossing_pair
x_2_19,x_11_29,8.0,crossing_pair
x_2_19,x_11_31,8.0,crossing_pair
x_2_19,x_11_33,8.0,crossing_pair
x_2_19,x_11_34,8.0,crossing_pair
x_2_19,x_11_35,8.0,crossing_pair
x_2_19,x_11_36,8.0,crossing_pair
x_2_19,x_11_40,8.0,crossing_pair
x_2_19,x_11_44,8.0,crossing_pair
x_2_19,x_12_20,8.0,crossing_pair
x_2_19,x_12_21,8.0,crossing_pair
x_2_19,x_12_22,8.0,crossing_pair
x_2_19,x_12_23,8.0,crossing_pair
x_2_19,x_12_24,8.0,crossing_pair
x_2_19,x_12_26,8.0,crossing_pair
x_2_19,x_12_27,8.0,crossing_pair
x_2_19,x_12_28,8.0,crossing_pair
x_2_19,x_12_29,8.0,crossing_pair
x_2_19,x_12_31,8.0,crossing_pair
x_2_19,x_12_33,8.0,crossing_pair
x_2_19,x_12_34,8.0,crossing_pair
x_2_19,x_12_35,8.0,crossing_pair
x_2_19,x_12_36,8.0,crossing_pair
x_2_19,x_12_40,8.0,crossing_pair
x_2_19,x_12_44,8.0,crossing_pair
x_2_19,x_13_19,8.0,shared_nucleotide
x_2_19,x_13_25,8.0,crossing_pair
x_2_19,x_13_30,8.0,crossing_pair
x_2_19,x_13_32,8.0,crossing_pair
x_2_19,x_13_37,8.0,crossing_pair
x_2_19,x_13_38,8.0,crossing_pair
x_2_19,x_13_39,8.0,crossing_pair
x_2_19,x_13_41,8.0,crossing_pair
x_2_19,x_13_42,8.0,crossing_pair
x_2_19,x_13_43,8.0,crossing_pair
x_2_19,x_14_20,8.0,crossing_pair
x_2_19,x_14_21,8.0,crossing_pair
x_2_19,x_14_22,8.0,crossing_pair
x_2_19,x_14_23,8.0,crossing_pair
x_2_19,x_14_24,8.0,crossing_pair
x_2_19,x_14_26,8.0,crossing_pair
x_2_19,x_14_27,8.0,crossing_pair
x_2_19,x_14_28,8.0,crossing_pair
x_2_19,x_14_29,8.0,crossing_pair
x_2_19,x_14_31,8.0,crossing_pair
x_2_19,x_14_33,8.0,crossing_pair
x_2_19,x_14_34,8.0,crossing_pair
x_2_19,x_14_35,8.0,crossing_pair
x_2_19,x_14_36,8.0,crossing_pair
x_2_19,x_14_40,8.0,crossing_pair
x_2_19,x_14_44,8.0,crossing_pair
x_2_19,x_15_20,8.0,crossing_pair
x_2_19,x_15_22,8.0,crossing_pair
x_2_19,x_15_34,8.0,crossing_pair
x_2_19,x_15_40,8.0,crossing_pair
x_2_19,x_15_44,8.0,crossing_pair
x_2_19,x_16_25,8.0,crossing_pair
x_2_19,x_16_30,8.0,crossing_pair
x_2_19,x_16_32,8.0,crossing_pair
x_2_19,x_16_37,8.0,crossing_pair
x_2_19,x_16_38,8.0,crossing_pair
x_2_19,x_16_39,8.0,crossing_pair
x_2_19,x_16_41,8.0,crossing_pair
x_2_19,x_16_42,8.0,crossing_pair
x_2_19,x_16_43,8.0,crossing_pair
x_2_19,x_17_30,8.0,crossing_pair
x_2_19,x_17_37,8.0,crossing_pair
x_2_19,x_17_38,8.0,crossing_pair
x_2_19,x_17_39,8.0,crossing_pair
x_2_19,x_17_42,8.0,crossing_pair
x_2_19,x_17_43,8.0,crossing_pair
x_2_19,x_18_22,8.0,crossing_pair
x_2_19,x_18_23,8.0,crossing_pair
x_2_19,x_18_24,8.0,crossing_pair
x_2_19,x_18_26,8.0,crossing_pair
x_2_19,x_18_27,8.0,crossing_pair
x_2_19,x_18_28,8.0,crossing_pair
x_2_19,x_18_29,8.0,crossing_pair
x_2_19,x_18_31,8.0,crossing_pair
x_2_19,x_18_33,8.0,crossing_pair
x_2_19,x_18_34,8.0,crossing_pair
x_2_19,x_18_35,8.0,crossing_pair
x_2_19,x_18_36,8.0,crossing_pair
x_2_19,x_18_40,8.0,crossing_pair
x_2_19,x_18_44,8.0,crossing_pair
x_2_19,x_19_23,8.0,shared_nucleotide
x_2_19,x_19_24,8.0,shared_nucleotide
x_2_19,x_19_26,8.0,shared_nucleotide
x_2_19,x_19_27,8.0,shared_nucleotide
x_2_19,x_19_28,8.0,shared_nucleotide
x_2_19,x_19_29,8.0,shared_nucleotide
x_2_19,x_19_31,8.0,shared_nucleotide
x_2_19,x_19_33,8.0,shared_nucleotide
x_2_19,x_19_34,8.0,shared_nucleotide
x_2_19,x_19_35,8.0,shared_nucleotide
x_2_19,x_19_36,8.0,shared_nucleotide
x_2_19,x_19_40,8.0,shared_nucleotide
x_2_19,x_19_44,8.0,shared_nucleotide
x_2_25,x_2_30,8.0,shared_nucleotide
x_2_25,x_2_32,8.0,shared_nucleotide
x_2_25,x_2_37,8.0,shared_nucleotide
x_2_25,x_2_38,8.0,shared_nucleotide
x_2_25,x_2_39,8.0,shared_nucleotide
x_2_25,x_2_41,8.0,shared_nucleotide
x_2_25,x_2_42,8.0,shared_nucleotide
x_2_25,x_2_43,8.0,shared_nucleotide
x_2_25,x_3_30,8.0,crossing_pair
x_2_25,x_3_37,8.0,crossing_pair
x_2_25,x_3_38,8.0,crossing_pair
x_2_25,x_3_39,8.0,crossing_pair
x_2_25,x_3_42,8.0,crossing_pair
x_2_25,x_3_43,8.0,crossing_pair
x_2_25,x_4_25,8.0,shared_nucleotide
x_2_25,x_4_30,8.0,crossing_pair
x_2_25,x_4_32,8.0,crossing_pair
x_2_25,x_4_37,8.0,crossing_pair
x_2_25,x_4_38,8.0,crossing_pair
x_2_25,x_4_39,8.0,crossing_pair
x_2_25,x_4_41,8.0,crossing_pair
x_2_25,x_4_42,8.0,crossing_pair
x_2_25,x_4_43,8.0,crossing_pair
x_2_25,x_5_34,8.0,crossing_pair
x_2_25,x_5_40,8.0,crossing_pair
x_2_25,x_5_44,8.0,crossing_pair
x_2_25,x_6_30,8.0,crossing_pair
x_2_25,x_6_37,8.0,crossing_pair
x_2_25,x_6_38,8.0,crossing_pair
x_2_25,x_6_39,8.0,crossing_pair
x_2_25,x_6_42,8.0,crossing_pair
x_2_25,x_6_43,8.0,crossing_pair
x_2_25,x_7_30,8.0,crossing_pair
x_2_25,x_7_37,8.0,crossing_pair
x_2_25,x_7_38,8.0,crossing_pair
x_2_25,x_7_39,8.0,crossing_pair
x_2_25,x_7_42,8.0,crossing_pair
x_2_25,x_7_43,8.0,crossing_pair
x_2_25,x_8_30,8.0,crossing_pair
x_2_25,x_8_37,8.0,crossing_pair
x_2_25,x_8_38,8.0,crossing_pair
x_2_25,x_8_39,8.0,crossing_pair
x_2_25,x_8_42,8.0,crossing_pair
x_2_25,x_8_43,8.0,crossing_pair
x_2_25,x_9_30,8.0,crossing_pair
x_2_25,x_9_37,8.0,crossing_pair
x_2_25,x_9_38,8.0,crossing_pair
x_2_25,x_9_39,8.0,crossing_pair
x_2_25,x_9_42,8.0,crossing_pair
x_2_25,x_9_43,8.0,crossing_pair
x_2_25,x_10_34,8.0,crossing_pair
x_2_25,x_10_40,8.0,crossing_pair
x_2_25,x_10_44,8.0,crossing_pair
x_2_25,x_11_26,8.0,crossing_pair
x_2_25,x_11_27,8.0,crossing_pair
x_2_25,x_11_28,8.0,crossing_pair
x_2_25,x_11_29,8.0,crossing_pair
x_2_25,x_11_31,8.0,crossing_pair
x_2_25,x_11_33,8.0,crossing_pair
x_2_25,x_11_34,8.0,crossing_pair
x_2_25,x_11_35,8.0,crossing_pair
x_2_25,x_11_36,8.0,crossing_pair
x_2_25,x_11_40,8.0,crossing_pair
x_2_25,x_11_44,8.0,crossing_pair
x_2_25,x_12_26,8.0,crossing_pair
x_2_25,x_12_27,8.0,crossing_pair
x_2_25,x_12_28,8.0,crossing_pair
x_2_25,x_12_29,8.0,crossing_pair
x_2_25,x_12_31,8.0,crossing_pair
x_2_25,x_12_33,8.0,crossing_pair
x_2_25,x_12_34,8.0,crossing_pair
x_2_25,x_12_35,8.0,crossing_pair
x_2_25,x_12_36,8.0,crossing_pair
x_2_25,x_12_40,8.0,crossing_pair
x_2_25,x_12_44,8.0,crossing_pair
x_2_25,x_13_25,8.0,shared_nucleotide
x_2_25,x_13_30,8.0,crossing_pair
x_2_25,x_13_32,8.0,crossing_pair
x_2_25,x_13_37,8.0,crossing_pair
x_2_25,x_13_38,8.0,crossing_pair
x_2_25,x_13_39,8.0,crossing_pair
x_2_25,x_13_41,8.0,crossing_pair
x_2_25,x_13_42,8.0,crossing_pair
x_2_25,x_13_43,8.0,crossing_pair
x_2_25,x_14_26,8.0,crossing_pair
x_2_25,x_14_27,8.0,crossing_pair
x_2_25,x_14_28,8.0,crossing_pair
x_2_25,x_14_29,8.0,crossing_pair
x_2_25,x_14_31,8.0,crossing_pair
x_2_25,x_14_33,8.0,crossing_pair
x_2_25,x_14_34,8.0,crossing_pair
x_2_25,x_14_35,8.0,crossing_pair
x_2_25,x_14_36,8.0,crossing_pair
x_2_25,x_14_40,8.0,crossing_pair
x_2_25,x_14_44,8.0,crossing_pair
x_2_25,x_15_34,8.0,crossing_pair
x_2_25,x_15_40,8.0,crossing_pair
x_2_25,x_15_44,8.0,crossing_pair
x_2_25,x_16_25,8.0,shared_nucleotide
x_2_25,x_16_30,8.0,crossing_pair
x_2_25,x_16_32,8.0,crossing_pair
x_2_25,x_16_37,8.0,crossing_pair
x_2_25,x_16_38,8.0,crossing_pair
x_2_25,x_16_39,8.0,crossing_pair
x_2_25,x_16_41,8.0,crossing_pair
x_2_25,x_16_42,8.0,crossing_pair
x_2_25,x_16_43,8.0,crossing_pair
x_2_25,x_17_30,8.0,crossing_pair
x_2_25,x_17_37,8.0,crossing_pair
x_2_25,x_17_38,8.0,crossing_pair
x_2_25,x_17_39,8.0,crossing_pair
x_2_25,x_17_42,8.0,crossing_pair
x_2_25,x_17_43,8.0,crossing_pair
x_2_25,x_18_26,8.0,crossing_pair
x_2_25,x_18_27,8.0,crossing_pair
x_2_25,x_18_28,8.0,crossing_pair
x_2_25,x_18_29,8.0,crossing_pair
x_2_25,x_18_31,8.0,crossing_pair
x_2_25,x_18_33,8.0,crossing_pair
x_2_25,x_18_34,8.0,crossing_pair
x_2_25,x_18_35,8.0,crossing_pair
x_2_25,x_18_36,8.0,crossing_pair
x_2_25,x_18_40,8.0,crossing_pair
x_2_25,x_18_44,8.0,crossing_pair
x_2_25,x_19_26,8.0,crossing_pair
x_2_25,x_19_27,8.0,crossing_pair
x_2_25,x_19_28,8.0,crossing_pair
x_2_25,x_19_29,8.0,crossing_pair
x_2_25,x_19_31,8.0,crossing_pair
x_2_25,x_19_33,8.0,crossing_pair
x_2_25,x_19_34,8.0,crossing_pair
x_2_25,x_19_35,8.0,crossing_pair
x_2_25,x_19_36,8.0,crossing_pair
x_2_25,x_19_40,8.0,crossing_pair
x_2_25,x_19_44,8.0,crossing_pair
x_2_25,x_20_25,8.0,shared_nucleotide
x_2_25,x_20_30,8.0,crossing_pair
x_2_25,x_20_32,8.0,crossing_pair
x_2_25,x_20_37,8.0,crossing_pair
x_2_25,x_20_38,8.0,crossing_pair
x_2_25,x_20_39,8.0,crossing_pair
x_2_25,x_20_41,8.0,crossing_pair
x_2_25,x_20_42,8.0,crossing_pair
x_2_25,x_20_43,8.0,crossing_pair
x_2_25,x_21_30,8.0,crossing_pair
x_2_25,x_21_37,8.0,crossing_pair
x_2_25,x_21_38,8.0,crossing_pair
x_2_25,x_21_39,8.0,crossing_pair
x_2_25,x_21_42,8.0,crossing_pair
x_2_25,x_21_43,8.0,crossing_pair
x_2_25,x_22_30,8.0,crossing_pair
x_2_25,x_22_32,8.0,crossing_pair
x_2_25,x_22_37,8.0,crossing_pair
x_2_25,x_22_38,8.0,crossing_pair
x_2_25,x_22_39,8.0,crossing_pair
x_2_25,x_22_41,8.0,crossing_pair
x_2_25,x_22_42,8.0,crossing_pair
x_2_25,x_22_43,8.0,crossing_pair
x_2_25,x_23_30,8.0,crossing_pair
x_2_25,x_23_37,8.0,crossing_pair
x_2_25,x_23_38,8.0,crossing_pair
x_2_25,x_23_39,8.0,crossing_pair
x_2_25,x_23_42,8.0,crossing_pair
x_2_25,x_23_43,8.0,crossing_pair
x_2_25,x_24_30,8.0,crossing_pair
x_2_25,x_24_37,8.0,crossing_pair
x_2_25,x_24_38,8.0,crossing_pair
x_2_25,x_24_39,8.0,crossing_pair
x_2_25,x_24_42,8.0,crossing_pair
x_2_25,x_24_43,8.0,crossing_pair
x_2_25,x_25_34,8.0,shared_nucleotide
x_2_25,x_25_40,8.0,shared_nucleotide
x_2_25,x_25_44,8.0,shared_nucleotide
x_2_30,x_2_32,8.0,shared_nucleotide
x_2_30,x_2_37,8.0,shared_nucleotide
x_2_30,x_2_38,8.0,shared_nucleotide
x_2_30,x_2_39,8.0,shared_nucleotide
x_2_30,x_2_41,8.0,shared_nucleotide
x_2_30,x_2_42,8.0,shared_nucleotide
x_2_30,x_2_43,8.0,shared_nucleotide
x_2_30,x_3_30,8.0,shared_nucleotide
x_2_30,x_3_37,8.0,crossing_pair
x_2_30,x_3_38,8.0,crossing_pair
x_2_30,x_3_39,8.0,crossing_pair
x_2_30,x_3_42,8.0,crossing_pair
x_2_30,x_3_43,8.0,crossing_pair
x_2_30,x_4_30,8.0,shared_nucleotide
x_2_30,x_4_32,8.0,crossing_pair
x_2_30,x_4_37,8.0,crossing_pair
x_2_30,x_4_38,8.0,crossing_pair
x_2_30,x_4_39,8.0,crossing_pair
x_2_30,x_4_41,8.0,crossing_pair
x_2_30,x_4_42,8.0,crossing_pair
x_2_30,x_4_43,8.0,crossing_pair
x_2_30,x_5_34,8.0,crossing_pair
x_2_30,x_5_40,8.0,crossing_pair
x_2_30,x_5_44,8.0,crossing_pair
x_2_30,x_6_30,8.0,shared_nucleotide
x_2_30,x_6_37,8.0,crossing_pair
x_2_30,x_6_38,8.0,crossing_pair
x_2_30,x_6_39,8.0,crossing_pair
x_2_30,x_6_42,8.0,crossing_pair
x_2_30,x_6_43,8.0,crossing_pair
x_2_30,x_7_30,8.0,shared_nucleotide
x_2_30,x_7_37,8.0,crossing_pair
x_2_30,x_7_38,8.0,crossing_pair
x_2_30,x_7_39,8.0,crossing_pair
x_2_30,x_7_42,8.0,crossing_pair
x_2_30,x_7_43,8.0,crossing_pair
x_2_30,x_8_30,8.0,shared_nucleotide
x_2_30,x_8_37,8.0,crossing_pair
x_2_30,x_8_38,8.0,crossing_pair
x_2_30,x_8_39,8.0,crossing_pair
x_2_30,x_8_42,8.0,crossing_pair
x_2_30,x_8_43,8.0,crossing_pair
x_2_30,x_9_30,8.0,shared_nucleotide
x_2_30,x_9_37,8.0,crossing_pair
x_2_30,x_9_38,8.0,crossing_pair
x_2_30,x_9_39,8.0,crossing_pair
x_2_30,x_9_42,8.0,crossing_pair
x_2_30,x_9_43,8.0,crossing_pair
x_2_30,x_10_34,8.0,crossing_pair
x_2_30,x_10_40,8.0,crossing_pair
x_2_30,x_10_44,8.0,crossing_pair
x_2_30,x_11_31,8.0,crossing_pair
x_2_30,x_11_33,8.0,crossing_pair
x_2_30,x_11_34,8.0,crossing_pair
x_2_30,x_11_35,8.0,crossing_pair
x_2_30,x_11_36,8.0,crossing_pair
x_2_30,x_11_40,8.0,crossing_pair
x_2_30,x_11_44,8.0,crossing_pair
x_2_30,x_12_31,8.0,crossing_pair
x_2_30,x_12_33,8.0,crossing_pair
x_2_30,x_12_34,8.0,crossing_pair
x_2_30,x_12_35,8.0,crossing_pair
x_2_30,x_12_36,8.0,crossing_pair
x_2_30,x_12_40,8.0,crossing_pair
x_2_30,x_12_44,8.0,crossing_pair
x_2_30,x_13_30,8.0,shared_nucleotide
x_2_30,x_13_32,8.0,crossing_pair
x_2_30,x_13_37,8.0,crossing_pair
x_2_30,x_13_38,8.0,crossing_pair
x_2_30,x_13_39,8.0,crossing_pair
x_2_30,x_13_41,8.0,crossing_pair
x_2_30,x_13_42,8.0,crossing_pair
x_2_30,x_13_43,8.0,crossing_pair
x_2_30,x_14_31,8.0,crossing_pair
x_2_30,x_14_33,8.0,crossing_pair
x_2_30,x_14_34,8.0,crossing_pair
x_2_30,x_14_35,8.0,crossing_pair
x_2_30,x_14_36,8.0,crossing_pair
x_2_30,x_14_40,8.0,crossing_pair
x_2_30,x_14_44,8.0,crossing_pair
x_2_30,x_15_34,8.0,crossing_pair
x_2_30,x_15_40,8.0,crossing_pair
x_2_30,x_15_44,8.0,crossing_pair
x_2_30,x_16_30,8.0,shared_nucleotide
x_2_30,x_16_32,8.0,crossing_pair
x_2_30,x_16_37,8.0,crossing_pair
x_2_30,x_16_38,8.0,crossing_pair
x_2_30,x_16_39,8.0,crossing_pair
x_2_30,x_16_41,8.0,crossing_pair
x_2_30,x_16_42,8.0,crossing_pair
x_2_30,x_16_43,8.0,crossing_pair
x_2_30,x_17_30,8.0,shared_nucleotide
x_2_30,x_17_37,8.0,crossing_pair
x_2_30,x_17_38,8.0,crossing_pair
x_2_30,x_17_39,8.0,crossing_pair
x_2_30,x_17_42,8.0,crossing_pair
x_2_30,x_17_43,8.0,crossing_pair
x_2_30,x_18_31,8.0,crossing_pair
x_2_30,x_18_33,8.0,crossing_pair
x_2_30,x_18_34,8.0,crossing_pair
x_2_30,x_18_35,8.0,crossing_pair
x_2_30,x_18_36,8.0,crossing_pair
x_2_30,x_18_40,8.0,crossing_pair
x_2_30,x_18_44,8.0,crossing_pair
x_2_30,x_19_31,8.0,crossing_pair
x_2_30,x_19_33,8.0,crossing_pair
x_2_30,x_19_34,8.0,crossing_pair
x_2_30,x_19_35,8.0,crossing_pair
x_2_30,x_19_36,8.0,crossing_pair
x_2_30,x_19_40,8.0,crossing_pair
x_2_30,x_19_44,8.0,crossing_pair
x_2_30,x_20_30,8.0,shared_nucleotide
x_2_30,x_20_32,8.0,crossing_pair
x_2_30,x_20_37,8.0,crossing_pair
x_2_30,x_20_38,8.0,crossing_pair
x_2_30,x_20_39,8.0,crossing_pair
x_2_30,x_20_41,8.0,crossing_pair
x_2_30,x_20_42,8.0,crossing_pair
x_2_30,x_20_43,8.0,crossing_pair
x_2_30,x_21_30,8.0,shared_nucleotide
x_2_30,x_21_37,8.0,crossing_pair
x_2_30,x_21_38,8.0,crossing_pair
x_2_30,x_21_39,8.0,crossing_pair
x_2_30,x_21_42,8.0,crossing_pair
x_2_30,x_21_43,8.0,crossing_pair
x_2_30,x_22_30,8.0,shared_nucleotide
x_2_30,x_22_32,8.0,crossing_pair
x_2_30,x_22_37,8.0,crossing_pair
x_2_30,x_22_38,8.0,crossing_pair
x_2_30,x_22_39,8.0,crossing_pair
x_2_30,x_22_41,8.0,crossing_pair
x_2_30,x_22_42,8.0,crossing_pair
x_2_30,x_22_43,8.0,crossing_pair
x_2_30,x_23_30,8.0,shared_nucleotide
x_2_30,x_23_37,8.0,crossing_pair
x_2_30,x_23_38,8.0,crossing_pair
x_2_30,x_23_39,8.0,crossing_pair
x_2_30,x_23_42,8.0,crossing_pair
x_2_30,x_23_43,8.0,crossing_pair
x_2_30,x_24_30,8.0,shared_nucleotide
x_2_30,x_24_37,8.0,crossing_pair
x_2_30,x_24_38,8.0,crossing_pair
x_2_30,x_24_39,8.0,crossing_pair
x_2_30,x_24_42,8.0,crossing_pair
x_2_30,x_24_43,8.0,crossing_pair
x_2_30,x_25_34,8.0,crossing_pair
x_2_30,x_25_40,8.0,crossing_pair
x_2_30,x_25_44,8.0,crossing_pair
x_2_30,x_26_30,8.0,shared_nucleotide
x_2_30,x_26_37,8.0,crossing_pair
x_2_30,x_26_38,8.0,crossing_pair
x_2_30,x_26_39,8.0,crossing_pair
x_2_30,x_26_42,8.0,crossing_pair
x_2_30,x_26_43,8.0,crossing_pair
x_2_30,x_27_37,8.0,crossing_pair
x_2_30,x_27_38,8.0,crossing_pair
x_2_30,x_27_39,8.0,crossing_pair
x_2_30,x_27_42,8.0,crossing_pair
x_2_30,x_27_43,8.0,crossing_pair
x_2_30,x_28_37,8.0,crossing_pair
x_2_30,x_28_38,8.0,crossing_pair
x_2_30,x_28_39,8.0,crossing_pair
x_2_30,x_28_42,8.0,crossing_pair
x_2_30,x_28_43,8.0,crossing_pair
x_2_30,x_29_37,8.0,crossing_pair
x_2_30,x_29_38,8.0,crossing_pair
x_2_30,x_29_39,8.0,crossing_pair
x_2_30,x_29_42,8.0,crossing_pair
x_2_30,x_29_43,8.0,crossing_pair
x_2_30,x_30_34,8.0,shared_nucleotide
x_2_30,x_30_35,8.0,shared_nucleotide
x_2_30,x_30_36,8.0,shared_nucleotide
x_2_30,x_30_40,8.0,shared_nucleotide
x_2_30,x_30_44,8.0,shared_nucleotide
x_2_32,x_2_37,8.0,shared_nucleotide
x_2_32,x_2_38,8.0,shared_nucleotide
x_2_32,x_2_39,8.0,shared_nucleotide
x_2_32,x_2_41,8.0,shared_nucleotide
x_2_32,x_2_42,8.0,shared_nucleotide
x_2_32,x_2_43,8.0,shared_nucleotide
x_2_32,x_3_37,8.0,crossing_pair
x_2_32,x_3_38,8.0,crossing_pair
x_2_32,x_3_39,8.0,crossing_pair
x_2_32,x_3_42,8.0,crossing_pair
x_2_32,x_3_43,8.0,crossing_pair
x_2_32,x_4_32,8.0,shared_nucleotide
x_2_32,x_4_37,8.0,crossing_pair
x_2_32,x_4_38,8.0,crossing_pair
x_2_32,x_4_39,8.0,crossing_pair
x_2_32,x_4_41,8.0,crossing_pair
x_2_32,x_4_42,8.0,crossing_pair
x_2_32,x_4_43,8.0,crossing_pair
x_2_32,x_5_34,8.0,crossing_pair
x_2_32,x_5_40,8.0,crossing_pair
x_2_32,x_5_44,8.0,crossing_pair
x_2_32,x_6_37,8.0,crossing_pair
x_2_32,x_6_38,8.0,crossing_pair
x_2_32,x_6_39,8.0,crossing_pair
x_2_32,x_6_42,8.0,crossing_pair
x_2_32,x_6_43,8.0,crossing_pair
x_2_32,x_7_37,8.0,crossing_pair
x_2_32,x_7_38,8.0,crossing_pair
x_2_32,x_7_39,8.0,crossing_pair
x_2_32,x_7_42,8.0,crossing_pair
x_2_32,x_7_43,8.0,crossing_pair
x_2_32,x_8_37,8.0,crossing_pair
x_2_32,x_8_38,8.0,crossing_pair
x_2_32,x_8_39,8.0,crossing_pair
x_2_32,x_8_42,8.0,crossing_pair
x_2_32,x_8_43,8.0,crossing_pair
x_2_32,x_9_37,8.0,crossing_pair
x_2_32,x_9_38,8.0,crossing_pair
x_2_32,x_9_39,8.0,crossing_pair
x_2_32,x_9_42,8.0,crossing_pair
x_2_32,x_9_43,8.0,crossing_pair
x_2_32,x_10_34,8.0,crossing_pair
x_2_32,x_10_40,8.0,crossing_pair
x_2_32,x_10_44,8.0,crossing_pair
x_2_32,x_11_33,8.0,crossing_pair
x_2_32,x_11_34,8.0,crossing_pair
x_2_32,x_11_35,8.0,crossing_pair
x_2_32,x_11_36,8.0,crossing_pair
x_2_32,x_11_40,8.0,crossing_pair
x_2_32,x_11_44,8.0,crossing_pair
x_2_32,x_12_33,8.0,crossing_pair
x_2_32,x_12_34,8.0,crossing_pair
x_2_32,x_12_35,8.0,crossing_pair
x_2_32,x_12_36,8.0,crossing_pair
x_2_32,x_12_40,8.0,crossing_pair
x_2_32,x_12_44,8.0,crossing_pair
x_2_32,x_13_32,8.0,shared_nucleotide
x_2_32,x_13_37,8.0,crossing_pair
x_2_32,x_13_38,8.0,crossing_pair
x_2_32,x_13_39,8.0,crossing_pair
x_2_32,x_13_41,8.0,crossing_pair
x_2_32,x_13_42,8.0,crossing_pair
x_2_32,x_13_43,8.0,crossing_pair
x_2_32,x_14_33,8.0,crossing_pair
x_2_32,x_14_34,8.0,crossing_pair
x_2_32,x_14_35,8.0,crossing_pair
x_2_32,x_14_36,8.0,crossing_pair
x_2_32,x_14_40,8.0,crossing_pair
x_2_32,x_14_44,8.0,crossing_pair
x_2_32,x_15_34,8.0,crossing_pair
x_2_32,x_15_40,8.0,crossing_pair
x_2_32,x_15_44,8.0,crossing_pair
x_2_32,x_16_32,8.0,shared_nucleotide
x_2_32,x_16_37,8.0,crossing_pair
x_2_32,x_16_38,8.0,crossing_pair
x_2_32,x_16_39,8.0,crossing_pair
x_2_32,x_16_41,8.0,crossing_pair
x_2_32,x_16_42,8.0,crossing_pair
x_2_32,x_16_43,8.0,crossing_pair
x_2_32,x_17_37,8.0,crossing_pair
x_2_32,x_17_38,8.0,crossing_pair
x_2_32,x_17_39,8.0,crossing_pair
x_2_32,x_17_42,8.0,crossing_pair
x_2_32,x_17_43,8.0,crossing_pair
x_2_32,x_18_33,8.0,crossing_pair
x_2_32,x_18_34,8.0,crossing_pair
x_2_32,x_18_35,8.0,crossing_pair
x_2_32,x_18_36,8.0,crossing_pair
x_2_32,x_18_40,8.0,crossing_pair
x_2_32,x_18_44,8.0,crossing_pair
x_2_32,x_19_33,8.0,crossing_pair
x_2_32,x_19_34,8.0,crossing_pair
x_2_32,x_19_35,8.0,crossing_pair
x_2_32,x_19_36,8.0,crossing_pair
x_2_32,x_19_40,8.0,crossing_pair
x_2_32,x_19_44,8.0,crossing_pair
x_2_32,x_20_32,8.0,shared_nucleotide
x_2_32,x_20_37,8.0,crossing_pair
x_2_32,x_20_38,8.0,crossing_pair
x_2_32,x_20_39,8.0,crossing_pair
x_2_32,x_20_41,8.0,crossing_pair
x_2_32,x_20_42,8.0,crossing_pair
x_2_32,x_20_43,8.0,crossing_pair
x_2_32,x_21_37,8.0,crossing_pair
x_2_32,x_21_38,8.0,crossing_pair
x_2_32,x_21_39,8.0,crossing_pair
x_2_32,x_21_42,8.0,crossing_pair
x_2_32,x_21_43,8.0,crossing_pair
x_2_32,x_22_32,8.0,shared_nucleotide
x_2_32,x_22_37,8.0,crossing_pair
x_2_32,x_22_38,8.0,crossing_pair
x_2_32,x_22_39,8.0,crossing_pair
x_2_32,x_22_41,8.0,crossing_pair
x_2_32,x_22_42,8.0,crossing_pair
x_2_32,x_22_43,8.0,crossing_pair
x_2_32,x_23_37,8.0,crossing_pair
x_2_32,x_23_38,8.0,crossing_pair
x_2_32,x_23_39,8.0,crossing_pair
x_2_32,x_23_42,8.0,crossing_pair
x_2_32,x_23_43,8.0,crossing_pair
x_2_32,x_24_37,8.0,crossing_pair
x_2_32,x_24_38,8.0,crossing_pair
x_2_32,x_24_39,8.0,crossing_pair
x_2_32,x_24_42,8.0,crossing_pair
x_2_32,x_24_43,8.0,crossing_pair
x_2_32,x_25_34,8.0,crossing_pair
x_2_32,x_25_40,8.0,crossing_pair
x_2_32,x_25_44,8.0,crossing_pair
x_2_32,x_26_37,8.0,crossing_pair
x_2_32,x_26_38,8.0,crossing_pair
x_2_32,x_26_39,8.0,crossing_pair
x_2_32,x_26_42,8.0,crossing_pair
x_2_32,x_26_43,8.0,crossing_pair
x_2_32,x_27_37,8.0,crossing_pair
x_2_32,x_27_38,8.0,crossing_pair
x_2_32,x_27_39,8.0,crossing_pair
x_2_32,x_27_42,8.0,crossing_pair
x_2_32,x_27_43,8.0,crossing_pair
x_2_32,x_28_37,8.0,crossing_pair
x_2_32,x_28_38,8.0,crossing_pair
x_2_32,x_28_39,8.0,crossing_pair
x_2_32,x_28_42,8.0,crossing_pair
x_2_32,x_28_43,8.0,crossing_pair
x_2_32,x_29_37,8.0,crossing_pair
x_2_32,x_29_38,8.0,crossing_pair
x_2_32,x_29_39,8.0,crossing_pair
x_2_32,x_29_42,8.0,crossing_pair
x_2_32,x_29_43,8.0,crossing_pair
x_2_32,x_30_34,8.0,crossing_pair
x_2_32,x_30_35,8.0,crossing_pair
x_2_32,x_30_36,8.0,crossing_pair
x_2_32,x_30_40,8.0,crossing_pair
x_2_32,x_30_44,8.0,crossing_pair
x_2_32,x_31_37,8.0,crossing_pair
x_2_32,x_31_38,8.0,crossing_pair
x_2_32,x_31_39,8.0,crossing_pair
x_2_32,x_31_42,8.0,crossing_pair
x_2_32,x_31_43,8.0,crossing_pair
x_2_32,x_32_40,8.0,shared_nucleotide
x_2_32,x_32_44,8.0,shared_nucleotide
x_2_37,x_2_38,8.0,shared_nucleotide
x_2_37,x_2_39,8.0,shared_nucleotide
x_2_37,x_2_41,8.0,shared_nucleotide
x_2_37,x_2_42,8.0,shared_nucleotide
x_2_37,x_2_43,8.0,shared_nucleotide
x_2_37,x_3_37,8.0,shared_nucleotide
x_2_37,x_3_38,8.0,crossing_pair
x_2_37,x_3_39,8.0,crossing_pair
x_2_37,x_3_42,8.0,crossing_pair
x_2_37,x_3_43,8.0,crossing_pair
x_2_37,x_4_37,8.0,shared_nucleotide
x_2_37,x_4_38,8.0,crossing_pair
x_2_37,x_4_39,8.0,crossing_pair
x_2_37,x_4_41,8.0,crossing_pair
x_2_37,x_4_42,8.0,crossing_pair
x_2_37,x_4_43,8.0,crossing_pair
x_2_37,x_5_40,8.0,crossing_pair
x_2_37,x_5_44,8.0,crossing_pair
x_2_37,x_6_37,8.0,shared_nucleotide
x_2_37,x_6_38,8.0,crossing_pair
x_2_37,x_6_39,8.0,crossing_pair
x_2_37,x_6_42,8.0,crossing_pair
x_2_37,x_6_43,8.0,crossing_pair
x_2_37,x_7_37,8.0,shared_nucleotide
x_2_37,x_7_38,8.0,crossing_pair
x_2_37,x_7_39,8.0,crossing_pair
x_2_37,x_7_42,8.0,crossing_pair
x_2_37,x_7_43,8.0,crossing_pair
x_2_37,x_8_37,8.0,shared_nucleotide
x_2_37,x_8_38,8.0,crossing_pair
x_2_37,x_8_39,8.0,crossing_pair
x_2_37,x_8_42,8.0,crossing_pair
x_2_37,x_8_43,8.0,crossing_pair
x_2_37,x_9_37,8.0,shared_nucleotide
x_2_37,x_9_38,8.0,crossing_pair
x_2_37,x_9_39,8.0,crossing_pair
x_2_37,x_9_42,8.0,crossing_pair
x_2_37,x_9_43,8.0,crossing_pair
x_2_37,x_10_40,8.0,crossing_pair
x_2_37,x_10_44,8.0,crossing_pair
x_2_37,x_11_40,8.0,crossing_pair
x_2_37,x_11_44,8.0,crossing_pair
x_2_37,x_12_40,8.0,crossing_pair
x_2_37,x_12_44,8.0,crossing_pair
x_2_37,x_13_37,8.0,shared_nucleotide
x_2_37,x_13_38,8.0,crossing_pair
x_2_37,x_13_39,8.0,crossing_pair
x_2_37,x_13_41,8.0,crossing_pair
x_2_37,x_13_42,8.0,crossing_pair
x_2_37,x_13_43,8.0,crossing_pair
x_2_37,x_14_40,8.0,crossing_pair
x_2_37,x_14_44,8.0,crossing_pair
x_2_37,x_15_40,8.0,crossing_pair
x_2_37,x_15_44,8.0,crossing_pair
x_2_37,x_16_37,8.0,shared_nucleotide
x_2_37,x_16_38,8.0,crossing_pair
x_2_37,x_16_39,8.0,crossing_pair
x_2_37,x_16_41,8.0,crossing_pair
x_2_37,x_16_42,8.0,crossing_pair
x_2_37,x_16_43,8.0,crossing_pair
x_2_37,x_17_37,8.0,shared_nucleotide
x_2_37,x_17_38,8.0,crossing_pair
x_2_37,x_17_39,8.0,crossing_pair
x_2_37,x_17_42,8.0,crossing_pair
x_2_37,x_17_43,8.0,crossing_pair
x_2_37,x_18_40,8.0,crossing_pair
x_2_37,x_18_44,8.0,crossing_pair
x_2_37,x_19_40,8.0,crossing_pair
x_2_37,x_19_44,8.0,crossing_pair
x_2_37,x_20_37,8.0,shared_nucleotide
x_2_37,x_20_38,8.0,crossing_pair
x_2_37,x_20_39,8.0,crossing_pair
x_2_37,x_20_41,8.0,crossing_pair
x_2_37,x_20_42,8.0,crossing_pair
x_2_37,x_20_43,8.0,crossing_pair
x_2_37,x_21_37,8.0,shared_nucleotide
x_2_37,x_21_38,8.0,crossing_pair
x_2_37,x_21_39,8.0,crossing_pair
x_2_37,x_21_42,8.0,crossing_pair
x_2_37,x_21_43,8.0,crossing_pair
x_2_37,x_22_37,8.0,shared_nucleotide
x_2_37,x_22_38,8.0,crossing_pair
x_2_37,x_22_39,8.0,crossing_pair
x_2_37,x_22_41,8.0,crossing_pair
x_2_37,x_22_42,8.0,crossing_pair
x_2_37,x_22_43,8.0,crossing_pair
x_2_37,x_23_37,8.0,shared_nucleotide
x_2_37,x_23_38,8.0,crossing_pair
x_2_37,x_23_39,8.0,crossing_pair
x_2_37,x_23_42,8.0,crossing_pair
x_2_37,x_23_43,8.0,crossing_pair
x_2_37,x_24_37,8.0,shared_nucleotide
x_2_37,x_24_38,8.0,crossing_pair
x_2_37,x_24_39,8.0,crossing_pair
x_2_37,x_24_42,8.0,crossing_pair
x_2_37,x_24_43,8.0,crossing_pair
x_2_37,x_25_40,8.0,crossing_pair
x_2_37,x_25_44,8.0,crossing_pair
x_2_37,x_26_37,8.0,shared_nucleotide
x_2_37,x_26_38,8.0,crossing_pair
x_2_37,x_26_39,8.0,crossing_pair
x_2_37,x_26_42,8.0,crossing_pair
x_2_37,x_26_43,8.0,crossing_pair
x_2_37,x_27_37,8.0,shared_nucleotide
x_2_37,x_27_38,8.0,crossing_pair
x_2_37,x_27_39,8.0,crossing_pair
x_2_37,x_27_42,8.0,crossing_pair
x_2_37,x_27_43,8.0,crossing_pair
x_2_37,x_28_37,8.0,shared_nucleotide
x_2_37,x_28_38,8.0,crossing_pair
x_2_37,x_28_39,8.0,crossing_pair
x_2_37,x_28_42,8.0,crossing_pair
x_2_37,x_28_43,8.0,crossing_pair
x_2_37,x_29_37,8.0,shared_nucleotide
x_2_37,x_29_38,8.0,crossing_pair
x_2_37,x_29_39,8.0,crossing_pair
x_2_37,x_29_42,8.0,crossing_pair
x_2_37,x_29_43,8.0,crossing_pair
x_2_37,x_30_40,8.0,crossing_pair
x_2_37,x_30_44,8.0,crossing_pair
x_2_37,x_31_37,8.0,shared_nucleotide
x_2_37,x_31_38,8.0,crossing_pair
x_2_37,x_31_39,8.0,crossing_pair
x_2_37,x_31_42,8.0,crossing_pair
x_2_37,x_31_43,8.0,crossing_pair
x_2_37,x_32_40,8.0,crossing_pair
x_2_37,x_32_44,8.0,crossing_pair
x_2_37,x_33_37,8.0,shared_nucleotide
x_2_37,x_33_38,8.0,crossing_pair
x_2_37,x_33_39,8.0,crossing_pair
x_2_37,x_33_42,8.0,crossing_pair
x_2_37,x_33_43,8.0,crossing_pair
x_2_37,x_34_38,8.0,crossing_pair
x_2_37,x_34_39,8.0,crossing_pair
x_2_37,x_34_41,8.0,crossing_pair
x_2_37,x_34_42,8.0,crossing_pair
x_2_37,x_34_43,8.0,crossing_pair
x_2_37,x_35_39,8.0,crossing_pair
x_2_37,x_35_42,8.0,crossing_pair
x_2_37,x_35_43,8.0,crossing_pair
x_2_37,x_36_42,8.0,crossing_pair
x_2_37,x_36_43,8.0,crossing_pair
x_2_37,x_37_44,8.0,shared_nucleotide
x_2_38,x_2_39,8.0,shared_nucleotide
x_2_38,x_2_41,8.0,shared_nucleotide
x_2_38,x_2_42,8.0,shared_nucleotide
x_2_38,x_2_43,8.0,shared_nucleotide
x_2_38,x_3_38,8.0,shared_nucleotide
x_2_38,x_3_39,8.0,crossing_pair
x_2_38,x_3_42,8.0,crossing_pair
x_2_38,x_3_43,8.0,crossing_pair
x_2_38,x_4_38,8.0,shared_nucleotide
x_2_38,x_4_39,8.0,crossing_pair
x_2_38,x_4_41,8.0,crossing_pair
x_2_38,x_4_42,8.0,crossing_pair
x_2_38,x_4_43,8.0,crossing_pair
x_2_38,x_5_40,8.0,crossing_pair
x_2_38,x_5_44,8.0,crossing_pair
x_2_38,x_6_38,8.0,shared_nucleotide
x_2_38,x_6_39,8.0,crossing_pair
x_2_38,x_6_42,8.0,crossing_pair
x_2_38,x_6_43,8.0,crossing_pair
x_2_38,x_7_38,8.0,shared_nucleotide
x_2_38,x_7_39,8.0,crossing_pair
x_2_38,x_7_42,8.0,crossing_pair
x_2_38,x_7_43,8.0,crossing_pair
x_2_38,x_8_38,8.0,shared_nucleotide
x_2_38,x_8_39,8.0,crossing_pair
x_2_38,x_8_42,8.0,crossing_pair
x_2_38,x_8_43,8.0,crossing_pair
x_2_38,x_9_38,8.0,shared_nucleotide
x_2_38,x_9_39,8.0,crossing_pair
x_2_38,x_9_42,8.0,crossing_pair
x_2_38,x_9_43,8.0,crossing_pair
x_2_38,x_10_40,8.0,crossing_pair
x_2_38,x_10_44,8.0,crossing_pair
x_2_38,x_11_40,8.0,crossing_pair
x_2_38,x_11_44,8.0,crossing_pair
x_2_38,x_12_40,8.0,crossing_pair
x_2_38,x_12_44,8.0,crossing_pair
x_2_38,x_13_38,8.0,shared_nucleotide
x_2_38,x_13_39,8.0,crossing_pair
x_2_38,x_13_41,8.0,crossing_pair
x_2_38,x_13_42,8.0,crossing_pair
x_2_38,x_13_43,8.0,crossing_pair
x_2_38,x_14_40,8.0,crossing_pair
x_2_38,x_14_44,8.0,crossing_pair
x_2_38,x_15_40,8.0,crossing_pair
x_2_38,x_15_44,8.0,crossing_pair
x_2_38,x_16_38,8.0,shared_nucleotide
x_2_38,x_16_39,8.0,crossing_pair
x_2_38,x_16_41,8.0,crossing_pair
x_2_38,x_16_42,8.0,crossing_pair
x_2_38,x_16_43,8.0,crossing_pair
x_2_38,x_17_38,8.0,shared_nucleotide
x_2_38,x_17_39,8.0,crossing_pair
x_2_38,x_17_42,8.0,crossing_pair
x_2_38,x_17_43,8.0,crossing_pair
x_2_38,x_18_40,8.0,crossing_pair
x_2_38,x_18_44,8.0,crossing_pair
x_2_38,x_19_40,8.0,crossing_pair
x_2_38,x_19_44,8.0,crossing_pair
x_2_38,x_20_38,8.0,shared_nucleotide
x_2_38,x_20_39,8.0,crossing_pair
x_2_38,x_20_41,8.0,crossing_pair
x_2_38,x_20_42,8.0,crossing_pair
x_2_38,x_20_43,8.0,crossing_pair
x_2_38,x_21_38,8.0,shared_nucleotide
x_2_38,x_21_39,8.0,crossing_pair
x_2_38,x_21_42,8.0,crossing_pair
x_2_38,x_21_43,8.0,crossing_pair
x_2_38,x_22_38,8.0,shared_nucleotide
x_2_38,x_22_39,8.0,crossing_pair
x_2_38,x_22_41,8.0,crossing_pair
x_2_38,x_22_42,8.0,crossing_pair
x_2_38,x_22_43,8.0,crossing_pair
x_2_38,x_23_38,8.0,shared_nucleotide
x_2_38,x_23_39,8.0,crossing_pair
x_2_38,x_23_42,8.0,crossing_pair
x_2_38,x_23_43,8.0,crossing_pair
x_2_38,x_24_38,8.0,shared_nucleotide
x_2_38,x_24_39,8.0,crossing_pair
x_2_38,x_24_42,8.0,crossing_pair
x_2_38,x_24_43,8.0,crossing_pair
x_2_38,x_25_40,8.0,crossing_pair
x_2_38,x_25_44,8.0,crossing_pair
x_2_38,x_26_38,8.0,shared_nucleotide
x_2_38,x_26_39,8.0,crossing_pair
x_2_38,x_26_42,8.0,crossing_pair
x_2_38,x_26_43,8.0,crossing_pair
x_2_38,x_27_38,8.0,shared_nucleotide
x_2_38,x_27_39,8.0,crossing_pair
x_2_38,x_27_42,8.0,crossing_pair
x_2_38,x_27_43,8.0,crossing_pair
x_2_38,x_28_38,8.0,shared_nucleotide
x_2_38,x_28_39,8.0,crossing_pair
x_2_38,x_28_42,8.0,crossing_pair
x_2_38,x_28_43,8.0,crossing_pair
x_2_38,x_29_38,8.0,shared_nucleotide
x_2_38,x_29_39,8.0,crossing_pair
x_2_38,x_29_42,8.0,crossing_pair
x_2_38,x_29_43,8.0,crossing_pair
x_2_38,x_30_40,8.0,crossing_pair
x_2_38,x_30_44,8.0,crossing_pair
x_2_38,x_31_38,8.0,shared_nucleotide
x_2_38,x_31_39,8.0,crossing_pair
x_2_38,x_31_42,8.0,crossing_pair
x_2_38,x_31_43,8.0,crossing_pair
x_2_38,x_32_40,8.0,crossing_pair
x_2_38,x_32_44,8.0,crossing_pair
x_2_38,x_33_38,8.0,shared_nucleotide
x_2_38,x_33_39,8.0,crossing_pair
x_2_38,x_33_42,8.0,crossing_pair
x_2_38,x_33_43,8.0,crossing_pair
x_2_38,x_34_38,8.0,shared_nucleotide
x_2_38,x_34_39,8.0,crossing_pair
x_2_38,x_34_41,8.0,crossing_pair
x_2_38,x_34_42,8.0,crossing_pair
x_2_38,x_34_43,8.0,crossing_pair
x_2_38,x_35_39,8.0,crossing_pair
x_2_38,x_35_42,8.0,crossing_pair
x_2_38,x_35_43,8.0,crossing_pair
x_2_38,x_36_42,8.0,crossing_pair
x_2_38,x_36_43,8.0,crossing_pair
x_2_38,x_37_44,8.0,crossing_pair
x_2_38,x_38_44,8.0,shared_nucleotide
x_2_39,x_2_41,8.0,shared_nucleotide
x_2_39,x_2_42,8.0,shared_nucleotide
x_2_39,x_2_43,8.0,shared_nucleotide
x_2_39,x_3_39,8.0,shared_nucleotide
x_2_39,x_3_42,8.0,crossing_pair
x_2_39,x_3_43,8.0,crossing_pair
x_2_39,x_4_39,8.0,shared_nucleotide
x_2_39,x_4_41,8.0,crossing_pair
x_2_39,x_4_42,8.0,crossing_pair
x_2_39,x_4_43,8.0,crossing_pair
x_2_39,x_5_40,8.0,crossing_pair
x_2_39,x_5_44,8.0,crossing_pair
x_2_39,x_6_39,8.0,shared_nucleotide
x_2_39,x_6_42,8.0,crossing_pair
x_2_39,x_6_43,8.0,crossing_pair
x_2_39,x_7_39,8.0,shared_nucleotide
x_2_39,x_7_42,8.0,crossing_pair
x_2_39,x_7_43,8.0,crossing_pair
x_2_39,x_8_39,8.0,shared_nucleotide
x_2_39,x_8_42,8.0,crossing_pair
x_2_39,x_8_43,8.0,crossing_pair
x_2_39,x_9_39,8.0,shared_nucleotide
x_2_39,x_9_42,8.0,crossing_pair
x_2_39,x_9_43,8.0,crossing_pair
x_2_39,x_10_40,8.0,crossing_pair
x_2_39,x_10_44,8.0,crossing_pair
x_2_39,x_11_40,8.0,crossing_pair
x_2_39,x_11_44,8.0,crossing_pair
x_2_39,x_12_40,8.0,crossing_pair
x_2_39,x_12_44,8.0,crossing_pair
x_2_39,x_13_39,8.0,shared_nucleotide
x_2_39,x_13_41,8.0,crossing_pair
x_2_39,x_13_42,8.0,crossing_pair
x_2_39,x_13_43,8.0,crossing_pair
x_2_39,x_14_40,8.0,crossing_pair
x_2_39,x_14_44,8.0,crossing_pair
x_2_39,x_15_40,8.0,crossing_pair
x_2_39,x_15_44,8.0,crossing_pair
x_2_39,x_16_39,8.0,shared_nucleotide
x_2_39,x_16_41,8.0,crossing_pair
x_2_39,x_16_42,8.0,crossing_pair
x_2_39,x_16_43,8.0,crossing_pair
x_2_39,x_17_39,8.0,shared_nucleotide
x_2_39,x_17_42,8.0,crossing_pair
x_2_39,x_17_43,8.0,crossing_pair
x_2_39,x_18_40,8.0,crossing_pair
x_2_39,x_18_44,8.0,crossing_pair
x_2_39,x_19_40,8.0,crossing_pair
x_2_39,x_19_44,8.0,crossing_pair
x_2_39,x_20_39,8.0,shared_nucleotide
x_2_39,x_20_41,8.0,crossing_pair
x_2_39,x_20_42,8.0,crossing_pair
x_2_39,x_20_43,8.0,crossing_pair
x_2_39,x_21_39,8.0,shared_nucleotide
x_2_39,x_21_42,8.0,crossing_pair
x_2_39,x_21_43,8.0,crossing_pair
x_2_39,x_22_39,8.0,shared_nucleotide
x_2_39,x_22_41,8.0,crossing_pair
x_2_39,x_22_42,8.0,crossing_pair
x_2_39,x_22_43,8.0,crossing_pair
x_2_39,x_23_39,8.0,shared_nucleotide
x_2_39,x_23_42,8.0,crossing_pair
x_2_39,x_23_43,8.0,crossing_pair
x_2_39,x_24_39,8.0,shared_nucleotide
x_2_39,x_24_42,8.0,crossing_pair
x_2_39,x_24_43,8.0,crossing_pair
x_2_39,x_25_40,8.0,crossing_pair
x_2_39,x_25_44,8.0,crossing_pair
x_2_39,x_26_39,8.0,shared_nucleotide
x_2_39,x_26_42,8.0,crossing_pair
x_2_39,x_26_43,8.0,crossing_pair
x_2_39,x_27_39,8.0,shared_nucleotide
x_2_39,x_27_42,8.0,crossing_pair
x_2_39,x_27_43,8.0,crossing_pair
x_2_39,x_28_39,8.0,shared_nucleotide
x_2_39,x_28_42,8.0,crossing_pair
x_2_39,x_28_43,8.0,crossing_pair
x_2_39,x_29_39,8.0,shared_nucleotide
x_2_39,x_29_42,8.0,crossing_pair
x_2_39,x_29_43,8.0,crossing_pair
x_2_39,x_30_40,8.0,crossing_pair
x_2_39,x_30_44,8.0,crossing_pair
x_2_39,x_31_39,8.0,shared_nucleotide
x_2_39,x_31_42,8.0,crossing_pair
x_2_39,x_31_43,8.0,crossing_pair
x_2_39,x_32_40,8.0,crossing_pair
x_2_39,x_32_44,8.0,crossing_pair
x_2_39,x_33_39,8.0,shared_nucleotide
x_2_39,x_33_42,8.0,crossing_pair
x_2_39,x_33_43,8.0,crossing_pair
x_2_39,x_34_39,8.0,shared_nucleotide
x_2_39,x_34_41,8.0,crossing_pair
x_2_39,x_34_42,8.0,crossing_pair
x_2_39,x_34_43,8.0,crossing_pair
x_2_39,x_35_39,8.0,shared_nucleotide
x_2_39,x_35_42,8.0,crossing_pair
x_2_39,x_35_43,8.0,crossing_pair
x_2_39,x_36_42,8.0,crossing_pair
x_2_39,x_36_43,8.0,crossing_pair
x_2_39,x_37_44,8.0,crossing_pair
x_2_39,x_38_44,8.0,crossing_pair
x_2_39,x_39_44,8.0,shared_nucleotide
x_2_41,x_2_42,8.0,shared_nucleotide
x_2_41,x_2_43,8.0,shared_nucleotide
x_2_41,x_3_42,8.0,crossing_pair
x_2_41,x_3_43,8.0,crossing_pair
x_2_41,x_4_41,8.0,shared_nucleotide
x_2_41,x_4_42,8.0,crossing_pair
x_2_41,x_4_43,8.0,crossing_pair
x_2_41,x_5_44,8.0,crossing_pair
x_2_41,x_6_42,8.0,crossing_pair
x_2_41,x_6_43,8.0,crossing_pair
x_2_41,x_7_42,8.0,crossing_pair
x_2_41,x_7_43,8.0,crossing_pair
x_2_41,x_8_42,8.0,crossing_pair
x_2_41,x_8_43,8.0,crossing_pair
x_2_41,x_9_42,8.0,crossing_pair
x_2_41,x_9_43,8.0,crossing_pair
x_2_41,x_10_44,8.0,crossing_pair
x_2_41,x_11_44,8.0,crossing_pair
x_2_41,x_12_44,8.0,crossing_pair
x_2_41,x_13_41,8.0,shared_nucleotide
x_2_41,x_13_42,8.0,crossing_pair
x_2_41,x_13_43,8.0,crossing_pair
x_2_41,x_14_44,8.0,crossing_pair
x_2_41,x_15_44,8.0,crossing_pair
x_2_41,x_16_41,8.0,shared_nucleotide
x_2_41,x_16_42,8.0,crossing_pair
x_2_41,x_16_43,8.0,crossing_pair
x_2_41,x_17_42,8.0,crossing_pair
x_2_41,x_17_43,8.0,crossing_pair
x_2_41,x_18_44,8.0,crossing_pair
x_2_41,x_19_44,8.0,crossing_pair
x_2_41,x_20_41,8.0,shared_nucleotide
x_2_41,x_20_42,8.0,crossing_pair
x_2_41,x_20_43,8.0,crossing_pair
x_2_41,x_21_42,8.0,crossing_pair
x_2_41,x_21_43,8.0,crossing_pair
x_2_41,x_22_41,8.0,shared_nucleotide
x_2_41,x_22_42,8.0,crossing_pair
x_2_41,x_22_43,8.0,crossing_pair
x_2_41,x_23_42,8.0,crossing_pair
x_2_41,x_23_43,8.0,crossing_pair
x_2_41,x_24_42,8.0,crossing_pair
x_2_41,x_24_43,8.0,crossing_pair
x_2_41,x_25_44,8.0,crossing_pair
x_2_41,x_26_42,8.0,crossing_pair
x_2_41,x_26_43,8.0,crossing_pair
x_2_41,x_27_42,8.0,crossing_pair
x_2_41,x_27_43,8.0,crossing_pair
x_2_41,x_28_42,8.0,crossing_pair
x_2_41,x_28_43,8.0,crossing_pair
x_2_41,x_29_42,8.0,crossing_pair
x_2_41,x_29_43,8.0,crossing_pair
x_2_41,x_30_44,8.0,crossing_pair
x_2_41,x_31_42,8.0,crossing_pair
x_2_41,x_31_43,8.0,crossing_pair
x_2_41,x_32_44,8.0,crossing_pair
x_2_41,x_33_42,8.0,crossing_pair
x_2_41,x_33_43,8.0,crossing_pair
x_2_41,x_34_41,8.0,shared_nucleotide
x_2_41,x_34_42,8.0,crossing_pair
x_2_41,x_34_43,8.0,crossing_pair
x_2_41,x_35_42,8.0,crossing_pair
x_2_41,x_35_43,8.0,crossing_pair
x_2_41,x_36_42,8.0,crossing_pair
x_2_41,x_36_43,8.0,crossing_pair
x_2_41,x_37_44,8.0,crossing_pair
x_2_41,x_38_44,8.0,crossing_pair
x_2_41,x_39_44,8.0,crossing_pair
x_2_42,x_2_43,8.0,shared_nucleotide
x_2_42,x_3_42,8.0,shared_nucleotide
x_2_42,x_3_43,8.0,crossing_pair
x_2_42,x_4_42,8.0,shared_nucleotide
x_2_42,x_4_43,8.0,crossing_pair
x_2_42,x_5_44,8.0,crossing_pair
x_2_42,x_6_42,8.0,shared_nucleotide
x_2_42,x_6_43,8.0,crossing_pair
x_2_42,x_7_42,8.0,shared_nucleotide
x_2_42,x_7_43,8.0,crossing_pair
x_2_42,x_8_42,8.0,shared_nucleotide
x_2_42,x_8_43,8.0,crossing_pair
x_2_42,x_9_42,8.0,shared_nucleotide
x_2_42,x_9_43,8.0,crossing_pair
x_2_42,x_10_44,8.0,crossing_pair
x_2_42,x_11_44,8.0,crossing_pair
x_2_42,x_12_44,8.0,crossing_pair
x_2_42,x_13_42,8.0,shared_nucleotide
x_2_42,x_13_43,8.0,crossing_pair
x_2_42,x_14_44,8.0,crossing_pair
x_2_42,x_15_44,8.0,crossing_pair
x_2_42,x_16_42,8.0,shared_nucleotide
x_2_42,x_16_43,8.0,crossing_pair
x_2_42,x_17_42,8.0,shared_nucleotide
x_2_42,x_17_43,8.0,crossing_pair
x_2_42,x_18_44,8.0,crossing_pair
x_2_42,x_19_44,8.0,crossing_pair
x_2_42,x_20_42,8.0,shared_nucleotide
x_2_42,x_20_43,8.0,crossing_pair
x_2_42,x_21_42,8.0,shared_nucleotide
x_2_42,x_21_43,8.0,crossing_pair
x_2_42,x_22_42,8.0,shared_nucleotide
x_2_42,x_22_43,8.0,crossing_pair
x_2_42,x_23_42,8.0,shared_nucleotide
x_2_42,x_23_43,8.0,crossing_pair
x_2_42,x_24_42,8.0,shared_nucleotide
x_2_42,x_24_43,8.0,crossing_pair
x_2_42,x_25_44,8.0,crossing_pair
x_2_42,x_26_42,8.0,shared_nucleotide
x_2_42,x_26_43,8.0,crossing_pair
x_2_42,x_27_42,8.0,shared_nucleotide
x_2_42,x_27_43,8.0,crossing_pair
x_2_42,x_28_42,8.0,shared_nucleotide
x_2_42,x_28_43,8.0,crossing_pair
x_2_42,x_29_42,8.0,shared_nucleotide
x_2_42,x_29_43,8.0,crossing_pair
x_2_42,x_30_44,8.0,crossing_pair
x_2_42,x_31_42,8.0,shared_nucleotide
x_2_42,x_31_43,8.0,crossing_pair
x_2_42,x_32_44,8.0,crossing_pair
x_2_42,x_33_42,8.0,shared_nucleotide
x_2_42,x_33_43,8.0,crossing_pair
x_2_42,x_34_42,8.0,shared_nucleotide
x_2_42,x_34_43,8.0,crossing_pair
x_2_42,x_35_42,8.0,shared_nucleotide
x_2_42,x_35_43,8.0,crossing_pair
x_2_42,x_36_42,8.0,shared_nucleotide
x_2_42,x_36_43,8.0,crossing_pair
x_2_42,x_37_44,8.0,crossing_pair
x_2_42,x_38_44,8.0,crossing_pair
x_2_42,x_39_44,8.0,crossing_pair
x_2_43,x_3_43,8.0,shared_nucleotide
x_2_43,x_4_43,8.0,shared_nucleotide
x_2_43,x_5_44,8.0,crossing_pair
x_2_43,x_6_43,8.0,shared_nucleotide
x_2_43,x_7_43,8.0,shared_nucleotide
x_2_43,x_8_43,8.0,shared_nucleotide
x_2_43,x_9_43,8.0,shared_nucleotide
x_2_43,x_10_44,8.0,crossing_pair
x_2_43,x_11_44,8.0,crossing_pair
x_2_43,x_12_44,8.0,crossing_pair
x_2_43,x_13_43,8.0,shared_nucleotide
x_2_43,x_14_44,8.0,crossing_pair
x_2_43,x_15_44,8.0,crossing_pair
x_2_43,x_16_43,8.0,shared_nucleotide
x_2_43,x_17_43,8.0,shared_nucleotide
x_2_43,x_18_44,8.0,crossing_pair
x_2_43,x_19_44,8.0,crossing_pair
x_2_43,x_20_43,8.0,shared_nucleotide
x_2_43,x_21_43,8.0,shared_nucleotide
x_2_43,x_22_43,8.0,shared_nucleotide
x_2_43,x_23_43,8.0,shared_nucleotide
x_2_43,x_24_43,8.0,shared_nucleotide
x_2_43,x_25_44,8.0,crossing_pair
x_2_43,x_26_43,8.0,shared_nucleotide
x_2_43,x_27_43,8.0,shared_nucleotide
x_2_43,x_28_43,8.0,shared_nucleotide
x_2_43,x_29_43,8.0,shared_nucleotide
x_2_43,x_30_44,8.0,crossing_pair
x_2_43,x_31_43,8.0,shared_nucleotide
x_2_43,x_32_44,8.0,crossing_pair
x_2_43,x_33_43,8.0,shared_nucleotide
x_2_43,x_34_43,8.0,shared_nucleotide
x_2_43,x_35_43,8.0,shared_nucleotide
x_2_43,x_36_43,8.0,shared_nucleotide
x_2_43,x_37_44,8.0,crossing_pair
x_2_43,x_38_44,8.0,crossing_pair
x_2_43,x_39_44,8.0,crossing_pair
x_3_11,x_3_12,8.0,shared_nucleotide
x_3_11,x_3_14,8.0,shared_nucleotide
x_3_11,x_3_18,8.0,shared_nucleotide
x_3_11,x_3_19,8.0,shared_nucleotide
x_3_11,x_3_30,8.0,shared_nucleotide
x_3_11,x_3_37,8.0,shared_nucleotide
x_3_11,x_3_38,8.0,shared_nucleotide
x_3_11,x_3_39,8.0,shared_nucleotide
x_3_11,x_3_42,8.0,shared_nucleotide
x_3_11,x_3_43,8.0,shared_nucleotide
x_3_11,x_4_11,8.0,shared_nucleotide
x_3_11,x_4_12,8.0,crossing_pair
x_3_11,x_4_14,8.0,crossing_pair
x_3_11,x_4_15,8.0,crossing_pair
x_3_11,x_4_18,8.0,crossing_pair
x_3_11,x_4_19,8.0,crossing_pair
x_3_11,x_4_25,8.0,crossing_pair
x_3_11,x_4_30,8.0,crossing_pair
x_3_11,x_4_32,8.0,crossing_pair
x_3_11,x_4_37,8.0,crossing_pair
x_3_11,x_4_38,8.0,crossing_pair
x_3_11,x_4_39,8.0,crossing_pair
x_3_11,x_4_41,8.0,crossing_pair
x_3_11,x_4_42,8.0,crossing_pair
x_3_11,x_4_43,8.0,crossing_pair
x_3_11,x_5_13,8.0,crossing_pair
x_3_11,x_5_16,8.0,crossing_pair
x_3_11,x_5_20,8.0,crossing_pair
x_3_11,x_5_22,8.0,crossing_pair
x_3_11,x_5_34,8.0,crossing_pair
x_3_11,x_5_40,8.0,crossing_pair
x_3_11,x_5_44,8.0,crossing_pair
x_3_11,x_6_11,8.0,shared_nucleotide
x_3_11,x_6_12,8.0,crossing_pair
x_3_11,x_6_14,8.0,crossing_pair
x_3_11,x_6_18,8.0,crossing_pair
x_3_11,x_6_19,8.0,crossing_pair
x_3_11,x_6_30,8.0,crossing_pair
x_3_11,x_6_37,8.0,crossing_pair
x_3_11,x_6_38,8.0,crossing_pair
x_3_11,x_6_39,8.0,crossing_pair
x_3_11,x_6_42,8.0,crossing_pair
x_3_11,x_6_43,8.0,crossing_pair
x_3_11,x_7_11,8.0,shared_nucleotide
x_3_11,x_7_12,8.0,crossing_pair
x_3_11,x_7_14,8.0,crossing_pair
x_3_11,x_7_18,8.0,crossing_pair
x_3_11,x_7_19,8.0,crossing_pair
x_3_11,x_7_30,8.0,crossing_pair
x_3_11,x_7_37,8.0,crossing_pair
x_3_11,x_7_38,8.0,crossing_pair
x_3_11,x_7_39,8.0,crossing_pair
x_3_11,x_7_42,8.0,crossing_pair
x_3_11,x_7_43,8.0,crossing_pair
x_3_11,x_8_12,8.0,crossing_pair
x_3_11,x_8_14,8.0,crossing_pair
x_3_11,x_8_18,8.0,crossing_pair
x_3_11,x_8_19,8.0,crossing_pair
x_3_11,x_8_30,8.0,crossing_pair
x_3_11,x_8_37,8.0,crossing_pair
x_3_11,x_8_38,8.0,crossing_pair
x_3_11,x_8_39,8.0,crossing_pair
x_3_11,x_8_42,8.0,crossing_pair
x_3_11,x_8_43,8.0,crossing_pair
x_3_11,x_9_14,8.0,crossing_pair
x_3_11,x_9_18,8.0,crossing_pair
x_3_11,x_9_19,8.0,crossing_pair
x_3_11,x_9_30,8.0,crossing_pair
x_3_11,x_9_37,8.0,crossing_pair
x_3_11,x_9_38,8.0,crossing_pair
x_3_11,x_9_39,8.0,crossing_pair
x_3_11,x_9_42,8.0,crossing_pair
x_3_11,x_9_43,8.0,crossing_pair
x_3_11,x_10_16,8.0,crossing_pair
x_3_11,x_10_20,8.0,crossing_pair
x_3_11,x_10_22,8.0,crossing_pair
x_3_11,x_10_34,8.0,crossing_pair
x_3_11,x_10_40,8.0,crossing_pair
x_3_11,x_10_44,8.0,crossing_pair
x_3_11,x_11_16,8.0,shared_nucleotide
x_3_11,x_11_17,8.0,shared_nucleotide
x_3_11,x_11_20,8.0,shared_nucleotide
x_3_11,x_11_21,8.0,shared_nucleotide
x_3_11,x_11_22,8.0,shared_nucleotide
x_3_11,x_11_23,8.0,shared_nucleotide
x_3_11,x_11_24,8.0,shared_nucleotide
x_3_11,x_11_26,8.0,shared_nucleotide
x_3_11,x_11_27,8.0,shared_nucleotide
x_3_11,x_11_28,8.0,shared_nucleotide
x_3_11,x_11_29,8.0,shared_nucleotide
x_3_11,x_11_31,8.0,shared_nucleotide
x_3_11,x_11_33,8.0,shared_nucleotide
x_3_11,x_11_34,8.0,shared_nucleotide
x_3_11,x_11_35,8.0,shared_nucleotide
x_3_11,x_11_36,8.0,shared_nucleotide
x_3_11,x_11_40,8.0,shared_nucleotide
x_3_11,x_11_44,8.0,shared_nucleotide
x_3_12,x_3_14,8.0,shared_nucleotide
x_3_12,x_3_18,8.0,shared_nucleotide
x_3_12,x_3_19,8.0,shared_nucleotide
x_3_12,x_3_30,8.0,shared_nucleotide
x_3_12,x_3_37,8.0,shared_nucleotide
x_3_12,x_3_38,8.0,shared_nucleotide
x_3_12,x_3_39,8.0,shared_nucleotide
x_3_12,x_3_42,8.0,shared_nucleotide
x_3_12,x_3_43,8.0,shared_nucleotide
x_3_12,x_4_12,8.0,shared_nucleotide
x_3_12,x_4_14,8.0,crossing_pair
x_3_12,x_4_15,8.0,crossing_pair
x_3_12,x_4_18,8.0,crossing_pair
x_3_12,x_4_19,8.0,crossing_pair
x_3_12,x_4_25,8.0,crossing_pair
x_3_12,x_4_30,8.0,crossing_pair
x_3_12,x_4_32,8.0,crossing_pair
x_3_12,x_4_37,8.0,crossing_pair
x_3_12,x_4_38,8.0,crossing_pair
x_3_12,x_4_39,8.0,crossing_pair
x_3_12,x_4_41,8.0,crossing_pair
x_3_12,x_4_42,8.0,crossing_pair
x_3_12,x_4_43,8.0,crossing_pair
x_3_12,x_5_13,8.0,crossing_pair
x_3_12,x_5_16,8.0,crossing_pair
x_3_12,x_5_20,8.0,crossing_pair
x_3_12,x_5_22,8.0,crossing_pair
x_3_12,x_5_34,8.0,crossing_pair
x_3_12,x_5_40,8.0,crossing_pair
x_3_12,x_5_44,8.0,crossing_pair
x_3_12,x_6_12,8.0,shared_nucleotide
x_3_12,x_6_14,8.0,crossing_pair
x_3_12,x_6_18,8.0,crossing_pair
x_3_12,x_6_19,8.0,crossing_pair
x_3_12,x_6_30,8.0,crossing_pair
x_3_12,x_6_37,8.0,crossing_pair
x_3_12,x_6_38,8.0,crossing_pair
x_3_12,x_6_39,8.0,crossing_pair
x_3_12,x_6_42,8.0,crossing_pair
x_3_12,x_6_43,8.0,crossing_pair
x_3_12,x_7_12,8.0,shared_nucleotide
x_3_12,x_7_14,8.0,crossing_pair
x_3_12,x_7_18,8.0,crossing_pair
x_3_12,x_7_19,8.0,crossing_pair
x_3_12,x_7_30,8.0,crossing_pair
x_3_12,x_7_37,8.0,crossing_pair
x_3_12,x_7_38,8.0,crossing_pair
x_3_12,x_7_39,8.0,crossing_pair
x_3_12,x_7_42,8.0,crossing_pair
x_3_12,x_7_43,8.0,crossing_pair
x_3_12,x_8_12,8.0,shared_nucleotide
x_3_12,x_8_14,8.0,crossing_pair
x_3_12,x_8_18,8.0,crossing_pair
x_3_12,x_8_19,8.0,crossing_pair
x_3_12,x_8_30,8.0,crossing_pair
x_3_12,x_8_37,8.0,crossing_pair
x_3_12,x_8_38,8.0,crossing_pair
x_3_12,x_8_39,8.0,crossing_pair
x_3_12,x_8_42,8.0,crossing_pair
x_3_12,x_8_43,8.0,crossing_pair
x_3_12,x_9_14,8.0,crossing_pair
x_3_12,x_9_18,8.0,crossing_pair
x_3_12,x_9_19,8.0,crossing_pair
x_3_12,x_9_30,8.0,crossing_pair
x_3_12,x_9_37,8.0,crossing_pair
x_3_12,x_9_38,8.0,crossing_pair
x_3_12,x_9_39,8.0,crossing_pair
x_3_12,x_9_42,8.0,crossing_pair
x_3_12,x_9_43,8.0,crossing_pair
x_3_12,x_10_16,8.0,crossing_pair
x_3_12,x_10_20,8.0,crossing_pair
x_3_12,x_10_22,8.0,crossing_pair
x_3_12,x_10_34,8.0,crossing_pair
x_3_12,x_10_40,8.0,crossing_pair
x_3_12,x_10_44,8.0,crossing_pair
x_3_12,x_11_16,8.0,crossing_pair
x_3_12,x_11_17,8.0,crossing_pair
x_3_12,x_11_20,8.0,crossing_pair
x_3_12,x_11_21,8.0,crossing_pair
x_3_12,x_11_22,8.0,crossing_pair
x_3_12,x_11_23,8.0,crossing_pair
x_3_12,x_11_24,8.0,crossing_pair
x_3_12,x_11_26,8.0,crossing_pair
x_3_12,x_11_27,8.0,crossing_pair
x_3_12,x_11_28,8.0,crossing_pair
x_3_12,x_11_29,8.0,crossing_pair
x_3_12,x_11_31,8.0,crossing_pair
x_3_12,x_11_33,8.0,crossing_pair
x_3_12,x_11_34,8.0,crossing_pair
x_3_12,x_11_35,8.0,crossing_pair
x_3_12,x_11_36,8.0,crossing_pair
x_3_12,x_11_40,8.0,crossing_pair
x_3_12,x_11_44,8.0,crossing_pair
x_3_12,x_12_16,8.0,shared_nucleotide
x_3_12,x_12_17,8.0,shared_nucleotide
x_3_12,x_12_20,8.0,shared_nucleotide
x_3_12,x_12_21,8.0,shared_nucleotide
x_3_12,x_12_22,8.0,shared_nucleotide
x_3_12,x_12_23,8.0,shared_nucleotide
x_3_12,x_12_24,8.0,shared_nucleotide
x_3_12,x_12_26,8.0,shared_nucleotide
x_3_12,x_12_27,8.0,shared_nucleotide
x_3_12,x_12_28,8.0,shared_nucleotide
x_3_12,x_12_29,8.0,shared_nucleotide
x_3_12,x_12_31,8.0,shared_nucleotide
x_3_12,x_12_33,8.0,shared_nucleotide
x_3_12,x_12_34,8.0,shared_nucleotide
x_3_12,x_12_35,8.0,shared_nucleotide
x_3_12,x_12_36,8.0,shared_nucleotide
x_3_12,x_12_40,8.0,shared_nucleotide
x_3_12,x_12_44,8.0,shared_nucleotide
x_3_14,x_3_18,8.0,shared_nucleotide
x_3_14,x_3_19,8.0,shared_nucleotide
x_3_14,x_3_30,8.0,shared_nucleotide
x_3_14,x_3_37,8.0,shared_nucleotide
x_3_14,x_3_38,8.0,shared_nucleotide
x_3_14,x_3_39,8.0,shared_nucleotide
x_3_14,x_3_42,8.0,shared_nucleotide
x_3_14,x_3_43,8.0,shared_nucleotide
x_3_14,x_4_14,8.0,shared_nucleotide
x_3_14,x_4_15,8.0,crossing_pair
x_3_14,x_4_18,8.0,crossing_pair
x_3_14,x_4_19,8.0,crossing_pair
x_3_14,x_4_25,8.0,crossing_pair
x_3_14,x_4_30,8.0,crossing_pair
x_3_14,x_4_32,8.0,crossing_pair
x_3_14,x_4_37,8.0,crossing_pair
x_3_14,x_4_38,8.0,crossing_pair
x_3_14,x_4_39,8.0,crossing_pair
x_3_14,x_4_41,8.0,crossing_pair
x_3_14,x_4_42,8.0,crossing_pair
x_3_14,x_4_43,8.0,crossing_pair
x_3_14,x_5_16,8.0,crossing_pair
x_3_14,x_5_20,8.0,crossing_pair
x_3_14,x_5_22,8.0,crossing_pair
x_3_14,x_5_34,8.0,crossing_pair
x_3_14,x_5_40,8.0,crossing_pair
x_3_14,x_5_44,8.0,crossing_pair
x_3_14,x_6_14,8.0,shared_nucleotide
x_3_14,x_6_18,8.0,crossing_pair
x_3_14,x_6_19,8.0,crossing_pair
x_3_14,x_6_30,8.0,crossing_pair
x_3_14,x_6_37,8.0,crossing_pair
x_3_14,x_6_38,8.0,crossing_pair
x_3_14,x_6_39,8.0,crossing_pair
x_3_14,x_6_42,8.0,crossing_pair
x_3_14,x_6_43,8.0,crossing_pair
x_3_14,x_7_14,8.0,shared_nucleotide
x_3_14,x_7_18,8.0,crossing_pair
x_3_14,x_7_19,8.0,crossing_pair
x_3_14,x_7_30,8.0,crossing_pair
x_3_14,x_7_37,8.0,crossing_pair
x_3_14,x_7_38,8.0,crossing_pair
x_3_14,x_7_39,8.0,crossing_pair
x_3_14,x_7_42,8.0,crossing_pair
x_3_14,x_7_43,8.0,crossing_pair
x_3_14,x_8_14,8.0,shared_nucleotide
x_3_14,x_8_18,8.0,crossing_pair
x_3_14,x_8_19,8.0,crossing_pair
x_3_14,x_8_30,8.0,crossing_pair
x_3_14,x_8_37,8.0,crossing_pair
x_3_14,x_8_38,8.0,crossing_pair
x_3_14,x_8_39,8.0,crossing_pair
x_3_14,x_8_42,8.0,crossing_pair
x_3_14,x_8_43,8.0,crossing_pair
x_3_14,x_9_14,8.0,shared_nucleotide
x_3_14,x_9_18,8.0,crossing_pair
x_3_14,x_9_19,8.0,crossing_pair
x_3_14,x_9_30,8.0,crossing_pair
x_3_14,x_9_37,8.0,crossing_pair
x_3_14,x_9_38,8.0,crossing_pair
x_3_14,x_9_39,8.0,crossing_pair
x_3_14,x_9_42,8.0,crossing_pair
x_3_14,x_9_43,8.0,crossing_pair
x_3_14,x_10_16,8.0,crossing_pair
x_3_14,x_10_20,8.0,crossing_pair
x_3_14,x_10_22,8.0,crossing_pair
x_3_14,x_10_34,8.0,crossing_pair
x_3_14,x_10_40,8.0,crossing_pair
x_3_14,x_10_44,8.0,crossing_pair
x_3_14,x_11_16,8.0,crossing_pair
x_3_14,x_11_17,8.0,crossing_pair
x_3_14,x_11_20,8.0,crossing_pair
x_3_14,x_11_21,8.0,crossing_pair
x_3_14,x_11_22,8.0,crossing_pair
x_3_14,x_11_23,8.0,crossing_pair
x_3_14,x_11_24,8.0,crossing_pair
x_3_14,x_11_26,8.0,crossing_pair
x_3_14,x_11_27,8.0,crossing_pair
x_3_14,x_11_28,8.0,crossing_pair
x_3_14,x_11_29,8.0,crossing_pair
x_3_14,x_11_31,8.0,crossing_pair
x_3_14,x_11_33,8.0,crossing_pair
x_3_14,x_11_34,8.0,crossing_pair
x_3_14,x_11_35,8.0,crossing_pair
x_3_14,x_11_36,8.0,crossing_pair
x_3_14,x_11_40,8.0,crossing_pair
x_3_14,x_11_44,8.0,crossing_pair
x_3_14,x_12_16,8.0,crossing_pair
x_3_14,x_12_17,8.0,crossing_pair
x_3_14,x_12_20,8.0,crossing_pair
x_3_14,x_12_21,8.0,crossing_pair
x_3_14,x_12_22,8.0,crossing_pair
x_3_14,x_12_23,8.0,crossing_pair
x_3_14,x_12_24,8.0,crossing_pair
x_3_14,x_12_26,8.0,crossing_pair
x_3_14,x_12_27,8.0,crossing_pair
x_3_14,x_12_28,8.0,crossing_pair
x_3_14,x_12_29,8.0,crossing_pair
x_3_14,x_12_31,8.0,crossing_pair
x_3_14,x_12_33,8.0,crossing_pair
x_3_14,x_12_34,8.0,crossing_pair
x_3_14,x_12_35,8.0,crossing_pair
x_3_14,x_12_36,8.0,crossing_pair
x_3_14,x_12_40,8.0,crossing_pair
x_3_14,x_12_44,8.0,crossing_pair
x_3_14,x_13_18,8.0,crossing_pair
x_3_14,x_13_19,8.0,crossing_pair
x_3_14,x_13_25,8.0,crossing_pair
x_3_14,x_13_30,8.0,crossing_pair
x_3_14,x_13_32,8.0,crossing_pair
x_3_14,x_13_37,8.0,crossing_pair
x_3_14,x_13_38,8.0,crossing_pair
x_3_14,x_13_39,8.0,crossing_pair
x_3_14,x_13_41,8.0,crossing_pair
x_3_14,x_13_42,8.0,crossing_pair
x_3_14,x_13_43,8.0,crossing_pair
x_3_14,x_14_20,8.0,shared_nucleotide
x_3_14,x_14_21,8.0,shared_nucleotide
x_3_14,x_14_22,8.0,shared_nucleotide
x_3_14,x_14_23,8.0,shared_nucleotide
x_3_14,x_14_24,8.0,shared_nucleotide
x_3_14,x_14_26,8.0,shared_nucleotide
x_3_14,x_14_27,8.0,shared_nucleotide
x_3_14,x_14_28,8.0,shared_nucleotide
x_3_14,x_14_29,8.0,shared_nucleotide
x_3_14,x_14_31,8.0,shared_nucleotide
x_3_14,x_14_33,8.0,shared_nucleotide
x_3_14,x_14_34,8.0,shared_nucleotide
x_3_14,x_14_35,8.0,shared_nucleotide
x_3_14,x_14_36,8.0,shared_nucleotide
x_3_14,x_14_40,8.0,shared_nucleotide
x_3_14,x_14_44,8.0,shared_nucleotide
x_3_18,x_3_19,8.0,shared_nucleotide
x_3_18,x_3_30,8.0,shared_nucleotide
x_3_18,x_3_37,8.0,shared_nucleotide
x_3_18,x_3_38,8.0,shared_nucleotide
x_3_18,x_3_39,8.0,shared_nucleotide
x_3_18,x_3_42,8.0,shared_nucleotide
x_3_18,x_3_43,8.0,shared_nucleotide
x_3_18,x_4_18,8.0,shared_nucleotide
x_3_18,x_4_19,8.0,crossing_pair
x_3_18,x_4_25,8.0,crossing_pair
x_3_18,x_4_30,8.0,crossing_pair
x_3_18,x_4_32,8.0,crossing_pair
x_3_18,x_4_37,8.0,crossing_pair
x_3_18,x_4_38,8.0,crossing_pair
x_3_18,x_4_39,8.0,crossing_pair
x_3_18,x_4_41,8.0,crossing_pair
x_3_18,x_4_42,8.0,crossing_pair
x_3_18,x_4_43,8.0,crossing_pair
x_3_18,x_5_20,8.0,crossing_pair
x_3_18,x_5_22,8.0,crossing_pair
x_3_18,x_5_34,8.0,crossing_pair
x_3_18,x_5_40,8.0,crossing_pair
x_3_18,x_5_44,8.0,crossing_pair
x_3_18,x_6_18,8.0,shared_nucleotide
x_3_18,x_6_19,8.0,crossing_pair
x_3_18,x_6_30,8.0,crossing_pair
x_3_18,x_6_37,8.0,crossing_pair
x_3_18,x_6_38,8.0,crossing_pair
x_3_18,x_6_39,8.0,crossing_pair
x_3_18,x_6_42,8.0,crossing_pair
x_3_18,x_6_43,8.0,crossing_pair
x_3_18,x_7_18,8.0,shared_nucleotide
x_3_18,x_7_19,8.0,crossing_pair
x_3_18,x_7_30,8.0,crossing_pair
x_3_18,x_7_37,8.0,crossing_pair
x_3_18,x_7_38,8.0,crossing_pair
x_3_18,x_7_39,8.0,crossing_pair
x_3_18,x_7_42,8.0,crossing_pair
x_3_18,x_7_43,8.0,crossing_pair
x_3_18,x_8_18,8.0,shared_nucleotide
x_3_18,x_8_19,8.0,crossing_pair
x_3_18,x_8_30,8.0,crossing_pair
x_3_18,x_8_37,8.0,crossing_pair
x_3_18,x_8_38,8.0,crossing_pair
x_3_18,x_8_39,8.0,crossing_pair
x_3_18,x_8_42,8.0,crossing_pair
x_3_18,x_8_43,8.0,crossing_pair
x_3_18,x_9_18,8.0,shared_nucleotide
x_3_18,x_9_19,8.0,crossing_pair
x_3_18,x_9_30,8.0,crossing_pair
x_3_18,x_9_37,8.0,crossing_pair
x_3_18,x_9_38,8.0,crossing_pair
x_3_18,x_9_39,8.0,crossing_pair
x_3_18,x_9_42,8.0,crossing_pair
x_3_18,x_9_43,8.0,crossing_pair
x_3_18,x_10_20,8.0,crossing_pair
x_3_18,x_10_22,8.0,crossing_pair
x_3_18,x_10_34,8.0,crossing_pair
x_3_18,x_10_40,8.0,crossing_pair
x_3_18,x_10_44,8.0,crossing_pair
x_3_18,x_11_20,8.0,crossing_pair
x_3_18,x_11_21,8.0,crossing_pair
x_3_18,x_11_22,8.0,crossing_pair
x_3_18,x_11_23,8.0,crossing_pair
x_3_18,x_11_24,8.0,crossing_pair
x_3_18,x_11_26,8.0,crossing_pair
x_3_18,x_11_27,8.0,crossing_pair
x_3_18,x_11_28,8.0,crossing_pair
x_3_18,x_11_29,8.0,crossing_pair
x_3_18,x_11_31,8.0,crossing_pair
x_3_18,x_11_33,8.0,crossing_pair
x_3_18,x_11_34,8.0,crossing_pair
x_3_18,x_11_35,8.0,crossing_pair
x_3_18,x_11_36,8.0,crossing_pair
x_3_18,x_11_40,8.0,crossing_pair
x_3_18,x_11_44,8.0,crossing_pair
x_3_18,x_12_20,8.0,crossing_pair
x_3_18,x_12_21,8.0,crossing_pair
x_3_18,x_12_22,8.0,crossing_pair
x_3_18,x_12_23,8.0,crossing_pair
x_3_18,x_12_24,8.0,crossing_pair
x_3_18,x_12_26,8.0,crossing_pair
x_3_18,x_12_27,8.0,crossing_pair
x_3_18,x_12_28,8.0,crossing_pair
x_3_18,x_12_29,8.0,crossing_pair
x_3_18,x_12_31,8.0,crossing_pair
x_3_18,x_12_33,8.0,crossing_pair
x_3_18,x_12_34,8.0,crossing_pair
x_3_18,x_12_35,8.0,crossing_pair
x_3_18,x_12_36,8.0,crossing_pair
x_3_18,x_12_40,8.0,crossing_pair
x_3_18,x_12_44,8.0,crossing_pair
x_3_18,x_13_18,8.0,shared_nucleotide
x_3_18,x_13_19,8.0,crossing_pair
x_3_18,x_13_25,8.0,crossing_pair
x_3_18,x_13_30,8.0,crossing_pair
x_3_18,x_13_32,8.0,crossing_pair
x_3_18,x_13_37,8.0,crossing_pair
x_3_18,x_13_38,8.0,crossing_pair
x_3_18,x_13_39,8.0,crossing_pair
x_3_18,x_13_41,8.0,crossing_pair
x_3_18,x_13_42,8.0,crossing_pair
x_3_18,x_13_43,8.0,crossing_pair
x_3_18,x_14_20,8.0,crossing_pair
x_3_18,x_14_21,8.0,crossing_pair
x_3_18,x_14_22,8.0,crossing_pair
x_3_18,x_14_23,8.0,crossing_pair
x_3_18,x_14_24,8.0,crossing_pair
x_3_18,x_14_26,8.0,crossing_pair
x_3_18,x_14_27,8.0,crossing_pair
x_3_18,x_14_28,8.0,crossing_pair
x_3_18,x_14_29,8.0,crossing_pair
x_3_18,x_14_31,8.0,crossing_pair
x_3_18,x_14_33,8.0,crossing_pair
x_3_18,x_14_34,8.0,crossing_pair
x_3_18,x_14_35,8.0,crossing_pair
x_3_18,x_14_36,8.0,crossing_pair
x_3_18,x_14_40,8.0,crossing_pair
x_3_18,x_14_44,8.0,crossing_pair
x_3_18,x_15_20,8.0,crossing_pair
x_3_18,x_15_22,8.0,crossing_pair
x_3_18,x_15_34,8.0,crossing_pair
x_3_18,x_15_40,8.0,crossing_pair
x_3_18,x_15_44,8.0,crossing_pair
x_3_18,x_16_25,8.0,crossing_pair
x_3_18,x_16_30,8.0,crossing_pair
x_3_18,x_16_32,8.0,crossing_pair
x_3_18,x_16_37,8.0,crossing_pair
x_3_18,x_16_38,8.0,crossing_pair
x_3_18,x_16_39,8.0,crossing_pair
x_3_18,x_16_41,8.0,crossing_pair
x_3_18,x_16_42,8.0,crossing_pair
x_3_18,x_16_43,8.0,crossing_pair
x_3_18,x_17_30,8.0,crossing_pair
x_3_18,x_17_37,8.0,crossing_pair
x_3_18,x_17_38,8.0,crossing_pair
x_3_18,x_17_39,8.0,crossing_pair
x_3_18,x_17_42,8.0,crossing_pair
x_3_18,x_17_43,8.0,crossing_pair
x_3_18,x_18_22,8.0,shared_nucleotide
x_3_18,x_18_23,8.0,shared_nucleotide
x_3_18,x_18_24,8.0,shared_nucleotide
x_3_18,x_18_26,8.0,shared_nucleotide
x_3_18,x_18_27,8.0,shared_nucleotide
x_3_18,x_18_28,8.0,shared_nucleotide
x_3_18,x_18_29,8.0,shared_nucleotide
x_3_18,x_18_31,8.0,shared_nucleotide
x_3_18,x_18_33,8.0,shared_nucleotide
x_3_18,x_18_34,8.0,shared_nucleotide
x_3_18,x_18_35,8.0,shared_nucleotide
x_3_18,x_18_36,8.0,shared_nucleotide
x_3_18,x_18_40,8.0,shared_nucleotide
x_3_18,x_18_44,8.0,shared_nucleotide
x_3_19,x_3_30,8.0,shared_nucleotide
x_3_19,x_3_37,8.0,shared_nucleotide
x_3_19,x_3_38,8.0,shared_nucleotide
x_3_19,x_3_39,8.0,shared_nucleotide
x_3_19,x_3_42,8.0,shared_nucleotide
x_3_19,x_3_43,8.0,shared_nucleotide
x_3_19,x_4_19,8.0,shared_nucleotide
x_3_19,x_4_25,8.0,crossing_pair
x_3_19,x_4_30,8.0,crossing_pair
x_3_19,x_4_32,8.0,crossing_pair
x_3_19,x_4_37,8.0,crossing_pair
x_3_19,x_4_38,8.0,crossing_pair
x_3_19,x_4_39,8.0,crossing_pair
x_3_19,x_4_41,8.0,crossing_pair
x_3_19,x_4_42,8.0,crossing_pair
x_3_19,x_4_43,8.0,crossing_pair
x_3_19,x_5_20,8.0,crossing_pair
x_3_19,x_5_22,8.0,crossing_pair
x_3_19,x_5_34,8.0,crossing_pair
x_3_19,x_5_40,8.0,crossing_pair
x_3_19,x_5_44,8.0,crossing_pair
x_3_19,x_6_19,8.0,shared_nucleotide
x_3_19,x_6_30,8.0,crossing_pair
x_3_19,x_6_37,8.0,crossing_pair
x_3_19,x_6_38,8.0,crossing_pair
x_3_19,x_6_39,8.0,crossing_pair
x_3_19,x_6_42,8.0,crossing_pair
x_3_19,x_6_43,8.0,crossing_pair
x_3_19,x_7_19,8.0,shared_nucleotide
x_3_19,x_7_30,8.0,crossing_pair
x_3_19,x_7_37,8.0,crossing_pair
x_3_19,x_7_38,8.0,crossing_pair
x_3_19,x_7_39,8.0,crossing_pair
x_3_19,x_7_42,8.0,crossing_pair
x_3_19,x_7_43,8.0,crossing_pair
x_3_19,x_8_19,8.0,shared_nucleotide
x_3_19,x_8_30,8.0,crossing_pair
x_3_19,x_8_37,8.0,crossing_pair
x_3_19,x_8_38,8.0,crossing_pair
x_3_19,x_8_39,8.0,crossing_pair
x_3_19,x_8_42,8.0,crossing_pair
x_3_19,x_8_43,8.0,crossing_pair
x_3_19,x_9_19,8.0,shared_nucleotide
x_3_19,x_9_30,8.0,crossing_pair
x_3_19,x_9_37,8.0,crossing_pair
x_3_19,x_9_38,8.0,crossing_pair
x_3_19,x_9_39,8.0,crossing_pair
x_3_19,x_9_42,8.0,crossing_pair
x_3_19,x_9_43,8.0,crossing_pair
x_3_19,x_10_20,8.0,crossing_pair
x_3_19,x_10_22,8.0,crossing_pair
x_3_19,x_10_34,8.0,crossing_pair
x_3_19,x_10_40,8.0,crossing_pair
x_3_19,x_10_44,8.0,crossing_pair
x_3_19,x_11_20,8.0,crossing_pair
x_3_19,x_11_21,8.0,crossing_pair
x_3_19,x_11_22,8.0,crossing_pair
x_3_19,x_11_23,8.0,crossing_pair
x_3_19,x_11_24,8.0,crossing_pair
x_3_19,x_11_26,8.0,crossing_pair
x_3_19,x_11_27,8.0,crossing_pair
x_3_19,x_11_28,8.0,crossing_pair
x_3_19,x_11_29,8.0,crossing_pair
x_3_19,x_11_31,8.0,crossing_pair
x_3_19,x_11_33,8.0,crossing_pair
x_3_19,x_11_34,8.0,crossing_pair
x_3_19,x_11_35,8.0,crossing_pair
x_3_19,x_11_36,8.0,crossing_pair
x_3_19,x_11_40,8.0,crossing_pair
x_3_19,x_11_44,8.0,crossing_pair
x_3_19,x_12_20,8.0,crossing_pair
x_3_19,x_12_21,8.0,crossing_pair
x_3_19,x_12_22,8.0,crossing_pair
x_3_19,x_12_23,8.0,crossing_pair
x_3_19,x_12_24,8.0,crossing_pair
x_3_19,x_12_26,8.0,crossing_pair
x_3_19,x_12_27,8.0,crossing_pair
x_3_19,x_12_28,8.0,crossing_pair
x_3_19,x_12_29,8.0,crossing_pair
x_3_19,x_12_31,8.0,crossing_pair
x_3_19,x_12_33,8.0,crossing_pair
x_3_19,x_12_34,8.0,crossing_pair
x_3_19,x_12_35,8.0,crossing_pair
x_3_19,x_12_36,8.0,crossing_pair
x_3_19,x_12_40,8.0,crossing_pair
x_3_19,x_12_44,8.0,crossing_pair
x_3_19,x_13_19,8.0,shared_nucleotide
x_3_19,x_13_25,8.0,crossing_pair
x_3_19,x_13_30,8.0,crossing_pair
x_3_19,x_13_32,8.0,crossing_pair
x_3_19,x_13_37,8.0,crossing_pair
x_3_19,x_13_38,8.0,crossing_pair
x_3_19,x_13_39,8.0,crossing_pair
x_3_19,x_13_41,8.0,crossing_pair
x_3_19,x_13_42,8.0,crossing_pair
x_3_19,x_13_43,8.0,crossing_pair
x_3_19,x_14_20,8.0,crossing_pair
x_3_19,x_14_21,8.0,crossing_pair
x_3_19,x_14_22,8.0,crossing_pair
x_3_19,x_14_23,8.0,crossing_pair
x_3_19,x_14_24,8.0,crossing_pair
x_3_19,x_14_26,8.0,crossing_pair
x_3_19,x_14_27,8.0,crossing_pair
x_3_19,x_14_28,8.0,crossing_pair
x_3_19,x_14_29,8.0,crossing_pair
x_3_19,x_14_31,8.0,crossing_pair
x_3_19,x_14_33,8.0,crossing_pair
x_3_19,x_14_34,8.0,crossing_pair
x_3_19,x_14_35,8.0,crossing_pair
x_3_19,x_14_36,8.0,crossing_pair
x_3_19,x_14_40,8.0,crossing_pair
x_3_19,x_14_44,8.0,crossing_pair
x_3_19,x_15_20,8.0,crossing_pair
x_3_19,x_15_22,8.0,crossing_pair
x_3_19,x_15_34,8.0,crossing_pair
x_3_19,x_15_40,8.0,crossing_pair
x_3_19,x_15_44,8.0,crossing_pair
x_3_19,x_16_25,8.0,crossing_pair
x_3_19,x_16_30,8.0,crossing_pair
x_3_19,x_16_32,8.0,crossing_pair
x_3_19,x_16_37,8.0,crossing_pair
x_3_19,x_16_38,8.0,crossing_pair
x_3_19,x_16_39,8.0,crossing_pair
x_3_19,x_16_41,8.0,crossing_pair
x_3_19,x_16_42,8.0,crossing_pair
x_3_19,x_16_43,8.0,crossing_pair
x_3_19,x_17_30,8.0,crossing_pair
x_3_19,x_17_37,8.0,crossing_pair
x_3_19,x_17_38,8.0,crossing_pair
x_3_19,x_17_39,8.0,crossing_pair
x_3_19,x_17_42,8.0,crossing_pair
x_3_19,x_17_43,8.0,crossing_pair
x_3_19,x_18_22,8.0,crossing_pair
x_3_19,x_18_23,8.0,crossing_pair
x_3_19,x_18_24,8.0,crossing_pair
x_3_19,x_18_26,8.0,crossing_pair
x_3_19,x_18_27,8.0,crossing_pair
x_3_19,x_18_28,8.0,crossing_pair
x_3_19,x_18_29,8.0,crossing_pair
x_3_19,x_18_31,8.0,crossing_pair
x_3_19,x_18_33,8.0,crossing_pair
x_3_19,x_18_34,8.0,crossing_pair
x_3_19,x_18_35,8.0,crossing_pair
x_3_19,x_18_36,8.0,crossing_pair
x_3_19,x_18_40,8.0,crossing_pair
x_3_19,x_18_44,8.0,crossing_pair
x_3_19,x_19_23,8.0,shared_nucleotide
x_3_19,x_19_24,8.0,shared_nucleotide
x_3_19,x_19_26,8.0,shared_nucleotide
x_3_19,x_19_27,8.0,shared_nucleotide
x_3_19,x_19_28,8.0,shared_nucleotide
x_3_19,x_19_29,8.0,shared_nucleotide
x_3_19,x_19_31,8.0,shared_nucleotide
x_3_19,x_19_33,8.0,shared_nucleotide
x_3_19,x_19_34,8.0,shared_nucleotide
x_3_19,x_19_35,8.0,shared_nucleotide
x_3_19,x_19_36,8.0,shared_nucleotide
x_3_19,x_19_40,8.0,shared_nucleotide
x_3_19,x_19_44,8.0,shared_nucleotide
x_3_30,x_3_37,8.0,shared_nucleotide
x_3_30,x_3_38,8.0,shared_nucleotide
x_3_30,x_3_39,8.0,shared_nucleotide
x_3_30,x_3_42,8.0,shared_nucleotide
x_3_30,x_3_43,8.0,shared_nucleotide
x_3_30,x_4_30,8.0,shared_nucleotide
x_3_30,x_4_32,8.0,crossing_pair
x_3_30,x_4_37,8.0,crossing_pair
x_3_30,x_4_38,8.0,crossing_pair
x_3_30,x_4_39,8.0,crossing_pair
x_3_30,x_4_41,8.0,crossing_pair
x_3_30,x_4_42,8.0,crossing_pair
x_3_30,x_4_43,8.0,crossing_pair
x_3_30,x_5_34,8.0,crossing_pair
x_3_30,x_5_40,8.0,crossing_pair
x_3_30,x_5_44,8.0,crossing_pair
x_3_30,x_6_30,8.0,shared_nucleotide
x_3_30,x_6_37,8.0,crossing_pair
x_3_30,x_6_38,8.0,crossing_pair
x_3_30,x_6_39,8.0,crossing_pair
x_3_30,x_6_42,8.0,crossing_pair
x_3_30,x_6_43,8.0,crossing_pair
x_3_30,x_7_30,8.0,shared_nucleotide
x_3_30,x_7_37,8.0,crossing_pair
x_3_30,x_7_38,8.0,crossing_pair
x_3_30,x_7_39,8.0,crossing_pair
x_3_30,x_7_42,8.0,crossing_pair
x_3_30,x_7_43,8.0,crossing_pair
x_3_30,x_8_30,8.0,shared_nucleotide
x_3_30,x_8_37,8.0,crossing_pair
x_3_30,x_8_38,8.0,crossing_pair
x_3_30,x_8_39,8.0,crossing_pair
x_3_30,x_8_42,8.0,crossing_pair
x_3_30,x_8_43,8.0,crossing_pair
x_3_30,x_9_30,8.0,shared_nucleotide
x_3_30,x_9_37,8.0,crossing_pair
x_3_30,x_9_38,8.0,crossing_pair
x_3_30,x_9_39,8.0,crossing_pair
x_3_30,x_9_42,8.0,crossing_pair
x_3_30,x_9_43,8.0,crossing_pair
x_3_30,x_10_34,8.0,crossing_pair
x_3_30,x_10_40,8.0,crossing_pair
x_3_30,x_10_44,8.0,crossing_pair
x_3_30,x_11_31,8.0,crossing_pair
x_3_30,x_11_33,8.0,crossing_pair
x_3_30,x_11_34,8.0,crossing_pair
x_3_30,x_11_35,8.0,crossing_pair
x_3_30,x_11_36,8.0,crossing_pair
x_3_30,x_11_40,8.0,crossing_pair
x_3_30,x_11_44,8.0,crossing_pair
x_3_30,x_12_31,8.0,crossing_pair
x_3_30,x_12_33,8.0,crossing_pair
x_3_30,x_12_34,8.0,crossing_pair
x_3_30,x_12_35,8.0,crossing_pair
x_3_30,x_12_36,8.0,crossing_pair
x_3_30,x_12_40,8.0,crossing_pair
x_3_30,x_12_44,8.0,crossing_pair
x_3_30,x_13_30,8.0,shared_nucleotide
x_3_30,x_13_32,8.0,crossing_pair
x_3_30,x_13_37,8.0,crossing_pair
x_3_30,x_13_38,8.0,crossing_pair
x_3_30,x_13_39,8.0,crossing_pair
x_3_30,x_13_41,8.0,crossing_pair
x_3_30,x_13_42,8.0,crossing_pair
x_3_30,x_13_43,8.0,crossing_pair
x_3_30,x_14_31,8.0,crossing_pair
x_3_30,x_14_33,8.0,crossing_pair
x_3_30,x_14_34,8.0,crossing_pair
x_3_30,x_14_35,8.0,crossing_pair
x_3_30,x_14_36,8.0,crossing_pair
x_3_30,x_14_40,8.0,crossing_pair
x_3_30,x_14_44,8.0,crossing_pair
x_3_30,x_15_34,8.0,crossing_pair
x_3_30,x_15_40,8.0,crossing_pair
x_3_30,x_15_44,8.0,crossing_pair
x_3_30,x_16_30,8.0,shared_nucleotide
x_3_30,x_16_32,8.0,crossing_pair
x_3_30,x_16_37,8.0,crossing_pair
x_3_30,x_16_38,8.0,crossing_pair
x_3_30,x_16_39,8.0,crossing_pair
x_3_30,x_16_41,8.0,crossing_pair
x_3_30,x_16_42,8.0,crossing_pair
x_3_30,x_16_43,8.0,crossing_pair
x_3_30,x_17_30,8.0,shared_nucleotide
x_3_30,x_17_37,8.0,crossing_pair
x_3_30,x_17_38,8.0,crossing_pair
x_3_30,x_17_39,8.0,crossing_pair
x_3_30,x_17_42,8.0,crossing_pair
x_3_30,x_17_43,8.0,crossing_pair
x_3_30,x_18_31,8.0,crossing_pair
x_3_30,x_18_33,8.0,crossing_pair
x_3_30,x_18_34,8.0,crossing_pair
x_3_30,x_18_35,8.0,crossing_pair
x_3_30,x_18_36,8.0,crossing_pair
x_3_30,x_18_40,8.0,crossing_pair
x_3_30,x_18_44,8.0,crossing_pair
x_3_30,x_19_31,8.0,crossing_pair
x_3_30,x_19_33,8.0,crossing_pair
x_3_30,x_19_34,8.0,crossing_pair
x_3_30,x_19_35,8.0,crossing_pair
x_3_30,x_19_36,8.0,crossing_pair
x_3_30,x_19_40,8.0,crossing_pair
x_3_30,x_19_44,8.0,crossing_pair
x_3_30,x_20_30,8.0,shared_nucleotide
x_3_30,x_20_32,8.0,crossing_pair
x_3_30,x_20_37,8.0,crossing_pair
x_3_30,x_20_38,8.0,crossing_pair
x_3_30,x_20_39,8.0,crossing_pair
x_3_30,x_20_41,8.0,crossing_pair
x_3_30,x_20_42,8.0,crossing_pair
x_3_30,x_20_43,8.0,crossing_pair
x_3_30,x_21_30,8.0,shared_nucleotide
x_3_30,x_21_37,8.0,crossing_pair
x_3_30,x_21_38,8.0,crossing_pair
x_3_30,x_21_39,8.0,crossing_pair
x_3_30,x_21_42,8.0,crossing_pair
x_3_30,x_21_43,8.0,crossing_pair
x_3_30,x_22_30,8.0,shared_nucleotide
x_3_30,x_22_32,8.0,crossing_pair
x_3_30,x_22_37,8.0,crossing_pair
x_3_30,x_22_38,8.0,crossing_pair
x_3_30,x_22_39,8.0,crossing_pair
x_3_30,x_22_41,8.0,crossing_pair
x_3_30,x_22_42,8.0,crossing_pair
x_3_30,x_22_43,8.0,crossing_pair
x_3_30,x_23_30,8.0,shared_nucleotide
x_3_30,x_23_37,8.0,crossing_pair
x_3_30,x_23_38,8.0,crossing_pair
x_3_30,x_23_39,8.0,crossing_pair
x_3_30,x_23_42,8.0,crossing_pair
x_3_30,x_23_43,8.0,crossing_pair
x_3_30,x_24_30,8.0,shared_nucleotide
x_3_30,x_24_37,8.0,crossing_pair
x_3_30,x_24_38,8.0,crossing_pair
x_3_30,x_24_39,8.0,crossing_pair
x_3_30,x_24_42,8.0,crossing_pair
x_3_30,x_24_43,8.0,crossing_pair
x_3_30,x_25_34,8.0,crossing_pair
x_3_30,x_25_40,8.0,crossing_pair
x_3_30,x_25_44,8.0,crossing_pair
x_3_30,x_26_30,8.0,shared_nucleotide
x_3_30,x_26_37,8.0,crossing_pair
x_3_30,x_26_38,8.0,crossing_pair
x_3_30,x_26_39,8.0,crossing_pair
x_3_30,x_26_42,8.0,crossing_pair
x_3_30,x_26_43,8.0,crossing_pair
x_3_30,x_27_37,8.0,crossing_pair
x_3_30,x_27_38,8.0,crossing_pair
x_3_30,x_27_39,8.0,crossing_pair
x_3_30,x_27_42,8.0,crossing_pair
x_3_30,x_27_43,8.0,crossing_pair
x_3_30,x_28_37,8.0,crossing_pair
x_3_30,x_28_38,8.0,crossing_pair
x_3_30,x_28_39,8.0,crossing_pair
x_3_30,x_28_42,8.0,crossing_pair
x_3_30,x_28_43,8.0,crossing_pair
x_3_30,x_29_37,8.0,crossing_pair
x_3_30,x_29_38,8.0,crossing_pair
x_3_30,x_29_39,8.0,crossing_pair
x_3_30,x_29_42,8.0,crossing_pair
x_3_30,x_29_43,8.0,crossing_pair
x_3_30,x_30_34,8.0,shared_nucleotide
x_3_30,x_30_35,8.0,shared_nucleotide
x_3_30,x_30_36,8.0,shared_nucleotide
x_3_30,x_30_40,8.0,shared_nucleotide
x_3_30,x_30_44,8.0,shared_nucleotide
x_3_37,x_3_38,8.0,shared_nucleotide
x_3_37,x_3_39,8.0,shared_nucleotide
x_3_37,x_3_42,8.0,shared_nucleotide
x_3_37,x_3_43,8.0,shared_nucleotide
x_3_37,x_4_37,8.0,shared_nucleotide
x_3_37,x_4_38,8.0,crossing_pair
x_3_37,x_4_39,8.0,crossing_pair
x_3_37,x_4_41,8.0,crossing_pair
x_3_37,x_4_42,8.0,crossing_pair
x_3_37,x_4_43,8.0,crossing_pair
x_3_37,x_5_40,8.0,crossing_pair
x_3_37,x_5_44,8.0,crossing_pair
x_3_37,x_6_37,8.0,shared_nucleotide
x_3_37,x_6_38,8.0,crossing_pair
x_3_37,x_6_39,8.0,crossing_pair
x_3_37,x_6_42,8.0,crossing_pair
x_3_37,x_6_43,8.0,crossing_pair
x_3_37,x_7_37,8.0,shared_nucleotide
x_3_37,x_7_38,8.0,crossing_pair
x_3_37,x_7_39,8.0,crossing_pair
x_3_37,x_7_42,8.0,crossing_pair
x_3_37,x_7_43,8.0,crossing_pair
x_3_37,x_8_37,8.0,shared_nucleotide
x_3_37,x_8_38,8.0,crossing_pair
x_3_37,x_8_39,8.0,crossing_pair
x_3_37,x_8_42,8.0,crossing_pair
x_3_37,x_8_43,8.0,crossing_pair
x_3_37,x_9_37,8.0,shared_nucleotide
x_3_37,x_9_38,8.0,crossing_pair
x_3_37,x_9_39,8.0,crossing_pair
x_3_37,x_9_42,8.0,crossing_pair
x_3_37,x_9_43,8.0,crossing_pair
x_3_37,x_10_40,8.0,crossing_pair
x_3_37,x_10_44,8.0,crossing_pair
x_3_37,x_11_40,8.0,crossing_pair
x_3_37,x_11_44,8.0,crossing_pair
x_3_37,x_12_40,8.0,crossing_pair
x_3_37,x_12_44,8.0,crossing_pair
x_3_37,x_13_37,8.0,shared_nucleotide
x_3_37,x_13_38,8.0,crossing_pair
x_3_37,x_13_39,8.0,crossing_pair
x_3_37,x_13_41,8.0,crossing_pair
x_3_37,x_13_42,8.0,crossing_pair
x_3_37,x_13_43,8.0,crossing_pair
x_3_37,x_14_40,8.0,crossing_pair
x_3_37,x_14_44,8.0,crossing_pair
x_3_37,x_15_40,8.0,crossing_pair
x_3_37,x_15_44,8.0,crossing_pair
x_3_37,x_16_37,8.0,shared_nucleotide
x_3_37,x_16_38,8.0,crossing_pair
x_3_37,x_16_39,8.0,crossing_pair
x_3_37,x_16_41,8.0,crossing_pair
x_3_37,x_16_42,8.0,crossing_pair
x_3_37,x_16_43,8.0,crossing_pair
x_3_37,x_17_37,8.0,shared_nucleotide
x_3_37,x_17_38,8.0,crossing_pair
x_3_37,x_17_39,8.0,crossing_pair
x_3_37,x_17_42,8.0,crossing_pair
x_3_37,x_17_43,8.0,crossing_pair
x_3_37,x_18_40,8.0,crossing_pair
x_3_37,x_18_44,8.0,crossing_pair
x_3_37,x_19_40,8.0,crossing_pair
x_3_37,x_19_44,8.0,crossing_pair
x_3_37,x_20_37,8.0,shared_nucleotide
x_3_37,x_20_38,8.0,crossing_pair
x_3_37,x_20_39,8.0,crossing_pair
x_3_37,x_20_41,8.0,crossing_pair
x_3_37,x_20_42,8.0,crossing_pair
x_3_37,x_20_43,8.0,crossing_pair
x_3_37,x_21_37,8.0,shared_nucleotide
x_3_37,x_21_38,8.0,crossing_pair
x_3_37,x_21_39,8.0,crossing_pair
x_3_37,x_21_42,8.0,crossing_pair
x_3_37,x_21_43,8.0,crossing_pair
x_3_37,x_22_37,8.0,shared_nucleotide
x_3_37,x_22_38,8.0,crossing_pair
x_3_37,x_22_39,8.0,crossing_pair
x_3_37,x_22_41,8.0,crossing_pair
x_3_37,x_22_42,8.0,crossing_pair
x_3_37,x_22_43,8.0,crossing_pair
x_3_37,x_23_37,8.0,shared_nucleotide
x_3_37,x_23_38,8.0,crossing_pair
x_3_37,x_23_39,8.0,crossing_pair
x_3_37,x_23_42,8.0,crossing_pair
x_3_37,x_23_43,8.0,crossing_pair
x_3_37,x_24_37,8.0,shared_nucleotide
x_3_37,x_24_38,8.0,crossing_pair
x_3_37,x_24_39,8.0,crossing_pair
x_3_37,x_24_42,8.0,crossing_pair
x_3_37,x_24_43,8.0,crossing_pair
x_3_37,x_25_40,8.0,crossing_pair
x_3_37,x_25_44,8.0,crossing_pair
x_3_37,x_26_37,8.0,shared_nucleotide
x_3_37,x_26_38,8.0,crossing_pair
x_3_37,x_26_39,8.0,crossing_pair
x_3_37,x_26_42,8.0,crossing_pair
x_3_37,x_26_43,8.0,crossing_pair
x_3_37,x_27_37,8.0,shared_nucleotide
x_3_37,x_27_38,8.0,crossing_pair
x_3_37,x_27_39,8.0,crossing_pair
x_3_37,x_27_42,8.0,crossing_pair
x_3_37,x_27_43,8.0,crossing_pair
x_3_37,x_28_37,8.0,shared_nucleotide
x_3_37,x_28_38,8.0,crossing_pair
x_3_37,x_28_39,8.0,crossing_pair
x_3_37,x_28_42,8.0,crossing_pair
x_3_37,x_28_43,8.0,crossing_pair
x_3_37,x_29_37,8.0,shared_nucleotide
x_3_37,x_29_38,8.0,crossing_pair
x_3_37,x_29_39,8.0,crossing_pair
x_3_37,x_29_42,8.0,crossing_pair
x_3_37,x_29_43,8.0,crossing_pair
x_3_37,x_30_40,8.0,crossing_pair
x_3_37,x_30_44,8.0,crossing_pair
x_3_37,x_31_37,8.0,shared_nucleotide
x_3_37,x_31_38,8.0,crossing_pair
x_3_37,x_31_39,8.0,crossing_pair
x_3_37,x_31_42,8.0,crossing_pair
x_3_37,x_31_43,8.0,crossing_pair
x_3_37,x_32_40,8.0,crossing_pair
x_3_37,x_32_44,8.0,crossing_pair
x_3_37,x_33_37,8.0,shared_nucleotide
x_3_37,x_33_38,8.0,crossing_pair
x_3_37,x_33_39,8.0,crossing_pair
x_3_37,x_33_42,8.0,crossing_pair
x_3_37,x_33_43,8.0,crossing_pair
x_3_37,x_34_38,8.0,crossing_pair
x_3_37,x_34_39,8.0,crossing_pair
x_3_37,x_34_41,8.0,crossing_pair
x_3_37,x_34_42,8.0,crossing_pair
x_3_37,x_34_43,8.0,crossing_pair
x_3_37,x_35_39,8.0,crossing_pair
x_3_37,x_35_42,8.0,crossing_pair
x_3_37,x_35_43,8.0,crossing_pair
x_3_37,x_36_42,8.0,crossing_pair
x_3_37,x_36_43,8.0,crossing_pair
x_3_37,x_37_44,8.0,shared_nucleotide
x_3_38,x_3_39,8.0,shared_nucleotide
x_3_38,x_3_42,8.0,shared_nucleotide
x_3_38,x_3_43,8.0,shared_nucleotide
x_3_38,x_4_38,8.0,shared_nucleotide
x_3_38,x_4_39,8.0,crossing_pair
x_3_38,x_4_41,8.0,crossing_pair
x_3_38,x_4_42,8.0,crossing_pair
x_3_38,x_4_43,8.0,crossing_pair
x_3_38,x_5_40,8.0,crossing_pair
x_3_38,x_5_44,8.0,crossing_pair
x_3_38,x_6_38,8.0,shared_nucleotide
x_3_38,x_6_39,8.0,crossing_pair
x_3_38,x_6_42,8.0,crossing_pair
x_3_38,x_6_43,8.0,crossing_pair
x_3_38,x_7_38,8.0,shared_nucleotide
x_3_38,x_7_39,8.0,crossing_pair
x_3_38,x_7_42,8.0,crossing_pair
x_3_38,x_7_43,8.0,crossing_pair
x_3_38,x_8_38,8.0,shared_nucleotide
x_3_38,x_8_39,8.0,crossing_pair
x_3_38,x_8_42,8.0,crossing_pair
x_3_38,x_8_43,8.0,crossing_pair
x_3_38,x_9_38,8.0,shared_nucleotide
x_3_38,x_9_39,8.0,crossing_pair
x_3_38,x_9_42,8.0,crossing_pair
x_3_38,x_9_43,8.0,crossing_pair
x_3_38,x_10_40,8.0,crossing_pair
x_3_38,x_10_44,8.0,crossing_pair
x_3_38,x_11_40,8.0,crossing_pair
x_3_38,x_11_44,8.0,crossing_pair
x_3_38,x_12_40,8.0,crossing_pair
x_3_38,x_12_44,8.0,crossing_pair
x_3_38,x_13_38,8.0,shared_nucleotide
x_3_38,x_13_39,8.0,crossing_pair
x_3_38,x_13_41,8.0,crossing_pair
x_3_38,x_13_42,8.0,crossing_pair
x_3_38,x_13_43,8.0,crossing_pair
x_3_38,x_14_40,8.0,crossing_pair
x_3_38,x_14_44,8.0,crossing_pair
x_3_38,x_15_40,8.0,crossing_pair
x_3_38,x_15_44,8.0,crossing_pair
x_3_38,x_16_38,8.0,shared_nucleotide
x_3_38,x_16_39,8.0,crossing_pair
x_3_38,x_16_41,8.0,crossing_pair
x_3_38,x_16_42,8.0,crossing_pair
x_3_38,x_16_43,8.0,crossing_pair
x_3_38,x_17_38,8.0,shared_nucleotide
x_3_38,x_17_39,8.0,crossing_pair
x_3_38,x_17_42,8.0,crossing_pair
x_3_38,x_17_43,8.0,crossing_pair
x_3_38,x_18_40,8.0,crossing_pair
x_3_38,x_18_44,8.0,crossing_pair
x_3_38,x_19_40,8.0,crossing_pair
x_3_38,x_19_44,8.0,crossing_pair
x_3_38,x_20_38,8.0,shared_nucleotide
x_3_38,x_20_39,8.0,crossing_pair
x_3_38,x_20_41,8.0,crossing_pair
x_3_38,x_20_42,8.0,crossing_pair
x_3_38,x_20_43,8.0,crossing_pair
x_3_38,x_21_38,8.0,shared_nucleotide
x_3_38,x_21_39,8.0,crossing_pair
x_3_38,x_21_42,8.0,crossing_pair
x_3_38,x_21_43,8.0,crossing_pair
x_3_38,x_22_38,8.0,shared_nucleotide
x_3_38,x_22_39,8.0,crossing_pair
x_3_38,x_22_41,8.0,crossing_pair
x_3_38,x_22_42,8.0,crossing_pair
x_3_38,x_22_43,8.0,crossing_pair
x_3_38,x_23_38,8.0,shared_nucleotide
x_3_38,x_23_39,8.0,crossing_pair
x_3_38,x_23_42,8.0,crossing_pair
x_3_38,x_23_43,8.0,crossing_pair
x_3_38,x_24_38,8.0,shared_nucleotide
x_3_38,x_24_39,8.0,crossing_pair
x_3_38,x_24_42,8.0,crossing_pair
x_3_38,x_24_43,8.0,crossing_pair
x_3_38,x_25_40,8.0,crossing_pair
x_3_38,x_25_44,8.0,crossing_pair
x_3_38,x_26_38,8.0,shared_nucleotide
x_3_38,x_26_39,8.0,crossing_pair
x_3_38,x_26_42,8.0,crossing_pair
x_3_38,x_26_43,8.0,crossing_pair
x_3_38,x_27_38,8.0,shared_nucleotide
x_3_38,x_27_39,8.0,crossing_pair
x_3_38,x_27_42,8.0,crossing_pair
x_3_38,x_27_43,8.0,crossing_pair
x_3_38,x_28_38,8.0,shared_nucleotide
x_3_38,x_28_39,8.0,crossing_pair
x_3_38,x_28_42,8.0,crossing_pair
x_3_38,x_28_43,8.0,crossing_pair
x_3_38,x_29_38,8.0,shared_nucleotide
x_3_38,x_29_39,8.0,crossing_pair
x_3_38,x_29_42,8.0,crossing_pair
x_3_38,x_29_43,8.0,crossing_pair
x_3_38,x_30_40,8.0,crossing_pair
x_3_38,x_30_44,8.0,crossing_pair
x_3_38,x_31_38,8.0,shared_nucleotide
x_3_38,x_31_39,8.0,crossing_pair
x_3_38,x_31_42,8.0,crossing_pair
x_3_38,x_31_43,8.0,crossing_pair
x_3_38,x_32_40,8.0,crossing_pair
x_3_38,x_32_44,8.0,crossing_pair
x_3_38,x_33_38,8.0,shared_nucleotide
x_3_38,x_33_39,8.0,crossing_pair
x_3_38,x_33_42,8.0,crossing_pair
x_3_38,x_33_43,8.0,crossing_pair
x_3_38,x_34_38,8.0,shared_nucleotide
x_3_38,x_34_39,8.0,crossing_pair
x_3_38,x_34_41,8.0,crossing_pair
x_3_38,x_34_42,8.0,crossing_pair
x_3_38,x_34_43,8.0,crossing_pair
x_3_38,x_35_39,8.0,crossing_pair
x_3_38,x_35_42,8.0,crossing_pair
x_3_38,x_35_43,8.0,crossing_pair
x_3_38,x_36_42,8.0,crossing_pair
x_3_38,x_36_43,8.0,crossing_pair
x_3_38,x_37_44,8.0,crossing_pair
x_3_38,x_38_44,8.0,shared_nucleotide
x_3_39,x_3_42,8.0,shared_nucleotide
x_3_39,x_3_43,8.0,shared_nucleotide
x_3_39,x_4_39,8.0,shared_nucleotide
x_3_39,x_4_41,8.0,crossing_pair
x_3_39,x_4_42,8.0,crossing_pair
x_3_39,x_4_43,8.0,crossing_pair
x_3_39,x_5_40,8.0,crossing_pair
x_3_39,x_5_44,8.0,crossing_pair
x_3_39,x_6_39,8.0,shared_nucleotide
x_3_39,x_6_42,8.0,crossing_pair
x_3_39,x_6_43,8.0,crossing_pair
x_3_39,x_7_39,8.0,shared_nucleotide
x_3_39,x_7_42,8.0,crossing_pair
x_3_39,x_7_43,8.0,crossing_pair
x_3_39,x_8_39,8.0,shared_nucleotide
x_3_39,x_8_42,8.0,crossing_pair
x_3_39,x_8_43,8.0,crossing_pair
x_3_39,x_9_39,8.0,shared_nucleotide
x_3_39,x_9_42,8.0,crossing_pair
x_3_39,x_9_43,8.0,crossing_pair
x_3_39,x_10_40,8.0,crossing_pair
x_3_39,x_10_44,8.0,crossing_pair
x_3_39,x_11_40,8.0,crossing_pair
x_3_39,x_11_44,8.0,crossing_pair
x_3_39,x_12_40,8.0,crossing_pair
x_3_39,x_12_44,8.0,crossing_pair
x_3_39,x_13_39,8.0,shared_nucleotide
x_3_39,x_13_41,8.0,crossing_pair
x_3_39,x_13_42,8.0,crossing_pair
x_3_39,x_13_43,8.0,crossing_pair
x_3_39,x_14_40,8.0,crossing_pair
x_3_39,x_14_44,8.0,crossing_pair
x_3_39,x_15_40,8.0,crossing_pair
x_3_39,x_15_44,8.0,crossing_pair
x_3_39,x_16_39,8.0,shared_nucleotide
x_3_39,x_16_41,8.0,crossing_pair
x_3_39,x_16_42,8.0,crossing_pair
x_3_39,x_16_43,8.0,crossing_pair
x_3_39,x_17_39,8.0,shared_nucleotide
x_3_39,x_17_42,8.0,crossing_pair
x_3_39,x_17_43,8.0,crossing_pair
x_3_39,x_18_40,8.0,crossing_pair
x_3_39,x_18_44,8.0,crossing_pair
x_3_39,x_19_40,8.0,crossing_pair
x_3_39,x_19_44,8.0,crossing_pair
x_3_39,x_20_39,8.0,shared_nucleotide
x_3_39,x_20_41,8.0,crossing_pair
x_3_39,x_20_42,8.0,crossing_pair
x_3_39,x_20_43,8.0,crossing_pair
x_3_39,x_21_39,8.0,shared_nucleotide
x_3_39,x_21_42,8.0,crossing_pair
x_3_39,x_21_43,8.0,crossing_pair
x_3_39,x_22_39,8.0,shared_nucleotide
x_3_39,x_22_41,8.0,crossing_pair
x_3_39,x_22_42,8.0,crossing_pair
x_3_39,x_22_43,8.0,crossing_pair
x_3_39,x_23_39,8.0,shared_nucleotide
x_3_39,x_23_42,8.0,crossing_pair
x_3_39,x_23_43,8.0,crossing_pair
x_3_39,x_24_39,8.0,shared_nucleotide
x_3_39,x_24_42,8.0,crossing_pair
x_3_39,x_24_43,8.0,crossing_pair
x_3_39,x_25_40,8.0,crossing_pair
x_3_39,x_25_44,8.0,crossing_pair
x_3_39,x_26_39,8.0,shared_nucleotide
x_3_39,x_26_42,8.0,crossing_pair
x_3_39,x_26_43,8.0,crossing_pair
x_3_39,x_27_39,8.0,shared_nucleotide
x_3_39,x_27_42,8.0,crossing_pair
x_3_39,x_27_43,8.0,crossing_pair
x_3_39,x_28_39,8.0,shared_nucleotide
x_3_39,x_28_42,8.0,crossing_pair
x_3_39,x_28_43,8.0,crossing_pair
x_3_39,x_29_39,8.0,shared_nucleotide
x_3_39,x_29_42,8.0,crossing_pair
x_3_39,x_29_43,8.0,crossing_pair
x_3_39,x_30_40,8.0,crossing_pair
x_3_39,x_30_44,8.0,crossing_pair
x_3_39,x_31_39,8.0,shared_nucleotide
x_3_39,x_31_42,8.0,crossing_pair
x_3_39,x_31_43,8.0,crossing_pair
x_3_39,x_32_40,8.0,crossing_pair
x_3_39,x_32_44,8.0,crossing_pair
x_3_39,x_33_39,8.0,shared_nucleotide
x_3_39,x_33_42,8.0,crossing_pair
x_3_39,x_33_43,8.0,crossing_pair
x_3_39,x_34_39,8.0,shared_nucleotide
x_3_39,x_34_41,8.0,crossing_pair
x_3_39,x_34_42,8.0,crossing_pair
x_3_39,x_34_43,8.0,crossing_pair
x_3_39,x_35_39,8.0,shared_nucleotide
x_3_39,x_35_42,8.0,crossing_pair
x_3_39,x_35_43,8.0,crossing_pair
x_3_39,x_36_42,8.0,crossing_pair
x_3_39,x_36_43,8.0,crossing_pair
x_3_39,x_37_44,8.0,crossing_pair
x_3_39,x_38_44,8.0,crossing_pair
x_3_39,x_39_44,8.0,shared_nucleotide
x_3_42,x_3_43,8.0,shared_nucleotide
x_3_42,x_4_42,8.0,shared_nucleotide
x_3_42,x_4_43,8.0,crossing_pair
x_3_42,x_5_44,8.0,crossing_pair
x_3_42,x_6_42,8.0,shared_nucleotide
x_3_42,x_6_43,8.0,crossing_pair
x_3_42,x_7_42,8.0,shared_nucleotide
x_3_42,x_7_43,8.0,crossing_pair
x_3_42,x_8_42,8.0,shared_nucleotide
x_3_42,x_8_43,8.0,crossing_pair
x_3_42,x_9_42,8.0,shared_nucleotide
x_3_42,x_9_43,8.0,crossing_pair
x_3_42,x_10_44,8.0,crossing_pair
x_3_42,x_11_44,8.0,crossing_pair
x_3_42,x_12_44,8.0,crossing_pair
x_3_42,x_13_42,8.0,shared_nucleotide
x_3_42,x_13_43,8.0,crossing_pair
x_3_42,x_14_44,8.0,crossing_pair
x_3_42,x_15_44,8.0,crossing_pair
x_3_42,x_16_42,8.0,shared_nucleotide
x_3_42,x_16_43,8.0,crossing_pair
x_3_42,x_17_42,8.0,shared_nucleotide
x_3_42,x_17_43,8.0,crossing_pair
x_3_42,x_18_44,8.0,crossing_pair
x_3_42,x_19_44,8.0,crossing_pair
x_3_42,x_20_42,8.0,shared_nucleotide
x_3_42,x_20_43,8.0,crossing_pair
x_3_42,x_21_42,8.0,shared_nucleotide
x_3_42,x_21_43,8.0,crossing_pair
x_3_42,x_22_42,8.0,shared_nucleotide
x_3_42,x_22_43,8.0,crossing_pair
x_3_42,x_23_42,8.0,shared_nucleotide
x_3_42,x_23_43,8.0,crossing_pair
x_3_42,x_24_42,8.0,shared_nucleotide
x_3_42,x_24_43,8.0,crossing_pair
x_3_42,x_25_44,8.0,crossing_pair
x_3_42,x_26_42,8.0,shared_nucleotide
x_3_42,x_26_43,8.0,crossing_pair
x_3_42,x_27_42,8.0,shared_nucleotide
x_3_42,x_27_43,8.0,crossing_pair
x_3_42,x_28_42,8.0,shared_nucleotide
x_3_42,x_28_43,8.0,crossing_pair
x_3_42,x_29_42,8.0,shared_nucleotide
x_3_42,x_29_43,8.0,crossing_pair
x_3_42,x_30_44,8.0,crossing_pair
x_3_42,x_31_42,8.0,shared_nucleotide
x_3_42,x_31_43,8.0,crossing_pair
x_3_42,x_32_44,8.0,crossing_pair
x_3_42,x_33_42,8.0,shared_nucleotide
x_3_42,x_33_43,8.0,crossing_pair
x_3_42,x_34_42,8.0,shared_nucleotide
x_3_42,x_34_43,8.0,crossing_pair
x_3_42,x_35_42,8.0,shared_nucleotide
x_3_42,x_35_43,8.0,crossing_pair
x_3_42,x_36_42,8.0,shared_nucleotide
x_3_42,x_36_43,8.0,crossing_pair
x_3_42,x_37_44,8.0,crossing_pair
x_3_42,x_38_44,8.0,crossing_pair
x_3_42,x_39_44,8.0,crossing_pair
x_3_43,x_4_43,8.0,shared_nucleotide
x_3_43,x_5_44,8.0,crossing_pair
x_3_43,x_6_43,8.0,shared_nucleotide
x_3_43,x_7_43,8.0,shared_nucleotide
x_3_43,x_8_43,8.0,shared_nucleotide
x_3_43,x_9_43,8.0,shared_nucleotide
x_3_43,x_10_44,8.0,crossing_pair
x_3_43,x_11_44,8.0,crossing_pair
x_3_43,x_12_44,8.0,crossing_pair
x_3_43,x_13_43,8.0,shared_nucleotide
x_3_43,x_14_44,8.0,crossing_pair
x_3_43,x_15_44,8.0,crossing_pair
x_3_43,x_16_43,8.0,shared_nucleotide
x_3_43,x_17_43,8.0,shared_nucleotide
x_3_43,x_18_44,8.0,crossing_pair
x_3_43,x_19_44,8.0,crossing_pair
x_3_43,x_20_43,8.0,shared_nucleotide
x_3_43,x_21_43,8.0,shared_nucleotide
x_3_43,x_22_43,8.0,shared_nucleotide
x_3_43,x_23_43,8.0,shared_nucleotide
x_3_43,x_24_43,8.0,shared_nucleotide
x_3_43,x_25_44,8.0,crossing_pair
x_3_43,x_26_43,8.0,shared_nucleotide
x_3_43,x_27_43,8.0,shared_nucleotide
x_3_43,x_28_43,8.0,shared_nucleotide
x_3_43,x_29_43,8.0,shared_nucleotide
x_3_43,x_30_44,8.0,crossing_pair
x_3_43,x_31_43,8.0,shared_nucleotide
x_3_43,x_32_44,8.0,crossing_pair
x_3_43,x_33_43,8.0,shared_nucleotide
x_3_43,x_34_43,8.0,shared_nucleotide
x_3_43,x_35_43,8.0,shared_nucleotide
x_3_43,x_36_43,8.0,shared_nucleotide
x_3_43,x_37_44,8.0,crossing_pair
x_3_43,x_38_44,8.0,crossing_pair
x_3_43,x_39_44,8.0,crossing_pair
x_4_10,x_4_11,8.0,shared_nucleotide
x_4_10,x_4_12,8.0,shared_nucleotide
x_4_10,x_4_14,8.0,shared_nucleotide
x_4_10,x_4_15,8.0,shared_nucleotide
x_4_10,x_4_18,8.0,shared_nucleotide
x_4_10,x_4_19,8.0,shared_nucleotide
x_4_10,x_4_25,8.0,shared_nucleotide
x_4_10,x_4_30,8.0,shared_nucleotide
x_4_10,x_4_32,8.0,shared_nucleotide
x_4_10,x_4_37,8.0,shared_nucleotide
x_4_10,x_4_38,8.0,shared_nucleotide
x_4_10,x_4_39,8.0,shared_nucleotide
x_4_10,x_4_41,8.0,shared_nucleotide
x_4_10,x_4_42,8.0,shared_nucleotide
x_4_10,x_4_43,8.0,shared_nucleotide
x_4_10,x_5_13,8.0,crossing_pair
x_4_10,x_5_16,8.0,crossing_pair
x_4_10,x_5_20,8.0,crossing_pair
x_4_10,x_5_22,8.0,crossing_pair
x_4_10,x_5_34,8.0,crossing_pair
x_4_10,x_5_40,8.0,crossing_pair
x_4_10,x_5_44,8.0,crossing_pair
x_4_10,x_6_11,8.0,crossing_pair
x_4_10,x_6_12,8.0,crossing_pair
x_4_10,x_6_14,8.0,crossing_pair
x_4_10,x_6_18,8.0,crossing_pair
x_4_10,x_6_19,8.0,crossing_pair
x_4_10,x_6_30,8.0,crossing_pair
x_4_10,x_6_37,8.0,crossing_pair
x_4_10,x_6_38,8.0,crossing_pair
x_4_10,x_6_39,8.0,crossing_pair
x_4_10,x_6_42,8.0,crossing_pair
x_4_10,x_6_43,8.0,crossing_pair
x_4_10,x_7_11,8.0,crossing_pair
x_4_10,x_7_12,8.0,crossing_pair
x_4_10,x_7_14,8.0,crossing_pair
x_4_10,x_7_18,8.0,crossing_pair
x_4_10,x_7_19,8.0,crossing_pair
x_4_10,x_7_30,8.0,crossing_pair
x_4_10,x_7_37,8.0,crossing_pair
x_4_10,x_7_38,8.0,crossing_pair
x_4_10,x_7_39,8.0,crossing_pair
x_4_10,x_7_42,8.0,crossing_pair
x_4_10,x_7_43,8.0,crossing_pair
x_4_10,x_8_12,8.0,crossing_pair
x_4_10,x_8_14,8.0,crossing_pair
x_4_10,x_8_18,8.0,crossing_pair
x_4_10,x_8_19,8.0,crossing_pair
x_4_10,x_8_30,8.0,crossing_pair
x_4_10,x_8_37,8.0,crossing_pair
x_4_10,x_8_38,8.0,crossing_pair
x_4_10,x_8_39,8.0,crossing_pair
x_4_10,x_8_42,8.0,crossing_pair
x_4_10,x_8_43,8.0,crossing_pair
x_4_10,x_9_14,8.0,crossing_pair
x_4_10,x_9_18,8.0,crossing_pair
x_4_10,x_9_19,8.0,crossing_pair
x_4_10,x_9_30,8.0,crossing_pair
x_4_10,x_9_37,8.0,crossing_pair
x_4_10,x_9_38,8.0,crossing_pair
x_4_10,x_9_39,8.0,crossing_pair
x_4_10,x_9_42,8.0,crossing_pair
x_4_10,x_9_43,8.0,crossing_pair
x_4_10,x_10_16,8.0,shared_nucleotide
x_4_10,x_10_20,8.0,shared_nucleotide
x_4_10,x_10_22,8.0,shared_nucleotide
x_4_10,x_10_34,8.0,shared_nucleotide
x_4_10,x_10_40,8.0,shared_nucleotide
x_4_10,x_10_44,8.0,shared_nucleotide
x_4_11,x_4_12,8.0,shared_nucleotide
x_4_11,x_4_14,8.0,shared_nucleotide
x_4_11,x_4_15,8.0,shared_nucleotide
x_4_11,x_4_18,8.0,shared_nucleotide
x_4_11,x_4_19,8.0,shared_nucleotide
x_4_11,x_4_25,8.0,shared_nucleotide
x_4_11,x_4_30,8.0,shared_nucleotide
x_4_11,x_4_32,8.0,shared_nucleotide
x_4_11,x_4_37,8.0,shared_nucleotide
x_4_11,x_4_38,8.0,shared_nucleotide
x_4_11,x_4_39,8.0,shared_nucleotide
x_4_11,x_4_41,8.0,shared_nucleotide
x_4_11,x_4_42,8.0,shared_nucleotide
x_4_11,x_4_43,8.0,shared_nucleotide
x_4_11,x_5_13,8.0,crossing_pair
x_4_11,x_5_16,8.0,crossing_pair
x_4_11,x_5_20,8.0,crossing_pair
x_4_11,x_5_22,8.0,crossing_pair
x_4_11,x_5_34,8.0,crossing_pair
x_4_11,x_5_40,8.0,crossing_pair
x_4_11,x_5_44,8.0,crossing_pair
x_4_11,x_6_11,8.0,shared_nucleotide
x_4_11,x_6_12,8.0,crossing_pair
x_4_11,x_6_14,8.0,crossing_pair
x_4_11,x_6_18,8.0,crossing_pair
x_4_11,x_6_19,8.0,crossing_pair
x_4_11,x_6_30,8.0,crossing_pair
x_4_11,x_6_37,8.0,crossing_pair
x_4_11,x_6_38,8.0,crossing_pair
x_4_11,x_6_39,8.0,crossing_pair
x_4_11,x_6_42,8.0,crossing_pair
x_4_11,x_6_43,8.0,crossing_pair
x_4_11,x_7_11,8.0,shared_nucleotide
x_4_11,x_7_12,8.0,crossing_pair
x_4_11,x_7_14,8.0,crossing_pair
x_4_11,x_7_18,8.0,crossing_pair
x_4_11,x_7_19,8.0,crossing_pair
x_4_11,x_7_30,8.0,crossing_pair
x_4_11,x_7_37,8.0,crossing_pair
x_4_11,x_7_38,8.0,crossing_pair
x_4_11,x_7_39,8.0,crossing_pair
x_4_11,x_7_42,8.0,crossing_pair
x_4_11,x_7_43,8.0,crossing_pair
x_4_11,x_8_12,8.0,crossing_pair
x_4_11,x_8_14,8.0,crossing_pair
x_4_11,x_8_18,8.0,crossing_pair
x_4_11,x_8_19,8.0,crossing_pair
x_4_11,x_8_30,8.0,crossing_pair
x_4_11,x_8_37,8.0,crossing_pair
x_4_11,x_8_38,8.0,crossing_pair
x_4_11,x_8_39,8.0,crossing_pair
x_4_11,x_8_42,8.0,crossing_pair
x_4_11,x_8_43,8.0,crossing_pair
x_4_11,x_9_14,8.0,crossing_pair
x_4_11,x_9_18,8.0,crossing_pair
x_4_11,x_9_19,8.0,crossing_pair
x_4_11,x_9_30,8.0,crossing_pair
x_4_11,x_9_37,8.0,crossing_pair
x_4_11,x_9_38,8.0,crossing_pair
x_4_11,x_9_39,8.0,crossing_pair
x_4_11,x_9_42,8.0,crossing_pair
x_4_11,x_9_43,8.0,crossing_pair
x_4_11,x_10_16,8.0,crossing_pair
x_4_11,x_10_20,8.0,crossing_pair
x_4_11,x_10_22,8.0,crossing_pair
x_4_11,x_10_34,8.0,crossing_pair
x_4_11,x_10_40,8.0,crossing_pair
x_4_11,x_10_44,8.0,crossing_pair
x_4_11,x_11_16,8.0,shared_nucleotide
x_4_11,x_11_17,8.0,shared_nucleotide
x_4_11,x_11_20,8.0,shared_nucleotide
x_4_11,x_11_21,8.0,shared_nucleotide
x_4_11,x_11_22,8.0,shared_nucleotide
x_4_11,x_11_23,8.0,shared_nucleotide
x_4_11,x_11_24,8.0,shared_nucleotide
x_4_11,x_11_26,8.0,shared_nucleotide
x_4_11,x_11_27,8.0,shared_nucleotide
x_4_11,x_11_28,8.0,shared_nucleotide
x_4_11,x_11_29,8.0,shared_nucleotide
x_4_11,x_11_31,8.0,shared_nucleotide
x_4_11,x_11_33,8.0,shared_nucleotide
x_4_11,x_11_34,8.0,shared_nucleotide
x_4_11,x_11_35,8.0,shared_nucleotide
x_4_11,x_11_36,8.0,shared_nucleotide
x_4_11,x_11_40,8.0,shared_nucleotide
x_4_11,x_11_44,8.0,shared_nucleotide
x_4_12,x_4_14,8.0,shared_nucleotide
x_4_12,x_4_15,8.0,shared_nucleotide
x_4_12,x_4_18,8.0,shared_nucleotide
x_4_12,x_4_19,8.0,shared_nucleotide
x_4_12,x_4_25,8.0,shared_nucleotide
x_4_12,x_4_30,8.0,shared_nucleotide
x_4_12,x_4_32,8.0,shared_nucleotide
x_4_12,x_4_37,8.0,shared_nucleotide
x_4_12,x_4_38,8.0,shared_nucleotide
x_4_12,x_4_39,8.0,shared_nucleotide
x_4_12,x_4_41,8.0,shared_nucleotide
x_4_12,x_4_42,8.0,shared_nucleotide
x_4_12,x_4_43,8.0,shared_nucleotide
x_4_12,x_5_13,8.0,crossing_pair
x_4_12,x_5_16,8.0,crossing_pair
x_4_12,x_5_20,8.0,crossing_pair
x_4_12,x_5_22,8.0,crossing_pair
x_4_12,x_5_34,8.0,crossing_pair
x_4_12,x_5_40,8.0,crossing_pair
x_4_12,x_5_44,8.0,crossing_pair
x_4_12,x_6_12,8.0,shared_nucleotide
x_4_12,x_6_14,8.0,crossing_pair
x_4_12,x_6_18,8.0,crossing_pair
x_4_12,x_6_19,8.0,crossing_pair
x_4_12,x_6_30,8.0,crossing_pair
x_4_12,x_6_37,8.0,crossing_pair
x_4_12,x_6_38,8.0,crossing_pair
x_4_12,x_6_39,8.0,crossing_pair
x_4_12,x_6_42,8.0,crossing_pair
x_4_12,x_6_43,8.0,crossing_pair
x_4_12,x_7_12,8.0,shared_nucleotide
x_4_12,x_7_14,8.0,crossing_pair
x_4_12,x_7_18,8.0,crossing_pair
x_4_12,x_7_19,8.0,crossing_pair
x_4_12,x_7_30,8.0,crossing_pair
x_4_12,x_7_37,8.0,crossing_pair
x_4_12,x_7_38,8.0,crossing_pair
x_4_12,x_7_39,8.0,crossing_pair
x_4_12,x_7_42,8.0,crossing_pair
x_4_12,x_7_43,8.0,crossing_pair
x_4_12,x_8_12,8.0,shared_nucleotide
x_4_12,x_8_14,8.0,crossing_pair
x_4_12,x_8_18,8.0,crossing_pair
x_4_12,x_8_19,8.0,crossing_pair
x_4_12,x_8_30,8.0,crossing_pair
x_4_12,x_8_37,8.0,crossing_pair
x_4_12,x_8_38,8.0,crossing_pair
x_4_12,x_8_39,8.0,crossing_pair
x_4_12,x_8_42,8.0,crossing_pair
x_4_12,x_8_43,8.0,crossing_pair
x_4_12,x_9_14,8.0,crossing_pair
x_4_12,x_9_18,8.0,crossing_pair
x_4_12,x_9_19,8.0,crossing_pair
x_4_12,x_9_30,8.0,crossing_pair
x_4_12,x_9_37,8.0,crossing_pair
x_4_12,x_9_38,8.0,crossing_pair
x_4_12,x_9_39,8.0,crossing_pair
x_4_12,x_9_42,8.0,crossing_pair
x_4_12,x_9_43,8.0,crossing_pair
x_4_12,x_10_16,8.0,crossing_pair
x_4_12,x_10_20,8.0,crossing_pair
x_4_12,x_10_22,8.0,crossing_pair
x_4_12,x_10_34,8.0,crossing_pair
x_4_12,x_10_40,8.0,crossing_pair
x_4_12,x_10_44,8.0,crossing_pair
x_4_12,x_11_16,8.0,crossing_pair
x_4_12,x_11_17,8.0,crossing_pair
x_4_12,x_11_20,8.0,crossing_pair
x_4_12,x_11_21,8.0,crossing_pair
x_4_12,x_11_22,8.0,crossing_pair
x_4_12,x_11_23,8.0,crossing_pair
x_4_12,x_11_24,8.0,crossing_pair
x_4_12,x_11_26,8.0,crossing_pair
x_4_12,x_11_27,8.0,crossing_pair
x_4_12,x_11_28,8.0,crossing_pair
x_4_12,x_11_29,8.0,crossing_pair
x_4_12,x_11_31,8.0,crossing_pair
x_4_12,x_11_33,8.0,crossing_pair
x_4_12,x_11_34,8.0,crossing_pair
x_4_12,x_11_35,8.0,crossing_pair
x_4_12,x_11_36,8.0,crossing_pair
x_4_12,x_11_40,8.0,crossing_pair
x_4_12,x_11_44,8.0,crossing_pair
x_4_12,x_12_16,8.0,shared_nucleotide
x_4_12,x_12_17,8.0,shared_nucleotide
x_4_12,x_12_20,8.0,shared_nucleotide
x_4_12,x_12_21,8.0,shared_nucleotide
x_4_12,x_12_22,8.0,shared_nucleotide
x_4_12,x_12_23,8.0,shared_nucleotide
x_4_12,x_12_24,8.0,shared_nucleotide
x_4_12,x_12_26,8.0,shared_nucleotide
x_4_12,x_12_27,8.0,shared_nucleotide
x_4_12,x_12_28,8.0,shared_nucleotide
x_4_12,x_12_29,8.0,shared_nucleotide
x_4_12,x_12_31,8.0,shared_nucleotide
x_4_12,x_12_33,8.0,shared_nucleotide
x_4_12,x_12_34,8.0,shared_nucleotide
x_4_12,x_12_35,8.0,shared_nucleotide
x_4_12,x_12_36,8.0,shared_nucleotide
x_4_12,x_12_40,8.0,shared_nucleotide
x_4_12,x_12_44,8.0,shared_nucleotide
x_4_14,x_4_15,8.0,shared_nucleotide
x_4_14,x_4_18,8.0,shared_nucleotide
x_4_14,x_4_19,8.0,shared_nucleotide
x_4_14,x_4_25,8.0,shared_nucleotide
x_4_14,x_4_30,8.0,shared_nucleotide
x_4_14,x_4_32,8.0,shared_nucleotide
x_4_14,x_4_37,8.0,shared_nucleotide
x_4_14,x_4_38,8.0,shared_nucleotide
x_4_14,x_4_39,8.0,shared_nucleotide
x_4_14,x_4_41,8.0,shared_nucleotide
x_4_14,x_4_42,8.0,shared_nucleotide
x_4_14,x_4_43,8.0,shared_nucleotide
x_4_14,x_5_16,8.0,crossing_pair
x_4_14,x_5_20,8.0,crossing_pair
x_4_14,x_5_22,8.0,crossing_pair
x_4_14,x_5_34,8.0,crossing_pair
x_4_14,x_5_40,8.0,crossing_pair
x_4_14,x_5_44,8.0,crossing_pair
x_4_14,x_6_14,8.0,shared_nucleotide
x_4_14,x_6_18,8.0,crossing_pair
x_4_14,x_6_19,8.0,crossing_pair
x_4_14,x_6_30,8.0,crossing_pair
x_4_14,x_6_37,8.0,crossing_pair
x_4_14,x_6_38,8.0,crossing_pair
x_4_14,x_6_39,8.0,crossing_pair
x_4_14,x_6_42,8.0,crossing_pair
x_4_14,x_6_43,8.0,crossing_pair
x_4_14,x_7_14,8.0,shared_nucleotide
x_4_14,x_7_18,8.0,crossing_pair
x_4_14,x_7_19,8.0,crossing_pair
x_4_14,x_7_30,8.0,crossing_pair
x_4_14,x_7_37,8.0,crossing_pair
x_4_14,x_7_38,8.0,crossing_pair
x_4_14,x_7_39,8.0,crossing_pair
x_4_14,x_7_42,8.0,crossing_pair
x_4_14,x_7_43,8.0,crossing_pair
x_4_14,x_8_14,8.0,shared_nucleotide
x_4_14,x_8_18,8.0,crossing_pair
x_4_14,x_8_19,8.0,crossing_pair
x_4_14,x_8_30,8.0,crossing_pair
x_4_14,x_8_37,8.0,crossing_pair
x_4_14,x_8_38,8.0,crossing_pair
x_4_14,x_8_39,8.0,crossing_pair
x_4_14,x_8_42,8.0,crossing_pair
x_4_14,x_8_43,8.0,crossing_pair
x_4_14,x_9_14,8.0,shared_nucleotide
x_4_14,x_9_18,8.0,crossing_pair
x_4_14,x_9_19,8.0,crossing_pair
x_4_14,x_9_30,8.0,crossing_pair
x_4_14,x_9_37,8.0,crossing_pair
x_4_14,x_9_38,8.0,crossing_pair
x_4_14,x_9_39,8.0,crossing_pair
x_4_14,x_9_42,8.0,crossing_pair
x_4_14,x_9_43,8.0,crossing_pair
x_4_14,x_10_16,8.0,crossing_pair
x_4_14,x_10_20,8.0,crossing_pair
x_4_14,x_10_22,8.0,crossing_pair
x_4_14,x_10_34,8.0,crossing_pair
x_4_14,x_10_40,8.0,crossing_pair
x_4_14,x_10_44,8.0,crossing_pair
x_4_14,x_11_16,8.0,crossing_pair
x_4_14,x_11_17,8.0,crossing_pair
x_4_14,x_11_20,8.0,crossing_pair
x_4_14,x_11_21,8.0,crossing_pair
x_4_14,x_11_22,8.0,crossing_pair
x_4_14,x_11_23,8.0,crossing_pair
x_4_14,x_11_24,8.0,crossing_pair
x_4_14,x_11_26,8.0,crossing_pair
x_4_14,x_11_27,8.0,crossing_pair
x_4_14,x_11_28,8.0,crossing_pair
x_4_14,x_11_29,8.0,crossing_pair
x_4_14,x_11_31,8.0,crossing_pair
x_4_14,x_11_33,8.0,crossing_pair
x_4_14,x_11_34,8.0,crossing_pair
x_4_14,x_11_35,8.0,crossing_pair
x_4_14,x_11_36,8.0,crossing_pair
x_4_14,x_11_40,8.0,crossing_pair
x_4_14,x_11_44,8.0,crossing_pair
x_4_14,x_12_16,8.0,crossing_pair
x_4_14,x_12_17,8.0,crossing_pair
x_4_14,x_12_20,8.0,crossing_pair
x_4_14,x_12_21,8.0,crossing_pair
x_4_14,x_12_22,8.0,crossing_pair
x_4_14,x_12_23,8.0,crossing_pair
x_4_14,x_12_24,8.0,crossing_pair
x_4_14,x_12_26,8.0,crossing_pair
x_4_14,x_12_27,8.0,crossing_pair
x_4_14,x_12_28,8.0,crossing_pair
x_4_14,x_12_29,8.0,crossing_pair
x_4_14,x_12_31,8.0,crossing_pair
x_4_14,x_12_33,8.0,crossing_pair
x_4_14,x_12_34,8.0,crossing_pair
x_4_14,x_12_35,8.0,crossing_pair
x_4_14,x_12_36,8.0,crossing_pair
x_4_14,x_12_40,8.0,crossing_pair
x_4_14,x_12_44,8.0,crossing_pair
x_4_14,x_13_18,8.0,crossing_pair
x_4_14,x_13_19,8.0,crossing_pair
x_4_14,x_13_25,8.0,crossing_pair
x_4_14,x_13_30,8.0,crossing_pair
x_4_14,x_13_32,8.0,crossing_pair
x_4_14,x_13_37,8.0,crossing_pair
x_4_14,x_13_38,8.0,crossing_pair
x_4_14,x_13_39,8.0,crossing_pair
x_4_14,x_13_41,8.0,crossing_pair
x_4_14,x_13_42,8.0,crossing_pair
x_4_14,x_13_43,8.0,crossing_pair
x_4_14,x_14_20,8.0,shared_nucleotide
x_4_14,x_14_21,8.0,shared_nucleotide
x_4_14,x_14_22,8.0,shared_nucleotide
x_4_14,x_14_23,8.0,shared_nucleotide
x_4_14,x_14_24,8.0,shared_nucleotide
x_4_14,x_14_26,8.0,shared_nucleotide
x_4_14,x_14_27,8.0,shared_nucleotide
x_4_14,x_14_28,8.0,shared_nucleotide
x_4_14,x_14_29,8.0,shared_nucleotide
x_4_14,x_14_31,8.0,shared_nucleotide
x_4_14,x_14_33,8.0,shared_nucleotide
x_4_14,x_14_34,8.0,shared_nucleotide
x_4_14,x_14_35,8.0,shared_nucleotide
x_4_14,x_14_36,8.0,shared_nucleotide
x_4_14,x_14_40,8.0,shared_nucleotide
x_4_14,x_14_44,8.0,shared_nucleotide
x_4_15,x_4_18,8.0,shared_nucleotide
x_4_15,x_4_19,8.0,shared_nucleotide
x_4_15,x_4_25,8.0,shared_nucleotide
x_4_15,x_4_30,8.0,shared_nucleotide
x_4_15,x_4_32,8.0,shared_nucleotide
x_4_15,x_4_37,8.0,shared_nucleotide
x_4_15,x_4_38,8.0,shared_nucleotide
x_4_15,x_4_39,8.0,shared_nucleotide
x_4_15,x_4_41,8.0,shared_nucleotide
x_4_15,x_4_42,8.0,shared_nucleotide
x_4_15,x_4_43,8.0,shared_nucleotide
x_4_15,x_5_16,8.0,crossing_pair
x_4_15,x_5_20,8.0,crossing_pair
x_4_15,x_5_22,8.0,crossing_pair
x_4_15,x_5_34,8.0,crossing_pair
x_4_15,x_5_40,8.0,crossing_pair
x_4_15,x_5_44,8.0,crossing_pair
x_4_15,x_6_18,8.0,crossing_pair
x_4_15,x_6_19,8.0,crossing_pair
x_4_15,x_6_30,8.0,crossing_pair
x_4_15,x_6_37,8.0,crossing_pair
x_4_15,x_6_38,8.0,crossing_pair
x_4_15,x_6_39,8.0,crossing_pair
x_4_15,x_6_42,8.0,crossing_pair
x_4_15,x_6_43,8.0,crossing_pair
x_4_15,x_7_18,8.0,crossing_pair
x_4_15,x_7_19,8.0,crossing_pair
x_4_15,x_7_30,8.0,crossing_pair
x_4_15,x_7_37,8.0,crossing_pair
x_4_15,x_7_38,8.0,crossing_pair
x_4_15,x_7_39,8.0,crossing_pair
x_4_15,x_7_42,8.0,crossing_pair
x_4_15,x_7_43,8.0,crossing_pair
x_4_15,x_8_18,8.0,crossing_pair
x_4_15,x_8_19,8.0,crossing_pair
x_4_15,x_8_30,8.0,crossing_pair
x_4_15,x_8_37,8.0,crossing_pair
x_4_15,x_8_38,8.0,crossing_pair
x_4_15,x_8_39,8.0,crossing_pair
x_4_15,x_8_42,8.0,crossing_pair
x_4_15,x_8_43,8.0,crossing_pair
x_4_15,x_9_18,8.0,crossing_pair
x_4_15,x_9_19,8.0,crossing_pair
x_4_15,x_9_30,8.0,crossing_pair
x_4_15,x_9_37,8.0,crossing_pair
x_4_15,x_9_38,8.0,crossing_pair
x_4_15,x_9_39,8.0,crossing_pair
x_4_15,x_9_42,8.0,crossing_pair
x_4_15,x_9_43,8.0,crossing_pair
x_4_15,x_10_16,8.0,crossing_pair
x_4_15,x_10_20,8.0,crossing_pair
x_4_15,x_10_22,8.0,crossing_pair
x_4_15,x_10_34,8.0,crossing_pair
x_4_15,x_10_40,8.0,crossing_pair
x_4_15,x_10_44,8.0,crossing_pair
x_4_15,x_11_16,8.0,crossing_pair
x_4_15,x_11_17,8.0,crossing_pair
x_4_15,x_11_20,8.0,crossing_pair
x_4_15,x_11_21,8.0,crossing_pair
x_4_15,x_11_22,8.0,crossing_pair
x_4_15,x_11_23,8.0,crossing_pair
x_4_15,x_11_24,8.0,crossing_pair
x_4_15,x_11_26,8.0,crossing_pair
x_4_15,x_11_27,8.0,crossing_pair
x_4_15,x_11_28,8.0,crossing_pair
x_4_15,x_11_29,8.0,crossing_pair
x_4_15,x_11_31,8.0,crossing_pair
x_4_15,x_11_33,8.0,crossing_pair
x_4_15,x_11_34,8.0,crossing_pair
x_4_15,x_11_35,8.0,crossing_pair
x_4_15,x_11_36,8.0,crossing_pair
x_4_15,x_11_40,8.0,crossing_pair
x_4_15,x_11_44,8.0,crossing_pair
x_4_15,x_12_16,8.0,crossing_pair
x_4_15,x_12_17,8.0,crossing_pair
x_4_15,x_12_20,8.0,crossing_pair
x_4_15,x_12_21,8.0,crossing_pair
x_4_15,x_12_22,8.0,crossing_pair
x_4_15,x_12_23,8.0,crossing_pair
x_4_15,x_12_24,8.0,crossing_pair
x_4_15,x_12_26,8.0,crossing_pair
x_4_15,x_12_27,8.0,crossing_pair
x_4_15,x_12_28,8.0,crossing_pair
x_4_15,x_12_29,8.0,crossing_pair
x_4_15,x_12_31,8.0,crossing_pair
x_4_15,x_12_33,8.0,crossing_pair
x_4_15,x_12_34,8.0,crossing_pair
x_4_15,x_12_35,8.0,crossing_pair
x_4_15,x_12_36,8.0,crossing_pair
x_4_15,x_12_40,8.0,crossing_pair
x_4_15,x_12_44,8.0,crossing_pair
x_4_15,x_13_18,8.0,crossing_pair
x_4_15,x_13_19,8.0,crossing_pair
x_4_15,x_13_25,8.0,crossing_pair
x_4_15,x_13_30,8.0,crossing_pair
x_4_15,x_13_32,8.0,crossing_pair
x_4_15,x_13_37,8.0,crossing_pair
x_4_15,x_13_38,8.0,crossing_pair
x_4_15,x_13_39,8.0,crossing_pair
x_4_15,x_13_41,8.0,crossing_pair
x_4_15,x_13_42,8.0,crossing_pair
x_4_15,x_13_43,8.0,crossing_pair
x_4_15,x_14_20,8.0,crossing_pair
x_4_15,x_14_21,8.0,crossing_pair
x_4_15,x_14_22,8.0,crossing_pair
x_4_15,x_14_23,8.0,crossing_pair
x_4_15,x_14_24,8.0,crossing_pair
x_4_15,x_14_26,8.0,crossing_pair
x_4_15,x_14_27,8.0,crossing_pair
x_4_15,x_14_28,8.0,crossing_pair
x_4_15,x_14_29,8.0,crossing_pair
x_4_15,x_14_31,8.0,crossing_pair
x_4_15,x_14_33,8.0,crossing_pair
x_4_15,x_14_34,8.0,crossing_pair
x_4_15,x_14_35,8.0,crossing_pair
x_4_15,x_14_36,8.0,crossing_pair
x_4_15,x_14_40,8.0,crossing_pair
x_4_15,x_14_44,8.0,crossing_pair
x_4_15,x_15_20,8.0,shared_nucleotide
x_4_15,x_15_22,8.0,shared_nucleotide
x_4_15,x_15_34,8.0,shared_nucleotide
x_4_15,x_15_40,8.0,shared_nucleotide
x_4_15,x_15_44,8.0,shared_nucleotide
x_4_18,x_4_19,8.0,shared_nucleotide
x_4_18,x_4_25,8.0,shared_nucleotide
x_4_18,x_4_30,8.0,shared_nucleotide
x_4_18,x_4_32,8.0,shared_nucleotide
x_4_18,x_4_37,8.0,shared_nucleotide
x_4_18,x_4_38,8.0,shared_nucleotide
x_4_18,x_4_39,8.0,shared_nucleotide
x_4_18,x_4_41,8.0,shared_nucleotide
x_4_18,x_4_42,8.0,shared_nucleotide
x_4_18,x_4_43,8.0,shared_nucleotide
x_4_18,x_5_20,8.0,crossing_pair
x_4_18,x_5_22,8.0,crossing_pair
x_4_18,x_5_34,8.0,crossing_pair
x_4_18,x_5_40,8.0,crossing_pair
x_4_18,x_5_44,8.0,crossing_pair
x_4_18,x_6_18,8.0,shared_nucleotide
x_4_18,x_6_19,8.0,crossing_pair
x_4_18,x_6_30,8.0,crossing_pair
x_4_18,x_6_37,8.0,crossing_pair
x_4_18,x_6_38,8.0,crossing_pair
x_4_18,x_6_39,8.0,crossing_pair
x_4_18,x_6_42,8.0,crossing_pair
x_4_18,x_6_43,8.0,crossing_pair
x_4_18,x_7_18,8.0,shared_nucleotide
x_4_18,x_7_19,8.0,crossing_pair
x_4_18,x_7_30,8.0,crossing_pair
x_4_18,x_7_37,8.0,crossing_pair
x_4_18,x_7_38,8.0,crossing_pair
x_4_18,x_7_39,8.0,crossing_pair
x_4_18,x_7_42,8.0,crossing_pair
x_4_18,x_7_43,8.0,crossing_pair
x_4_18,x_8_18,8.0,shared_nucleotide
x_4_18,x_8_19,8.0,crossing_pair
x_4_18,x_8_30,8.0,crossing_pair
x_4_18,x_8_37,8.0,crossing_pair
x_4_18,x_8_38,8.0,crossing_pair
x_4_18,x_8_39,8.0,crossing_pair
x_4_18,x_8_42,8.0,crossing_pair
x_4_18,x_8_43,8.0,crossing_pair
x_4_18,x_9_18,8.0,shared_nucleotide
x_4_18,x_9_19,8.0,crossing_pair
x_4_18,x_9_30,8.0,crossing_pair
x_4_18,x_9_37,8.0,crossing_pair
x_4_18,x_9_38,8.0,crossing_pair
x_4_18,x_9_39,8.0,crossing_pair
x_4_18,x_9_42,8.0,crossing_pair
x_4_18,x_9_43,8.0,crossing_pair
x_4_18,x_10_20,8.0,crossing_pair
x_4_18,x_10_22,8.0,crossing_pair
x_4_18,x_10_34,8.0,crossing_pair
x_4_18,x_10_40,8.0,crossing_pair
x_4_18,x_10_44,8.0,crossing_pair
x_4_18,x_11_20,8.0,crossing_pair
x_4_18,x_11_21,8.0,crossing_pair
x_4_18,x_11_22,8.0,crossing_pair
x_4_18,x_11_23,8.0,crossing_pair
x_4_18,x_11_24,8.0,crossing_pair
x_4_18,x_11_26,8.0,crossing_pair
x_4_18,x_11_27,8.0,crossing_pair
x_4_18,x_11_28,8.0,crossing_pair
x_4_18,x_11_29,8.0,crossing_pair
x_4_18,x_11_31,8.0,crossing_pair
x_4_18,x_11_33,8.0,crossing_pair
x_4_18,x_11_34,8.0,crossing_pair
x_4_18,x_11_35,8.0,crossing_pair
x_4_18,x_11_36,8.0,crossing_pair
x_4_18,x_11_40,8.0,crossing_pair
x_4_18,x_11_44,8.0,crossing_pair
x_4_18,x_12_20,8.0,crossing_pair
x_4_18,x_12_21,8.0,crossing_pair
x_4_18,x_12_22,8.0,crossing_pair
x_4_18,x_12_23,8.0,crossing_pair
x_4_18,x_12_24,8.0,crossing_pair
x_4_18,x_12_26,8.0,crossing_pair
x_4_18,x_12_27,8.0,crossing_pair
x_4_18,x_12_28,8.0,crossing_pair
x_4_18,x_12_29,8.0,crossing_pair
x_4_18,x_12_31,8.0,crossing_pair
x_4_18,x_12_33,8.0,crossing_pair
x_4_18,x_12_34,8.0,crossing_pair
x_4_18,x_12_35,8.0,crossing_pair
x_4_18,x_12_36,8.0,crossing_pair
x_4_18,x_12_40,8.0,crossing_pair
x_4_18,x_12_44,8.0,crossing_pair
x_4_18,x_13_18,8.0,shared_nucleotide
x_4_18,x_13_19,8.0,crossing_pair
x_4_18,x_13_25,8.0,crossing_pair
x_4_18,x_13_30,8.0,crossing_pair
x_4_18,x_13_32,8.0,crossing_pair
x_4_18,x_13_37,8.0,crossing_pair
x_4_18,x_13_38,8.0,crossing_pair
x_4_18,x_13_39,8.0,crossing_pair
x_4_18,x_13_41,8.0,crossing_pair
x_4_18,x_13_42,8.0,crossing_pair
x_4_18,x_13_43,8.0,crossing_pair
x_4_18,x_14_20,8.0,crossing_pair
x_4_18,x_14_21,8.0,crossing_pair
x_4_18,x_14_22,8.0,crossing_pair
x_4_18,x_14_23,8.0,crossing_pair
x_4_18,x_14_24,8.0,crossing_pair
x_4_18,x_14_26,8.0,crossing_pair
x_4_18,x_14_27,8.0,crossing_pair
x_4_18,x_14_28,8.0,crossing_pair
x_4_18,x_14_29,8.0,crossing_pair
x_4_18,x_14_31,8.0,crossing_pair
x_4_18,x_14_33,8.0,crossing_pair
x_4_18,x_14_34,8.0,crossing_pair
x_4_18,x_14_35,8.0,crossing_pair
x_4_18,x_14_36,8.0,crossing_pair
x_4_18,x_14_40,8.0,crossing_pair
x_4_18,x_14_44,8.0,crossing_pair
x_4_18,x_15_20,8.0,crossing_pair
x_4_18,x_15_22,8.0,crossing_pair
x_4_18,x_15_34,8.0,crossing_pair
x_4_18,x_15_40,8.0,crossing_pair
x_4_18,x_15_44,8.0,crossing_pair
x_4_18,x_16_25,8.0,crossing_pair
x_4_18,x_16_30,8.0,crossing_pair
x_4_18,x_16_32,8.0,crossing_pair
x_4_18,x_16_37,8.0,crossing_pair
x_4_18,x_16_38,8.0,crossing_pair
x_4_18,x_16_39,8.0,crossing_pair
x_4_18,x_16_41,8.0,crossing_pair
x_4_18,x_16_42,8.0,crossing_pair
x_4_18,x_16_43,8.0,crossing_pair
x_4_18,x_17_30,8.0,crossing_pair
x_4_18,x_17_37,8.0,crossing_pair
x_4_18,x_17_38,8.0,crossing_pair
x_4_18,x_17_39,8.0,crossing_pair
x_4_18,x_17_42,8.0,crossing_pair
x_4_18,x_17_43,8.0,crossing_pair
x_4_18,x_18_22,8.0,shared_nucleotide
x_4_18,x_18_23,8.0,shared_nucleotide
x_4_18,x_18_24,8.0,shared_nucleotide
x_4_18,x_18_26,8.0,shared_nucleotide
x_4_18,x_18_27,8.0,shared_nucleotide
x_4_18,x_18_28,8.0,shared_nucleotide
x_4_18,x_18_29,8.0,shared_nucleotide
x_4_18,x_18_31,8.0,shared_nucleotide
x_4_18,x_18_33,8.0,shared_nucleotide
x_4_18,x_18_34,8.0,shared_nucleotide
x_4_18,x_18_35,8.0,shared_nucleotide
x_4_18,x_18_36,8.0,shared_nucleotide
x_4_18,x_18_40,8.0,shared_nucleotide
x_4_18,x_18_44,8.0,shared_nucleotide
x_4_19,x_4_25,8.0,shared_nucleotide
x_4_19,x_4_30,8.0,shared_nucleotide
x_4_19,x_4_32,8.0,shared_nucleotide
x_4_19,x_4_37,8.0,shared_nucleotide
x_4_19,x_4_38,8.0,shared_nucleotide
x_4_19,x_4_39,8.0,shared_nucleotide
x_4_19,x_4_41,8.0,shared_nucleotide
x_4_19,x_4_42,8.0,shared_nucleotide
x_4_19,x_4_43,8.0,shared_nucleotide
x_4_19,x_5_20,8.0,crossing_pair
x_4_19,x_5_22,8.0,crossing_pair
x_4_19,x_5_34,8.0,crossing_pair
x_4_19,x_5_40,8.0,crossing_pair
x_4_19,x_5_44,8.0,crossing_pair
x_4_19,x_6_19,8.0,shared_nucleotide
x_4_19,x_6_30,8.0,crossing_pair
x_4_19,x_6_37,8.0,crossing_pair
x_4_19,x_6_38,8.0,crossing_pair
x_4_19,x_6_39,8.0,crossing_pair
x_4_19,x_6_42,8.0,crossing_pair
x_4_19,x_6_43,8.0,crossing_pair
x_4_19,x_7_19,8.0,shared_nucleotide
x_4_19,x_7_30,8.0,crossing_pair
x_4_19,x_7_37,8.0,crossing_pair
x_4_19,x_7_38,8.0,crossing_pair
x_4_19,x_7_39,8.0,crossing_pair
x_4_19,x_7_42,8.0,crossing_pair
x_4_19,x_7_43,8.0,crossing_pair
x_4_19,x_8_19,8.0,shared_nucleotide
x_4_19,x_8_30,8.0,crossing_pair
x_4_19,x_8_37,8.0,crossing_pair
x_4_19,x_8_38,8.0,crossing_pair
x_4_19,x_8_39,8.0,crossing_pair
x_4_19,x_8_42,8.0,crossing_pair
x_4_19,x_8_43,8.0,crossing_pair
x_4_19,x_9_19,8.0,shared_nucleotide
x_4_19,x_9_30,8.0,crossing_pair
x_4_19,x_9_37,8.0,crossing_pair
x_4_19,x_9_38,8.0,crossing_pair
x_4_19,x_9_39,8.0,crossing_pair
x_4_19,x_9_42,8.0,crossing_pair
x_4_19,x_9_43,8.0,crossing_pair
x_4_19,x_10_20,8.0,crossing_pair
x_4_19,x_10_22,8.0,crossing_pair
x_4_19,x_10_34,8.0,crossing_pair
x_4_19,x_10_40,8.0,crossing_pair
x_4_19,x_10_44,8.0,crossing_pair
x_4_19,x_11_20,8.0,crossing_pair
x_4_19,x_11_21,8.0,crossing_pair
x_4_19,x_11_22,8.0,crossing_pair
x_4_19,x_11_23,8.0,crossing_pair
x_4_19,x_11_24,8.0,crossing_pair
x_4_19,x_11_26,8.0,crossing_pair
x_4_19,x_11_27,8.0,crossing_pair
x_4_19,x_11_28,8.0,crossing_pair
x_4_19,x_11_29,8.0,crossing_pair
x_4_19,x_11_31,8.0,crossing_pair
x_4_19,x_11_33,8.0,crossing_pair
x_4_19,x_11_34,8.0,crossing_pair
x_4_19,x_11_35,8.0,crossing_pair
x_4_19,x_11_36,8.0,crossing_pair
x_4_19,x_11_40,8.0,crossing_pair
x_4_19,x_11_44,8.0,crossing_pair
x_4_19,x_12_20,8.0,crossing_pair
x_4_19,x_12_21,8.0,crossing_pair
x_4_19,x_12_22,8.0,crossing_pair
x_4_19,x_12_23,8.0,crossing_pair
x_4_19,x_12_24,8.0,crossing_pair
x_4_19,x_12_26,8.0,crossing_pair
x_4_19,x_12_27,8.0,crossing_pair
x_4_19,x_12_28,8.0,crossing_pair
x_4_19,x_12_29,8.0,crossing_pair
x_4_19,x_12_31,8.0,crossing_pair
x_4_19,x_12_33,8.0,crossing_pair
x_4_19,x_12_34,8.0,crossing_pair
x_4_19,x_12_35,8.0,crossing_pair
x_4_19,x_12_36,8.0,crossing_pair
x_4_19,x_12_40,8.0,crossing_pair
x_4_19,x_12_44,8.0,crossing_pair
x_4_19,x_13_19,8.0,shared_nucleotide
x_4_19,x_13_25,8.0,crossing_pair
x_4_19,x_13_30,8.0,crossing_pair
x_4_19,x_13_32,8.0,crossing_pair
x_4_19,x_13_37,8.0,crossing_pair
x_4_19,x_13_38,8.0,crossing_pair
x_4_19,x_13_39,8.0,crossing_pair
x_4_19,x_13_41,8.0,crossing_pair
x_4_19,x_13_42,8.0,crossing_pair
x_4_19,x_13_43,8.0,crossing_pair
x_4_19,x_14_20,8.0,crossing_pair
x_4_19,x_14_21,8.0,crossing_pair
x_4_19,x_14_22,8.0,crossing_pair
x_4_19,x_14_23,8.0,crossing_pair
x_4_19,x_14_24,8.0,crossing_pair
x_4_19,x_14_26,8.0,crossing_pair
x_4_19,x_14_27,8.0,crossing_pair
x_4_19,x_14_28,8.0,crossing_pair
x_4_19,x_14_29,8.0,crossing_pair
x_4_19,x_14_31,8.0,crossing_pair
x_4_19,x_14_33,8.0,crossing_pair
x_4_19,x_14_34,8.0,crossing_pair
x_4_19,x_14_35,8.0,crossing_pair
x_4_19,x_14_36,8.0,crossing_pair
x_4_19,x_14_40,8.0,crossing_pair
x_4_19,x_14_44,8.0,crossing_pair
x_4_19,x_15_20,8.0,crossing_pair
x_4_19,x_15_22,8.0,crossing_pair
x_4_19,x_15_34,8.0,crossing_pair
x_4_19,x_15_40,8.0,crossing_pair
x_4_19,x_15_44,8.0,crossing_pair
x_4_19,x_16_25,8.0,crossing_pair
x_4_19,x_16_30,8.0,crossing_pair
x_4_19,x_16_32,8.0,crossing_pair
x_4_19,x_16_37,8.0,crossing_pair
x_4_19,x_16_38,8.0,crossing_pair
x_4_19,x_16_39,8.0,crossing_pair
x_4_19,x_16_41,8.0,crossing_pair
x_4_19,x_16_42,8.0,crossing_pair
x_4_19,x_16_43,8.0,crossing_pair
x_4_19,x_17_30,8.0,crossing_pair
x_4_19,x_17_37,8.0,crossing_pair
x_4_19,x_17_38,8.0,crossing_pair
x_4_19,x_17_39,8.0,crossing_pair
x_4_19,x_17_42,8.0,crossing_pair
x_4_19,x_17_43,8.0,crossing_pair
x_4_19,x_18_22,8.0,crossing_pair
x_4_19,x_18_23,8.0,crossing_pair
x_4_19,x_18_24,8.0,crossing_pair
x_4_19,x_18_26,8.0,crossing_pair
x_4_19,x_18_27,8.0,crossing_pair
x_4_19,x_18_28,8.0,crossing_pair
x_4_19,x_18_29,8.0,crossing_pair
x_4_19,x_18_31,8.0,crossing_pair
x_4_19,x_18_33,8.0,crossing_pair
x_4_19,x_18_34,8.0,crossing_pair
x_4_19,x_18_35,8.0,crossing_pair
x_4_19,x_18_36,8.0,crossing_pair
x_4_19,x_18_40,8.0,crossing_pair
x_4_19,x_18_44,8.0,crossing_pair
x_4_19,x_19_23,8.0,shared_nucleotide
x_4_19,x_19_24,8.0,shared_nucleotide
x_4_19,x_19_26,8.0,shared_nucleotide
x_4_19,x_19_27,8.0,shared_nucleotide
x_4_19,x_19_28,8.0,shared_nucleotide
x_4_19,x_19_29,8.0,shared_nucleotide
x_4_19,x_19_31,8.0,shared_nucleotide
x_4_19,x_19_33,8.0,shared_nucleotide
x_4_19,x_19_34,8.0,shared_nucleotide
x_4_19,x_19_35,8.0,shared_nucleotide
x_4_19,x_19_36,8.0,shared_nucleotide
x_4_19,x_19_40,8.0,shared_nucleotide
x_4_19,x_19_44,8.0,shared_nucleotide
x_4_25,x_4_30,8.0,shared_nucleotide
x_4_25,x_4_32,8.0,shared_nucleotide
x_4_25,x_4_37,8.0,shared_nucleotide
x_4_25,x_4_38,8.0,shared_nucleotide
x_4_25,x_4_39,8.0,shared_nucleotide
x_4_25,x_4_41,8.0,shared_nucleotide
x_4_25,x_4_42,8.0,shared_nucleotide
x_4_25,x_4_43,8.0,shared_nucleotide
x_4_25,x_5_34,8.0,crossing_pair
x_4_25,x_5_40,8.0,crossing_pair
x_4_25,x_5_44,8.0,crossing_pair
x_4_25,x_6_30,8.0,crossing_pair
x_4_25,x_6_37,8.0,crossing_pair
x_4_25,x_6_38,8.0,crossing_pair
x_4_25,x_6_39,8.0,crossing_pair
x_4_25,x_6_42,8.0,crossing_pair
x_4_25,x_6_43,8.0,crossing_pair
x_4_25,x_7_30,8.0,crossing_pair
x_4_25,x_7_37,8.0,crossing_pair
x_4_25,x_7_38,8.0,crossing_pair
x_4_25,x_7_39,8.0,crossing_pair
x_4_25,x_7_42,8.0,crossing_pair
x_4_25,x_7_43,8.0,crossing_pair
x_4_25,x_8_30,8.0,crossing_pair
x_4_25,x_8_37,8.0,crossing_pair
x_4_25,x_8_38,8.0,crossing_pair
x_4_25,x_8_39,8.0,crossing_pair
x_4_25,x_8_42,8.0,crossing_pair
x_4_25,x_8_43,8.0,crossing_pair
x_4_25,x_9_30,8.0,crossing_pair
x_4_25,x_9_37,8.0,crossing_pair
x_4_25,x_9_38,8.0,crossing_pair
x_4_25,x_9_39,8.0,crossing_pair
x_4_25,x_9_42,8.0,crossing_pair
x_4_25,x_9_43,8.0,crossing_pair
x_4_25,x_10_34,8.0,crossing_pair
x_4_25,x_10_40,8.0,crossing_pair
x_4_25,x_10_44,8.0,crossing_pair
x_4_25,x_11_26,8.0,crossing_pair
x_4_25,x_11_27,8.0,crossing_pair
x_4_25,x_11_28,8.0,crossing_pair
x_4_25,x_11_29,8.0,crossing_pair
x_4_25,x_11_31,8.0,crossing_pair
x_4_25,x_11_33,8.0,crossing_pair
x_4_25,x_11_34,8.0,crossing_pair
x_4_25,x_11_35,8.0,crossing_pair
x_4_25,x_11_36,8.0,crossing_pair
x_4_25,x_11_40,8.0,crossing_pair
x_4_25,x_11_44,8.0,crossing_pair
x_4_25,x_12_26,8.0,crossing_pair
x_4_25,x_12_27,8.0,crossing_pair
x_4_25,x_12_28,8.0,crossing_pair
x_4_25,x_12_29,8.0,crossing_pair
x_4_25,x_12_31,8.0,crossing_pair
x_4_25,x_12_33,8.0,crossing_pair
x_4_25,x_12_34,8.0,crossing_pair
x_4_25,x_12_35,8.0,crossing_pair
x_4_25,x_12_36,8.0,crossing_pair
x_4_25,x_12_40,8.0,crossing_pair
x_4_25,x_12_44,8.0,crossing_pair
x_4_25,x_13_25,8.0,shared_nucleotide
x_4_25,x_13_30,8.0,crossing_pair
x_4_25,x_13_32,8.0,crossing_pair
x_4_25,x_13_37,8.0,crossing_pair
x_4_25,x_13_38,8.0,crossing_pair
x_4_25,x_13_39,8.0,crossing_pair
x_4_25,x_13_41,8.0,crossing_pair
x_4_25,x_13_42,8.0,crossing_pair
x_4_25,x_13_43,8.0,crossing_pair
x_4_25,x_14_26,8.0,crossing_pair
x_4_25,x_14_27,8.0,crossing_pair
x_4_25,x_14_28,8.0,crossing_pair
x_4_25,x_14_29,8.0,crossing_pair
x_4_25,x_14_31,8.0,crossing_pair
x_4_25,x_14_33,8.0,crossing_pair
x_4_25,x_14_34,8.0,crossing_pair
x_4_25,x_14_35,8.0,crossing_pair
x_4_25,x_14_36,8.0,crossing_pair
x_4_25,x_14_40,8.0,crossing_pair
x_4_25,x_14_44,8.0,crossing_pair
x_4_25,x_15_34,8.0,crossing_pair
x_4_25,x_15_40,8.0,crossing_pair
x_4_25,x_15_44,8.0,crossing_pair
x_4_25,x_16_25,8.0,shared_nucleotide
x_4_25,x_16_30,8.0,crossing_pair
x_4_25,x_16_32,8.0,crossing_pair
x_4_25,x_16_37,8.0,crossing_pair
x_4_25,x_16_38,8.0,crossing_pair
x_4_25,x_16_39,8.0,crossing_pair
x_4_25,x_16_41,8.0,crossing_pair
x_4_25,x_16_42,8.0,crossing_pair
x_4_25,x_16_43,8.0,crossing_pair
x_4_25,x_17_30,8.0,crossing_pair
x_4_25,x_17_37,8.0,crossing_pair
x_4_25,x_17_38,8.0,crossing_pair
x_4_25,x_17_39,8.0,crossing_pair
x_4_25,x_17_42,8.0,crossing_pair
x_4_25,x_17_43,8.0,crossing_pair
x_4_25,x_18_26,8.0,crossing_pair
x_4_25,x_18_27,8.0,crossing_pair
x_4_25,x_18_28,8.0,crossing_pair
x_4_25,x_18_29,8.0,crossing_pair
x_4_25,x_18_31,8.0,crossing_pair
x_4_25,x_18_33,8.0,crossing_pair
x_4_25,x_18_34,8.0,crossing_pair
x_4_25,x_18_35,8.0,crossing_pair
x_4_25,x_18_36,8.0,crossing_pair
x_4_25,x_18_40,8.0,crossing_pair
x_4_25,x_18_44,8.0,crossing_pair
x_4_25,x_19_26,8.0,crossing_pair
x_4_25,x_19_27,8.0,crossing_pair
x_4_25,x_19_28,8.0,crossing_pair
x_4_25,x_19_29,8.0,crossing_pair
x_4_25,x_19_31,8.0,crossing_pair
x_4_25,x_19_33,8.0,crossing_pair
x_4_25,x_19_34,8.0,crossing_pair
x_4_25,x_19_35,8.0,crossing_pair
x_4_25,x_19_36,8.0,crossing_pair
x_4_25,x_19_40,8.0,crossing_pair
x_4_25,x_19_44,8.0,crossing_pair
x_4_25,x_20_25,8.0,shared_nucleotide
x_4_25,x_20_30,8.0,crossing_pair
x_4_25,x_20_32,8.0,crossing_pair
x_4_25,x_20_37,8.0,crossing_pair
x_4_25,x_20_38,8.0,crossing_pair
x_4_25,x_20_39,8.0,crossing_pair
x_4_25,x_20_41,8.0,crossing_pair
x_4_25,x_20_42,8.0,crossing_pair
x_4_25,x_20_43,8.0,crossing_pair
x_4_25,x_21_30,8.0,crossing_pair
x_4_25,x_21_37,8.0,crossing_pair
x_4_25,x_21_38,8.0,crossing_pair
x_4_25,x_21_39,8.0,crossing_pair
x_4_25,x_21_42,8.0,crossing_pair
x_4_25,x_21_43,8.0,crossing_pair
x_4_25,x_22_30,8.0,crossing_pair
x_4_25,x_22_32,8.0,crossing_pair
x_4_25,x_22_37,8.0,crossing_pair
x_4_25,x_22_38,8.0,crossing_pair
x_4_25,x_22_39,8.0,crossing_pair
x_4_25,x_22_41,8.0,crossing_pair
x_4_25,x_22_42,8.0,crossing_pair
x_4_25,x_22_43,8.0,crossing_pair
x_4_25,x_23_30,8.0,crossing_pair
x_4_25,x_23_37,8.0,crossing_pair
x_4_25,x_23_38,8.0,crossing_pair
x_4_25,x_23_39,8.0,crossing_pair
x_4_25,x_23_42,8.0,crossing_pair
x_4_25,x_23_43,8.0,crossing_pair
x_4_25,x_24_30,8.0,crossing_pair
x_4_25,x_24_37,8.0,crossing_pair
x_4_25,x_24_38,8.0,crossing_pair
x_4_25,x_24_39,8.0,crossing_pair
x_4_25,x_24_42,8.0,crossing_pair
x_4_25,x_24_43,8.0,crossing_pair
x_4_25,x_25_34,8.0,shared_nucleotide
x_4_25,x_25_40,8.0,shared_nucleotide
x_4_25,x_25_44,8.0,shared_nucleotide
x_4_30,x_4_32,8.0,shared_nucleotide
x_4_30,x_4_37,8.0,shared_nucleotide
x_4_30,x_4_38,8.0,shared_nucleotide
x_4_30,x_4_39,8.0,shared_nucleotide
x_4_30,x_4_41,8.0,shared_nucleotide
x_4_30,x_4_42,8.0,shared_nucleotide
x_4_30,x_4_43,8.0,shared_nucleotide
x_4_30,x_5_34,8.0,crossing_pair
x_4_30,x_5_40,8.0,crossing_pair
x_4_30,x_5_44,8.0,crossing_pair
x_4_30,x_6_30,8.0,shared_nucleotide
x_4_30,x_6_37,8.0,crossing_pair
x_4_30,x_6_38,8.0,crossing_pair
x_4_30,x_6_39,8.0,crossing_pair
x_4_30,x_6_42,8.0,crossing_pair
x_4_30,x_6_43,8.0,crossing_pair
x_4_30,x_7_30,8.0,shared_nucleotide
x_4_30,x_7_37,8.0,crossing_pair
x_4_30,x_7_38,8.0,crossing_pair
x_4_30,x_7_39,8.0,crossing_pair
x_4_30,x_7_42,8.0,crossing_pair
x_4_30,x_7_43,8.0,crossing_pair
x_4_30,x_8_30,8.0,shared_nucleotide
x_4_30,x_8_37,8.0,crossing_pair
x_4_30,x_8_38,8.0,crossing_pair
x_4_30,x_8_39,8.0,crossing_pair
x_4_30,x_8_42,8.0,crossing_pair
x_4_30,x_8_43,8.0,crossing_pair
x_4_30,x_9_30,8.0,shared_nucleotide
x_4_30,x_9_37,8.0,crossing_pair
x_4_30,x_9_38,8.0,crossing_pair
x_4_30,x_9_39,8.0,crossing_pair
x_4_30,x_9_42,8.0,crossing_pair
x_4_30,x_9_43,8.0,crossing_pair
x_4_30,x_10_34,8.0,crossing_pair
x_4_30,x_10_40,8.0,crossing_pair
x_4_30,x_10_44,8.0,crossing_pair
x_4_30,x_11_31,8.0,crossing_pair
x_4_30,x_11_33,8.0,crossing_pair
x_4_30,x_11_34,8.0,crossing_pair
x_4_30,x_11_35,8.0,crossing_pair
x_4_30,x_11_36,8.0,crossing_pair
x_4_30,x_11_40,8.0,crossing_pair
x_4_30,x_11_44,8.0,crossing_pair
x_4_30,x_12_31,8.0,crossing_pair
x_4_30,x_12_33,8.0,crossing_pair
x_4_30,x_12_34,8.0,crossing_pair
x_4_30,x_12_35,8.0,crossing_pair
x_4_30,x_12_36,8.0,crossing_pair
x_4_30,x_12_40,8.0,crossing_pair
x_4_30,x_12_44,8.0,crossing_pair
x_4_30,x_13_30,8.0,shared_nucleotide
x_4_30,x_13_32,8.0,crossing_pair
x_4_30,x_13_37,8.0,crossing_pair
x_4_30,x_13_38,8.0,crossing_pair
x_4_30,x_13_39,8.0,crossing_pair
x_4_30,x_13_41,8.0,crossing_pair
x_4_30,x_13_42,8.0,crossing_pair
x_4_30,x_13_43,8.0,crossing_pair
x_4_30,x_14_31,8.0,crossing_pair
x_4_30,x_14_33,8.0,crossing_pair
x_4_30,x_14_34,8.0,crossing_pair
x_4_30,x_14_35,8.0,crossing_pair
x_4_30,x_14_36,8.0,crossing_pair
x_4_30,x_14_40,8.0,crossing_pair
x_4_30,x_14_44,8.0,crossing_pair
x_4_30,x_15_34,8.0,crossing_pair
x_4_30,x_15_40,8.0,crossing_pair
x_4_30,x_15_44,8.0,crossing_pair
x_4_30,x_16_30,8.0,shared_nucleotide
x_4_30,x_16_32,8.0,crossing_pair
x_4_30,x_16_37,8.0,crossing_pair
x_4_30,x_16_38,8.0,crossing_pair
x_4_30,x_16_39,8.0,crossing_pair
x_4_30,x_16_41,8.0,crossing_pair
x_4_30,x_16_42,8.0,crossing_pair
x_4_30,x_16_43,8.0,crossing_pair
x_4_30,x_17_30,8.0,shared_nucleotide
x_4_30,x_17_37,8.0,crossing_pair
x_4_30,x_17_38,8.0,crossing_pair
x_4_30,x_17_39,8.0,crossing_pair
x_4_30,x_17_42,8.0,crossing_pair
x_4_30,x_17_43,8.0,crossing_pair
x_4_30,x_18_31,8.0,crossing_pair
x_4_30,x_18_33,8.0,crossing_pair
x_4_30,x_18_34,8.0,crossing_pair
x_4_30,x_18_35,8.0,crossing_pair
x_4_30,x_18_36,8.0,crossing_pair
x_4_30,x_18_40,8.0,crossing_pair
x_4_30,x_18_44,8.0,crossing_pair
x_4_30,x_19_31,8.0,crossing_pair
x_4_30,x_19_33,8.0,crossing_pair
x_4_30,x_19_34,8.0,crossing_pair
x_4_30,x_19_35,8.0,crossing_pair
x_4_30,x_19_36,8.0,crossing_pair
x_4_30,x_19_40,8.0,crossing_pair
x_4_30,x_19_44,8.0,crossing_pair
x_4_30,x_20_30,8.0,shared_nucleotide
x_4_30,x_20_32,8.0,crossing_pair
x_4_30,x_20_37,8.0,crossing_pair
x_4_30,x_20_38,8.0,crossing_pair
x_4_30,x_20_39,8.0,crossing_pair
x_4_30,x_20_41,8.0,crossing_pair
x_4_30,x_20_42,8.0,crossing_pair
x_4_30,x_20_43,8.0,crossing_pair
x_4_30,x_21_30,8.0,shared_nucleotide
x_4_30,x_21_37,8.0,crossing_pair
x_4_30,x_21_38,8.0,crossing_pair
x_4_30,x_21_39,8.0,crossing_pair
x_4_30,x_21_42,8.0,crossing_pair
x_4_30,x_21_43,8.0,crossing_pair
x_4_30,x_22_30,8.0,shared_nucleotide
x_4_30,x_22_32,8.0,crossing_pair
x_4_30,x_22_37,8.0,crossing_pair
x_4_30,x_22_38,8.0,crossing_pair
x_4_30,x_22_39,8.0,crossing_pair
x_4_30,x_22_41,8.0,crossing_pair
x_4_30,x_22_42,8.0,crossing_pair
x_4_30,x_22_43,8.0,crossing_pair
x_4_30,x_23_30,8.0,shared_nucleotide
x_4_30,x_23_37,8.0,crossing_pair
x_4_30,x_23_38,8.0,crossing_pair
x_4_30,x_23_39,8.0,crossing_pair
x_4_30,x_23_42,8.0,crossing_pair
x_4_30,x_23_43,8.0,crossing_pair
x_4_30,x_24_30,8.0,shared_nucleotide
x_4_30,x_24_37,8.0,crossing_pair
x_4_30,x_24_38,8.0,crossing_pair
x_4_30,x_24_39,8.0,crossing_pair
x_4_30,x_24_42,8.0,crossing_pair
x_4_30,x_24_43,8.0,crossing_pair
x_4_30,x_25_34,8.0,crossing_pair
x_4_30,x_25_40,8.0,crossing_pair
x_4_30,x_25_44,8.0,crossing_pair
x_4_30,x_26_30,8.0,shared_nucleotide
x_4_30,x_26_37,8.0,crossing_pair
x_4_30,x_26_38,8.0,crossing_pair
x_4_30,x_26_39,8.0,crossing_pair
x_4_30,x_26_42,8.0,crossing_pair
x_4_30,x_26_43,8.0,crossing_pair
x_4_30,x_27_37,8.0,crossing_pair
x_4_30,x_27_38,8.0,crossing_pair
x_4_30,x_27_39,8.0,crossing_pair
x_4_30,x_27_42,8.0,crossing_pair
x_4_30,x_27_43,8.0,crossing_pair
x_4_30,x_28_37,8.0,crossing_pair
x_4_30,x_28_38,8.0,crossing_pair
x_4_30,x_28_39,8.0,crossing_pair
x_4_30,x_28_42,8.0,crossing_pair
x_4_30,x_28_43,8.0,crossing_pair
x_4_30,x_29_37,8.0,crossing_pair
x_4_30,x_29_38,8.0,crossing_pair
x_4_30,x_29_39,8.0,crossing_pair
x_4_30,x_29_42,8.0,crossing_pair
x_4_30,x_29_43,8.0,crossing_pair
x_4_30,x_30_34,8.0,shared_nucleotide
x_4_30,x_30_35,8.0,shared_nucleotide
x_4_30,x_30_36,8.0,shared_nucleotide
x_4_30,x_30_40,8.0,shared_nucleotide
x_4_30,x_30_44,8.0,shared_nucleotide
x_4_32,x_4_37,8.0,shared_nucleotide
x_4_32,x_4_38,8.0,shared_nucleotide
x_4_32,x_4_39,8.0,shared_nucleotide
x_4_32,x_4_41,8.0,shared_nucleotide
x_4_32,x_4_42,8.0,shared_nucleotide
x_4_32,x_4_43,8.0,shared_nucleotide
x_4_32,x_5_34,8.0,crossing_pair
x_4_32,x_5_40,8.0,crossing_pair
x_4_32,x_5_44,8.0,crossing_pair
x_4_32,x_6_37,8.0,crossing_pair
x_4_32,x_6_38,8.0,crossing_pair
x_4_32,x_6_39,8.0,crossing_pair
x_4_32,x_6_42,8.0,crossing_pair
x_4_32,x_6_43,8.0,crossing_pair
x_4_32,x_7_37,8.0,crossing_pair
x_4_32,x_7_38,8.0,crossing_pair
x_4_32,x_7_39,8.0,crossing_pair
x_4_32,x_7_42,8.0,crossing_pair
x_4_32,x_7_43,8.0,crossing_pair
x_4_32,x_8_37,8.0,crossing_pair
x_4_32,x_8_38,8.0,crossing_pair
x_4_32,x_8_39,8.0,crossing_pair
x_4_32,x_8_42,8.0,crossing_pair
x_4_32,x_8_43,8.0,crossing_pair
x_4_32,x_9_37,8.0,crossing_pair
x_4_32,x_9_38,8.0,crossing_pair
x_4_32,x_9_39,8.0,crossing_pair
x_4_32,x_9_42,8.0,crossing_pair
x_4_32,x_9_43,8.0,crossing_pair
x_4_32,x_10_34,8.0,crossing_pair
x_4_32,x_10_40,8.0,crossing_pair
x_4_32,x_10_44,8.0,crossing_pair
x_4_32,x_11_33,8.0,crossing_pair
x_4_32,x_11_34,8.0,crossing_pair
x_4_32,x_11_35,8.0,crossing_pair
x_4_32,x_11_36,8.0,crossing_pair
x_4_32,x_11_40,8.0,crossing_pair
x_4_32,x_11_44,8.0,crossing_pair
x_4_32,x_12_33,8.0,crossing_pair
x_4_32,x_12_34,8.0,crossing_pair
x_4_32,x_12_35,8.0,crossing_pair
x_4_32,x_12_36,8.0,crossing_pair
x_4_32,x_12_40,8.0,crossing_pair
x_4_32,x_12_44,8.0,crossing_pair
x_4_32,x_13_32,8.0,shared_nucleotide
x_4_32,x_13_37,8.0,crossing_pair
x_4_32,x_13_38,8.0,crossing_pair
x_4_32,x_13_39,8.0,crossing_pair
x_4_32,x_13_41,8.0,crossing_pair
x_4_32,x_13_42,8.0,crossing_pair
x_4_32,x_13_43,8.0,crossing_pair
x_4_32,x_14_33,8.0,crossing_pair
x_4_32,x_14_34,8.0,crossing_pair
x_4_32,x_14_35,8.0,crossing_pair
x_4_32,x_14_36,8.0,crossing_pair
x_4_32,x_14_40,8.0,crossing_pair
x_4_32,x_14_44,8.0,crossing_pair
x_4_32,x_15_34,8.0,crossing_pair
x_4_32,x_15_40,8.0,crossing_pair
x_4_32,x_15_44,8.0,crossing_pair
x_4_32,x_16_32,8.0,shared_nucleotide
x_4_32,x_16_37,8.0,crossing_pair
x_4_32,x_16_38,8.0,crossing_pair
x_4_32,x_16_39,8.0,crossing_pair
x_4_32,x_16_41,8.0,crossing_pair
x_4_32,x_16_42,8.0,crossing_pair
x_4_32,x_16_43,8.0,crossing_pair
x_4_32,x_17_37,8.0,crossing_pair
x_4_32,x_17_38,8.0,crossing_pair
x_4_32,x_17_39,8.0,crossing_pair
x_4_32,x_17_42,8.0,crossing_pair
x_4_32,x_17_43,8.0,crossing_pair
x_4_32,x_18_33,8.0,crossing_pair
x_4_32,x_18_34,8.0,crossing_pair
x_4_32,x_18_35,8.0,crossing_pair
x_4_32,x_18_36,8.0,crossing_pair
x_4_32,x_18_40,8.0,crossing_pair
x_4_32,x_18_44,8.0,crossing_pair
x_4_32,x_19_33,8.0,crossing_pair
x_4_32,x_19_34,8.0,crossing_pair
x_4_32,x_19_35,8.0,crossing_pair
x_4_32,x_19_36,8.0,crossing_pair
x_4_32,x_19_40,8.0,crossing_pair
x_4_32,x_19_44,8.0,crossing_pair
x_4_32,x_20_32,8.0,shared_nucleotide
x_4_32,x_20_37,8.0,crossing_pair
x_4_32,x_20_38,8.0,crossing_pair
x_4_32,x_20_39,8.0,crossing_pair
x_4_32,x_20_41,8.0,crossing_pair
x_4_32,x_20_42,8.0,crossing_pair
x_4_32,x_20_43,8.0,crossing_pair
x_4_32,x_21_37,8.0,crossing_pair
x_4_32,x_21_38,8.0,crossing_pair
x_4_32,x_21_39,8.0,crossing_pair
x_4_32,x_21_42,8.0,crossing_pair
x_4_32,x_21_43,8.0,crossing_pair
x_4_32,x_22_32,8.0,shared_nucleotide
x_4_32,x_22_37,8.0,crossing_pair
x_4_32,x_22_38,8.0,crossing_pair
x_4_32,x_22_39,8.0,crossing_pair
x_4_32,x_22_41,8.0,crossing_pair
x_4_32,x_22_42,8.0,crossing_pair
x_4_32,x_22_43,8.0,crossing_pair
x_4_32,x_23_37,8.0,crossing_pair
x_4_32,x_23_38,8.0,crossing_pair
x_4_32,x_23_39,8.0,crossing_pair
x_4_32,x_23_42,8.0,crossing_pair
x_4_32,x_23_43,8.0,crossing_pair
x_4_32,x_24_37,8.0,crossing_pair
x_4_32,x_24_38,8.0,crossing_pair
x_4_32,x_24_39,8.0,crossing_pair
x_4_32,x_24_42,8.0,crossing_pair
x_4_32,x_24_43,8.0,crossing_pair
x_4_32,x_25_34,8.0,crossing_pair
x_4_32,x_25_40,8.0,crossing_pair
x_4_32,x_25_44,8.0,crossing_pair
x_4_32,x_26_37,8.0,crossing_pair
x_4_32,x_26_38,8.0,crossing_pair
x_4_32,x_26_39,8.0,crossing_pair
x_4_32,x_26_42,8.0,crossing_pair
x_4_32,x_26_43,8.0,crossing_pair
x_4_32,x_27_37,8.0,crossing_pair
x_4_32,x_27_38,8.0,crossing_pair
x_4_32,x_27_39,8.0,crossing_pair
x_4_32,x_27_42,8.0,crossing_pair
x_4_32,x_27_43,8.0,crossing_pair
x_4_32,x_28_37,8.0,crossing_pair
x_4_32,x_28_38,8.0,crossing_pair
x_4_32,x_28_39,8.0,crossing_pair
x_4_32,x_28_42,8.0,crossing_pair
x_4_32,x_28_43,8.0,crossing_pair
x_4_32,x_29_37,8.0,crossing_pair
x_4_32,x_29_38,8.0,crossing_pair
x_4_32,x_29_39,8.0,crossing_pair
x_4_32,x_29_42,8.0,crossing_pair
x_4_32,x_29_43,8.0,crossing_pair
x_4_32,x_30_34,8.0,crossing_pair
x_4_32,x_30_35,8.0,crossing_pair
x_4_32,x_30_36,8.0,crossing_pair
x_4_32,x_30_40,8.0,crossing_pair
x_4_32,x_30_44,8.0,crossing_pair
x_4_32,x_31_37,8.0,crossing_pair
x_4_32,x_31_38,8.0,crossing_pair
x_4_32,x_31_39,8.0,crossing_pair
x_4_32,x_31_42,8.0,crossing_pair
x_4_32,x_31_43,8.0,crossing_pair
x_4_32,x_32_40,8.0,shared_nucleotide
x_4_32,x_32_44,8.0,shared_nucleotide
x_4_37,x_4_38,8.0,shared_nucleotide
x_4_37,x_4_39,8.0,shared_nucleotide
x_4_37,x_4_41,8.0,shared_nucleotide
x_4_37,x_4_42,8.0,shared_nucleotide
x_4_37,x_4_43,8.0,shared_nucleotide
x_4_37,x_5_40,8.0,crossing_pair
x_4_37,x_5_44,8.0,crossing_pair
x_4_37,x_6_37,8.0,shared_nucleotide
x_4_37,x_6_38,8.0,crossing_pair
x_4_37,x_6_39,8.0,crossing_pair
x_4_37,x_6_42,8.0,crossing_pair
x_4_37,x_6_43,8.0,crossing_pair
x_4_37,x_7_37,8.0,shared_nucleotide
x_4_37,x_7_38,8.0,crossing_pair
x_4_37,x_7_39,8.0,crossing_pair
x_4_37,x_7_42,8.0,crossing_pair
x_4_37,x_7_43,8.0,crossing_pair
x_4_37,x_8_37,8.0,shared_nucleotide
x_4_37,x_8_38,8.0,crossing_pair
x_4_37,x_8_39,8.0,crossing_pair
x_4_37,x_8_42,8.0,crossing_pair
x_4_37,x_8_43,8.0,crossing_pair
x_4_37,x_9_37,8.0,shared_nucleotide
x_4_37,x_9_38,8.0,crossing_pair
x_4_37,x_9_39,8.0,crossing_pair
x_4_37,x_9_42,8.0,crossing_pair
x_4_37,x_9_43,8.0,crossing_pair
x_4_37,x_10_40,8.0,crossing_pair
x_4_37,x_10_44,8.0,crossing_pair
x_4_37,x_11_40,8.0,crossing_pair
x_4_37,x_11_44,8.0,crossing_pair
x_4_37,x_12_40,8.0,crossing_pair
x_4_37,x_12_44,8.0,crossing_pair
x_4_37,x_13_37,8.0,shared_nucleotide
x_4_37,x_13_38,8.0,crossing_pair
x_4_37,x_13_39,8.0,crossing_pair
x_4_37,x_13_41,8.0,crossing_pair
x_4_37,x_13_42,8.0,crossing_pair
x_4_37,x_13_43,8.0,crossing_pair
x_4_37,x_14_40,8.0,crossing_pair
x_4_37,x_14_44,8.0,crossing_pair
x_4_37,x_15_40,8.0,crossing_pair
x_4_37,x_15_44,8.0,crossing_pair
x_4_37,x_16_37,8.0,shared_nucleotide
x_4_37,x_16_38,8.0,crossing_pair
x_4_37,x_16_39,8.0,crossing_pair
x_4_37,x_16_41,8.0,crossing_pair
x_4_37,x_16_42,8.0,crossing_pair
x_4_37,x_16_43,8.0,crossing_pair
x_4_37,x_17_37,8.0,shared_nucleotide
x_4_37,x_17_38,8.0,crossing_pair
x_4_37,x_17_39,8.0,crossing_pair
x_4_37,x_17_42,8.0,crossing_pair
x_4_37,x_17_43,8.0,crossing_pair
x_4_37,x_18_40,8.0,crossing_pair
x_4_37,x_18_44,8.0,crossing_pair
x_4_37,x_19_40,8.0,crossing_pair
x_4_37,x_19_44,8.0,crossing_pair
x_4_37,x_20_37,8.0,shared_nucleotide
x_4_37,x_20_38,8.0,crossing_pair
x_4_37,x_20_39,8.0,crossing_pair
x_4_37,x_20_41,8.0,crossing_pair
x_4_37,x_20_42,8.0,crossing_pair
x_4_37,x_20_43,8.0,crossing_pair
x_4_37,x_21_37,8.0,shared_nucleotide
x_4_37,x_21_38,8.0,crossing_pair
x_4_37,x_21_39,8.0,crossing_pair
x_4_37,x_21_42,8.0,crossing_pair
x_4_37,x_21_43,8.0,crossing_pair
x_4_37,x_22_37,8.0,shared_nucleotide
x_4_37,x_22_38,8.0,crossing_pair
x_4_37,x_22_39,8.0,crossing_pair
x_4_37,x_22_41,8.0,crossing_pair
x_4_37,x_22_42,8.0,crossing_pair
x_4_37,x_22_43,8.0,crossing_pair
x_4_37,x_23_37,8.0,shared_nucleotide
x_4_37,x_23_38,8.0,crossing_pair
x_4_37,x_23_39,8.0,crossing_pair
x_4_37,x_23_42,8.0,crossing_pair
x_4_37,x_23_43,8.0,crossing_pair
x_4_37,x_24_37,8.0,shared_nucleotide
x_4_37,x_24_38,8.0,crossing_pair
x_4_37,x_24_39,8.0,crossing_pair
x_4_37,x_24_42,8.0,crossing_pair
x_4_37,x_24_43,8.0,crossing_pair
x_4_37,x_25_40,8.0,crossing_pair
x_4_37,x_25_44,8.0,crossing_pair
x_4_37,x_26_37,8.0,shared_nucleotide
x_4_37,x_26_38,8.0,crossing_pair
x_4_37,x_26_39,8.0,crossing_pair
x_4_37,x_26_42,8.0,crossing_pair
x_4_37,x_26_43,8.0,crossing_pair
x_4_37,x_27_37,8.0,shared_nucleotide
x_4_37,x_27_38,8.0,crossing_pair
x_4_37,x_27_39,8.0,crossing_pair
x_4_37,x_27_42,8.0,crossing_pair
x_4_37,x_27_43,8.0,crossing_pair
x_4_37,x_28_37,8.0,shared_nucleotide
x_4_37,x_28_38,8.0,crossing_pair
x_4_37,x_28_39,8.0,crossing_pair
x_4_37,x_28_42,8.0,crossing_pair
x_4_37,x_28_43,8.0,crossing_pair
x_4_37,x_29_37,8.0,shared_nucleotide
x_4_37,x_29_38,8.0,crossing_pair
x_4_37,x_29_39,8.0,crossing_pair
x_4_37,x_29_42,8.0,crossing_pair
x_4_37,x_29_43,8.0,crossing_pair
x_4_37,x_30_40,8.0,crossing_pair
x_4_37,x_30_44,8.0,crossing_pair
x_4_37,x_31_37,8.0,shared_nucleotide
x_4_37,x_31_38,8.0,crossing_pair
x_4_37,x_31_39,8.0,crossing_pair
x_4_37,x_31_42,8.0,crossing_pair
x_4_37,x_31_43,8.0,crossing_pair
x_4_37,x_32_40,8.0,crossing_pair
x_4_37,x_32_44,8.0,crossing_pair
x_4_37,x_33_37,8.0,shared_nucleotide
x_4_37,x_33_38,8.0,crossing_pair
x_4_37,x_33_39,8.0,crossing_pair
x_4_37,x_33_42,8.0,crossing_pair
x_4_37,x_33_43,8.0,crossing_pair
x_4_37,x_34_38,8.0,crossing_pair
x_4_37,x_34_39,8.0,crossing_pair
x_4_37,x_34_41,8.0,crossing_pair
x_4_37,x_34_42,8.0,crossing_pair
x_4_37,x_34_43,8.0,crossing_pair
x_4_37,x_35_39,8.0,crossing_pair
x_4_37,x_35_42,8.0,crossing_pair
x_4_37,x_35_43,8.0,crossing_pair
x_4_37,x_36_42,8.0,crossing_pair
x_4_37,x_36_43,8.0,crossing_pair
x_4_37,x_37_44,8.0,shared_nucleotide
x_4_38,x_4_39,8.0,shared_nucleotide
x_4_38,x_4_41,8.0,shared_nucleotide
x_4_38,x_4_42,8.0,shared_nucleotide
x_4_38,x_4_43,8.0,shared_nucleotide
x_4_38,x_5_40,8.0,crossing_pair
x_4_38,x_5_44,8.0,crossing_pair
x_4_38,x_6_38,8.0,shared_nucleotide
x_4_38,x_6_39,8.0,crossing_pair
x_4_38,x_6_42,8.0,crossing_pair
x_4_38,x_6_43,8.0,crossing_pair
x_4_38,x_7_38,8.0,shared_nucleotide
x_4_38,x_7_39,8.0,crossing_pair
x_4_38,x_7_42,8.0,crossing_pair
x_4_38,x_7_43,8.0,crossing_pair
x_4_38,x_8_38,8.0,shared_nucleotide
x_4_38,x_8_39,8.0,crossing_pair
x_4_38,x_8_42,8.0,crossing_pair
x_4_38,x_8_43,8.0,crossing_pair
x_4_38,x_9_38,8.0,shared_nucleotide
x_4_38,x_9_39,8.0,crossing_pair
x_4_38,x_9_42,8.0,crossing_pair
x_4_38,x_9_43,8.0,crossing_pair
x_4_38,x_10_40,8.0,crossing_pair
x_4_38,x_10_44,8.0,crossing_pair
x_4_38,x_11_40,8.0,crossing_pair
x_4_38,x_11_44,8.0,crossing_pair
x_4_38,x_12_40,8.0,crossing_pair
x_4_38,x_12_44,8.0,crossing_pair
x_4_38,x_13_38,8.0,shared_nucleotide
x_4_38,x_13_39,8.0,crossing_pair
x_4_38,x_13_41,8.0,crossing_pair
x_4_38,x_13_42,8.0,crossing_pair
x_4_38,x_13_43,8.0,crossing_pair
x_4_38,x_14_40,8.0,crossing_pair
x_4_38,x_14_44,8.0,crossing_pair
x_4_38,x_15_40,8.0,crossing_pair
x_4_38,x_15_44,8.0,crossing_pair
x_4_38,x_16_38,8.0,shared_nucleotide
x_4_38,x_16_39,8.0,crossing_pair
x_4_38,x_16_41,8.0,crossing_pair
x_4_38,x_16_42,8.0,crossing_pair
x_4_38,x_16_43,8.0,crossing_pair
x_4_38,x_17_38,8.0,shared_nucleotide
x_4_38,x_17_39,8.0,crossing_pair
x_4_38,x_17_42,8.0,crossing_pair
x_4_38,x_17_43,8.0,crossing_pair
x_4_38,x_18_40,8.0,crossing_pair
x_4_38,x_18_44,8.0,crossing_pair
x_4_38,x_19_40,8.0,crossing_pair
x_4_38,x_19_44,8.0,crossing_pair
x_4_38,x_20_38,8.0,shared_nucleotide
x_4_38,x_20_39,8.0,crossing_pair
x_4_38,x_20_41,8.0,crossing_pair
x_4_38,x_20_42,8.0,crossing_pair
x_4_38,x_20_43,8.0,crossing_pair
x_4_38,x_21_38,8.0,shared_nucleotide
x_4_38,x_21_39,8.0,crossing_pair
x_4_38,x_21_42,8.0,crossing_pair
x_4_38,x_21_43,8.0,crossing_pair
x_4_38,x_22_38,8.0,shared_nucleotide
x_4_38,x_22_39,8.0,crossing_pair
x_4_38,x_22_41,8.0,crossing_pair
x_4_38,x_22_42,8.0,crossing_pair
x_4_38,x_22_43,8.0,crossing_pair
x_4_38,x_23_38,8.0,shared_nucleotide
x_4_38,x_23_39,8.0,crossing_pair
x_4_38,x_23_42,8.0,crossing_pair
x_4_38,x_23_43,8.0,crossing_pair
x_4_38,x_24_38,8.0,shared_nucleotide
x_4_38,x_24_39,8.0,crossing_pair
x_4_38,x_24_42,8.0,crossing_pair
x_4_38,x_24_43,8.0,crossing_pair
x_4_38,x_25_40,8.0,crossing_pair
x_4_38,x_25_44,8.0,crossing_pair
x_4_38,x_26_38,8.0,shared_nucleotide
x_4_38,x_26_39,8.0,crossing_pair
x_4_38,x_26_42,8.0,crossing_pair
x_4_38,x_26_43,8.0,crossing_pair
x_4_38,x_27_38,8.0,shared_nucleotide
x_4_38,x_27_39,8.0,crossing_pair
x_4_38,x_27_42,8.0,crossing_pair
x_4_38,x_27_43,8.0,crossing_pair
x_4_38,x_28_38,8.0,shared_nucleotide
x_4_38,x_28_39,8.0,crossing_pair
x_4_38,x_28_42,8.0,crossing_pair
x_4_38,x_28_43,8.0,crossing_pair
x_4_38,x_29_38,8.0,shared_nucleotide
x_4_38,x_29_39,8.0,crossing_pair
x_4_38,x_29_42,8.0,crossing_pair
x_4_38,x_29_43,8.0,crossing_pair
x_4_38,x_30_40,8.0,crossing_pair
x_4_38,x_30_44,8.0,crossing_pair
x_4_38,x_31_38,8.0,shared_nucleotide
x_4_38,x_31_39,8.0,crossing_pair
x_4_38,x_31_42,8.0,crossing_pair
x_4_38,x_31_43,8.0,crossing_pair
x_4_38,x_32_40,8.0,crossing_pair
x_4_38,x_32_44,8.0,crossing_pair
x_4_38,x_33_38,8.0,shared_nucleotide
x_4_38,x_33_39,8.0,crossing_pair
x_4_38,x_33_42,8.0,crossing_pair
x_4_38,x_33_43,8.0,crossing_pair
x_4_38,x_34_38,8.0,shared_nucleotide
x_4_38,x_34_39,8.0,crossing_pair
x_4_38,x_34_41,8.0,crossing_pair
x_4_38,x_34_42,8.0,crossing_pair
x_4_38,x_34_43,8.0,crossing_pair
x_4_38,x_35_39,8.0,crossing_pair
x_4_38,x_35_42,8.0,crossing_pair
x_4_38,x_35_43,8.0,crossing_pair
x_4_38,x_36_42,8.0,crossing_pair
x_4_38,x_36_43,8.0,crossing_pair
x_4_38,x_37_44,8.0,crossing_pair
x_4_38,x_38_44,8.0,shared_nucleotide
x_4_39,x_4_41,8.0,shared_nucleotide
x_4_39,x_4_42,8.0,shared_nucleotide
x_4_39,x_4_43,8.0,shared_nucleotide
x_4_39,x_5_40,8.0,crossing_pair
x_4_39,x_5_44,8.0,crossing_pair
x_4_39,x_6_39,8.0,shared_nucleotide
x_4_39,x_6_42,8.0,crossing_pair
x_4_39,x_6_43,8.0,crossing_pair
x_4_39,x_7_39,8.0,shared_nucleotide
x_4_39,x_7_42,8.0,crossing_pair
x_4_39,x_7_43,8.0,crossing_pair
x_4_39,x_8_39,8.0,shared_nucleotide
x_4_39,x_8_42,8.0,crossing_pair
x_4_39,x_8_43,8.0,crossing_pair
x_4_39,x_9_39,8.0,shared_nucleotide
x_4_39,x_9_42,8.0,crossing_pair
x_4_39,x_9_43,8.0,crossing_pair
x_4_39,x_10_40,8.0,crossing_pair
x_4_39,x_10_44,8.0,crossing_pair
x_4_39,x_11_40,8.0,crossing_pair
x_4_39,x_11_44,8.0,crossing_pair
x_4_39,x_12_40,8.0,crossing_pair
x_4_39,x_12_44,8.0,crossing_pair
x_4_39,x_13_39,8.0,shared_nucleotide
x_4_39,x_13_41,8.0,crossing_pair
x_4_39,x_13_42,8.0,crossing_pair
x_4_39,x_13_43,8.0,crossing_pair
x_4_39,x_14_40,8.0,crossing_pair
x_4_39,x_14_44,8.0,crossing_pair
x_4_39,x_15_40,8.0,crossing_pair
x_4_39,x_15_44,8.0,crossing_pair
x_4_39,x_16_39,8.0,shared_nucleotide
x_4_39,x_16_41,8.0,crossing_pair
x_4_39,x_16_42,8.0,crossing_pair
x_4_39,x_16_43,8.0,crossing_pair
x_4_39,x_17_39,8.0,shared_nucleotide
x_4_39,x_17_42,8.0,crossing_pair
x_4_39,x_17_43,8.0,crossing_pair
x_4_39,x_18_40,8.0,crossing_pair
x_4_39,x_18_44,8.0,crossing_pair
x_4_39,x_19_40,8.0,crossing_pair
x_4_39,x_19_44,8.0,crossing_pair
x_4_39,x_20_39,8.0,shared_nucleotide
x_4_39,x_20_41,8.0,crossing_pair
x_4_39,x_20_42,8.0,crossing_pair
x_4_39,x_20_43,8.0,crossing_pair
x_4_39,x_21_39,8.0,shared_nucleotide
x_4_39,x_21_42,8.0,crossing_pair
x_4_39,x_21_43,8.0,crossing_pair
x_4_39,x_22_39,8.0,shared_nucleotide
x_4_39,x_22_41,8.0,crossing_pair
x_4_39,x_22_42,8.0,crossing_pair
x_4_39,x_22_43,8.0,crossing_pair
x_4_39,x_23_39,8.0,shared_nucleotide
x_4_39,x_23_42,8.0,crossing_pair
x_4_39,x_23_43,8.0,crossing_pair
x_4_39,x_24_39,8.0,shared_nucleotide
x_4_39,x_24_42,8.0,crossing_pair
x_4_39,x_24_43,8.0,crossing_pair
x_4_39,x_25_40,8.0,crossing_pair
x_4_39,x_25_44,8.0,crossing_pair
x_4_39,x_26_39,8.0,shared_nucleotide
x_4_39,x_26_42,8.0,crossing_pair
x_4_39,x_26_43,8.0,crossing_pair
x_4_39,x_27_39,8.0,shared_nucleotide
x_4_39,x_27_42,8.0,crossing_pair
x_4_39,x_27_43,8.0,crossing_pair
x_4_39,x_28_39,8.0,shared_nucleotide
x_4_39,x_28_42,8.0,crossing_pair
x_4_39,x_28_43,8.0,crossing_pair
x_4_39,x_29_39,8.0,shared_nucleotide
x_4_39,x_29_42,8.0,crossing_pair
x_4_39,x_29_43,8.0,crossing_pair
x_4_39,x_30_40,8.0,crossing_pair
x_4_39,x_30_44,8.0,crossing_pair
x_4_39,x_31_39,8.0,shared_nucleotide
x_4_39,x_31_42,8.0,crossing_pair
x_4_39,x_31_43,8.0,crossing_pair
x_4_39,x_32_40,8.0,crossing_pair
x_4_39,x_32_44,8.0,crossing_pair
x_4_39,x_33_39,8.0,shared_nucleotide
x_4_39,x_33_42,8.0,crossing_pair
x_4_39,x_33_43,8.0,crossing_pair
x_4_39,x_34_39,8.0,shared_nucleotide
x_4_39,x_34_41,8.0,crossing_pair
x_4_39,x_34_42,8.0,crossing_pair
x_4_39,x_34_43,8.0,crossing_pair
x_4_39,x_35_39,8.0,shared_nucleotide
x_4_39,x_35_42,8.0,crossing_pair
x_4_39,x_35_43,8.0,crossing_pair
x_4_39,x_36_42,8.0,crossing_pair
x_4_39,x_36_43,8.0,crossing_pair
x_4_39,x_37_44,8.0,crossing_pair
x_4_39,x_38_44,8.0,crossing_pair
x_4_39,x_39_44,8.0,shared_nucleotide
x_4_41,x_4_42,8.0,shared_nucleotide
x_4_41,x_4_43,8.0,shared_nucleotide
x_4_41,x_5_44,8.0,crossing_pair
x_4_41,x_6_42,8.0,crossing_pair
x_4_41,x_6_43,8.0,crossing_pair
x_4_41,x_7_42,8.0,crossing_pair
x_4_41,x_7_43,8.0,crossing_pair
x_4_41,x_8_42,8.0,crossing_pair
x_4_41,x_8_43,8.0,crossing_pair
x_4_41,x_9_42,8.0,crossing_pair
x_4_41,x_9_43,8.0,crossing_pair
x_4_41,x_10_44,8.0,crossing_pair
x_4_41,x_11_44,8.0,crossing_pair
x_4_41,x_12_44,8.0,crossing_pair
x_4_41,x_13_41,8.0,shared_nucleotide
x_4_41,x_13_42,8.0,crossing_pair
x_4_41,x_13_43,8.0,crossing_pair
x_4_41,x_14_44,8.0,crossing_pair
x_4_41,x_15_44,8.0,crossing_pair
x_4_41,x_16_41,8.0,shared_nucleotide
x_4_41,x_16_42,8.0,crossing_pair
x_4_41,x_16_43,8.0,crossing_pair
x_4_41,x_17_42,8.0,crossing_pair
x_4_41,x_17_43,8.0,crossing_pair
x_4_41,x_18_44,8.0,crossing_pair
x_4_41,x_19_44,8.0,crossing_pair
x_4_41,x_20_41,8.0,shared_nucleotide
x_4_41,x_20_42,8.0,crossing_pair
x_4_41,x_20_43,8.0,crossing_pair
x_4_41,x_21_42,8.0,crossing_pair
x_4_41,x_21_43,8.0,crossing_pair
x_4_41,x_22_41,8.0,shared_nucleotide
x_4_41,x_22_42,8.0,crossing_pair
x_4_41,x_22_43,8.0,crossing_pair
x_4_41,x_23_42,8.0,crossing_pair
x_4_41,x_23_43,8.0,crossing_pair
x_4_41,x_24_42,8.0,crossing_pair
x_4_41,x_24_43,8.0,crossing_pair
x_4_41,x_25_44,8.0,crossing_pair
x_4_41,x_26_42,8.0,crossing_pair
x_4_41,x_26_43,8.0,crossing_pair
x_4_41,x_27_42,8.0,crossing_pair
x_4_41,x_27_43,8.0,crossing_pair
x_4_41,x_28_42,8.0,crossing_pair
x_4_41,x_28_43,8.0,crossing_pair
x_4_41,x_29_42,8.0,crossing_pair
x_4_41,x_29_43,8.0,crossing_pair
x_4_41,x_30_44,8.0,crossing_pair
x_4_41,x_31_42,8.0,crossing_pair
x_4_41,x_31_43,8.0,crossing_pair
x_4_41,x_32_44,8.0,crossing_pair
x_4_41,x_33_42,8.0,crossing_pair
x_4_41,x_33_43,8.0,crossing_pair
x_4_41,x_34_41,8.0,shared_nucleotide
x_4_41,x_34_42,8.0,crossing_pair
x_4_41,x_34_43,8.0,crossing_pair
x_4_41,x_35_42,8.0,crossing_pair
x_4_41,x_35_43,8.0,crossing_pair
x_4_41,x_36_42,8.0,crossing_pair
x_4_41,x_36_43,8.0,crossing_pair
x_4_41,x_37_44,8.0,crossing_pair
x_4_41,x_38_44,8.0,crossing_pair
x_4_41,x_39_44,8.0,crossing_pair
x_4_42,x_4_43,8.0,shared_nucleotide
x_4_42,x_5_44,8.0,crossing_pair
x_4_42,x_6_42,8.0,shared_nucleotide
x_4_42,x_6_43,8.0,crossing_pair
x_4_42,x_7_42,8.0,shared_nucleotide
x_4_42,x_7_43,8.0,crossing_pair
x_4_42,x_8_42,8.0,shared_nucleotide
x_4_42,x_8_43,8.0,crossing_pair
x_4_42,x_9_42,8.0,shared_nucleotide
x_4_42,x_9_43,8.0,crossing_pair
x_4_42,x_10_44,8.0,crossing_pair
x_4_42,x_11_44,8.0,crossing_pair
x_4_42,x_12_44,8.0,crossing_pair
x_4_42,x_13_42,8.0,shared_nucleotide
x_4_42,x_13_43,8.0,crossing_pair
x_4_42,x_14_44,8.0,crossing_pair
x_4_42,x_15_44,8.0,crossing_pair
x_4_42,x_16_42,8.0,shared_nucleotide
x_4_42,x_16_43,8.0,crossing_pair
x_4_42,x_17_42,8.0,shared_nucleotide
x_4_42,x_17_43,8.0,crossing_pair
x_4_42,x_18_44,8.0,crossing_pair
x_4_42,x_19_44,8.0,crossing_pair
x_4_42,x_20_42,8.0,shared_nucleotide
x_4_42,x_20_43,8.0,crossing_pair
x_4_42,x_21_42,8.0,shared_nucleotide
x_4_42,x_21_43,8.0,crossing_pair
x_4_42,x_22_42,8.0,shared_nucleotide
x_4_42,x_22_43,8.0,crossing_pair
x_4_42,x_23_42,8.0,shared_nucleotide
x_4_42,x_23_43,8.0,crossing_pair
x_4_42,x_24_42,8.0,shared_nucleotide
x_4_42,x_24_43,8.0,crossing_pair
x_4_42,x_25_44,8.0,crossing_pair
x_4_42,x_26_42,8.0,shared_nucleotide
x_4_42,x_26_43,8.0,crossing_pair
x_4_42,x_27_42,8.0,shared_nucleotide
x_4_42,x_27_43,8.0,crossing_pair
x_4_42,x_28_42,8.0,shared_nucleotide
x_4_42,x_28_43,8.0,crossing_pair
x_4_42,x_29_42,8.0,shared_nucleotide
x_4_42,x_29_43,8.0,crossing_pair
x_4_42,x_30_44,8.0,crossing_pair
x_4_42,x_31_42,8.0,shared_nucleotide
x_4_42,x_31_43,8.0,crossing_pair
x_4_42,x_32_44,8.0,crossing_pair
x_4_42,x_33_42,8.0,shared_nucleotide
x_4_42,x_33_43,8.0,crossing_pair
x_4_42,x_34_42,8.0,shared_nucleotide
x_4_42,x_34_43,8.0,crossing_pair
x_4_42,x_35_42,8.0,shared_nucleotide
x_4_42,x_35_43,8.0,crossing_pair
x_4_42,x_36_42,8.0,shared_nucleotide
x_4_42,x_36_43,8.0,crossing_pair
x_4_42,x_37_44,8.0,crossing_pair
x_4_42,x_38_44,8.0,crossing_pair
x_4_42,x_39_44,8.0,crossing_pair
x_4_43,x_5_44,8.0,crossing_pair
x_4_43,x_6_43,8.0,shared_nucleotide
x_4_43,x_7_43,8.0,shared_nucleotide
x_4_43,x_8_43,8.0,shared_nucleotide
x_4_43,x_9_43,8.0,shared_nucleotide
x_4_43,x_10_44,8.0,crossing_pair
x_4_43,x_11_44,8.0,crossing_pair
x_4_43,x_12_44,8.0,crossing_pair
x_4_43,x_13_43,8.0,shared_nucleotide
x_4_43,x_14_44,8.0,crossing_pair
x_4_43,x_15_44,8.0,crossing_pair
x_4_43,x_16_43,8.0,shared_nucleotide
x_4_43,x_17_43,8.0,shared_nucleotide
x_4_43,x_18_44,8.0,crossing_pair
x_4_43,x_19_44,8.0,crossing_pair
x_4_43,x_20_43,8.0,shared_nucleotide
x_4_43,x_21_43,8.0,shared_nucleotide
x_4_43,x_22_43,8.0,shared_nucleotide
x_4_43,x_23_43,8.0,shared_nucleotide
x_4_43,x_24_43,8.0,shared_nucleotide
x_4_43,x_25_44,8.0,crossing_pair
x_4_43,x_26_43,8.0,shared_nucleotide
x_4_43,x_27_43,8.0,shared_nucleotide
x_4_43,x_28_43,8.0,shared_nucleotide
x_4_43,x_29_43,8.0,shared_nucleotide
x_4_43,x_30_44,8.0,crossing_pair
x_4_43,x_31_43,8.0,shared_nucleotide
x_4_43,x_32_44,8.0,crossing_pair
x_4_43,x_33_43,8.0,shared_nucleotide
x_4_43,x_34_43,8.0,shared_nucleotide
x_4_43,x_35_43,8.0,shared_nucleotide
x_4_43,x_36_43,8.0,shared_nucleotide
x_4_43,x_37_44,8.0,crossing_pair
x_4_43,x_38_44,8.0,crossing_pair
x_4_43,x_39_44,8.0,crossing_pair
x_5_13,x_5_16,8.0,shared_nucleotide
x_5_13,x_5_20,8.0,shared_nucleotide
x_5_13,x_5_22,8.0,shared_nucleotide
x_5_13,x_5_34,8.0,shared_nucleotide
x_5_13,x_5_40,8.0,shared_nucleotide
x_5_13,x_5_44,8.0,shared_nucleotide
x_5_13,x_6_14,8.0,crossing_pair
x_5_13,x_6_18,8.0,crossing_pair
x_5_13,x_6_19,8.0,crossing_pair
x_5_13,x_6_30,8.0,crossing_pair
x_5_13,x_6_37,8.0,crossing_pair
x_5_13,x_6_38,8.0,crossing_pair
x_5_13,x_6_39,8.0,crossing_pair
x_5_13,x_6_42,8.0,crossing_pair
x_5_13,x_6_43,8.0,crossing_pair
x_5_13,x_7_14,8.0,crossing_pair
x_5_13,x_7_18,8.0,crossing_pair
x_5_13,x_7_19,8.0,crossing_pair
x_5_13,x_7_30,8.0,crossing_pair
x_5_13,x_7_37,8.0,crossing_pair
x_5_13,x_7_38,8.0,crossing_pair
x_5_13,x_7_39,8.0,crossing_pair
x_5_13,x_7_42,8.0,crossing_pair
x_5_13,x_7_43,8.0,crossing_pair
x_5_13,x_8_14,8.0,crossing_pair
x_5_13,x_8_18,8.0,crossing_pair
x_5_13,x_8_19,8.0,crossing_pair
x_5_13,x_8_30,8.0,crossing_pair
x_5_13,x_8_37,8.0,crossing_pair
x_5_13,x_8_38,8.0,crossing_pair
x_5_13,x_8_39,8.0,crossing_pair
x_5_13,x_8_42,8.0,crossing_pair
x_5_13,x_8_43,8.0,crossing_pair
x_5_13,x_9_14,8.0,crossing_pair
x_5_13,x_9_18,8.0,crossing_pair
x_5_13,x_9_19,8.0,crossing_pair
x_5_13,x_9_30,8.0,crossing_pair
x_5_13,x_9_37,8.0,crossing_pair
x_5_13,x_9_38,8.0,crossing_pair
x_5_13,x_9_39,8.0,crossing_pair
x_5_13,x_9_42,8.0,crossing_pair
x_5_13,x_9_43,8.0,crossing_pair
x_5_13,x_10_16,8.0,crossing_pair
x_5_13,x_10_20,8.0,crossing_pair
x_5_13,x_10_22,8.0,crossing_pair
x_5_13,x_10_34,8.0,crossing_pair
x_5_13,x_10_40,8.0,crossing_pair
x_5_13,x_10_44,8.0,crossing_pair
x_5_13,x_11_16,8.0,crossing_pair
x_5_13,x_11_17,8.0,crossing_pair
x_5_13,x_11_20,8.0,crossing_pair
x_5_13,x_11_21,8.0,crossing_pair
x_5_13,x_11_22,8.0,crossing_pair
x_5_13,x_11_23,8.0,crossing_pair
x_5_13,x_11_24,8.0,crossing_pair
x_5_13,x_11_26,8.0,crossing_pair
x_5_13,x_11_27,8.0,crossing_pair
x_5_13,x_11_28,8.0,crossing_pair
x_5_13,x_11_29,8.0,crossing_pair
x_5_13,x_11_31,8.0,crossing_pair
x_5_13,x_11_33,8.0,crossing_pair
x_5_13,x_11_34,8.0,crossing_pair
x_5_13,x_11_35,8.0,crossing_pair
x_5_13,x_11_36,8.0,crossing_pair
x_5_13,x_11_40,8.0,crossing_pair
x_5_13,x_11_44,8.0,crossing_pair
x_5_13,x_12_16,8.0,crossing_pair
x_5_13,x_12_17,8.0,crossing_pair
x_5_13,x_12_20,8.0,crossing_pair
x_5_13,x_12_21,8.0,crossing_pair
x_5_13,x_12_22,8.0,crossing_pair
x_5_13,x_12_23,8.0,crossing_pair
x_5_13,x_12_24,8.0,crossing_pair
x_5_13,x_12_26,8.0,crossing_pair
x_5_13,x_12_27,8.0,crossing_pair
x_5_13,x_12_28,8.0,crossing_pair
x_5_13,x_12_29,8.0,crossing_pair
x_5_13,x_12_31,8.0,crossing_pair
x_5_13,x_12_33,8.0,crossing_pair
x_5_13,x_12_34,8.0,crossing_pair
x_5_13,x_12_35,8.0,crossing_pair
x_5_13,x_12_36,8.0,crossing_pair
x_5_13,x_12_40,8.0,crossing_pair
x_5_13,x_12_44,8.0,crossing_pair
x_5_13,x_13_18,8.0,shared_nucleotide
x_5_13,x_13_19,8.0,shared_nucleotide
x_5_13,x_13_25,8.0,shared_nucleotide
x_5_13,x_13_30,8.0,shared_nucleotide
x_5_13,x_13_32,8.0,shared_nucleotide
x_5_13,x_13_37,8.0,shared_nucleotide
x_5_13,x_13_38,8.0,shared_nucleotide
x_5_13,x_13_39,8.0,shared_nucleotide
x_5_13,x_13_41,8.0,shared_nucleotide
x_5_13,x_13_42,8.0,shared_nucleotide
x_5_13,x_13_43,8.0,shared_nucleotide
x_5_16,x_5_20,8.0,shared_nucleotide
x_5_16,x_5_22,8.0,shared_nucleotide
x_5_16,x_5_34,8.0,shared_nucleotide
x_5_16,x_5_40,8.0,shared_nucleotide
x_5_16,x_5_44,8.0,shared_nucleotide
x_5_16,x_6_18,8.0,crossing_pair
x_5_16,x_6_19,8.0,crossing_pair
x_5_16,x_6_30,8.0,crossing_pair
x_5_16,x_6_37,8.0,crossing_pair
x_5_16,x_6_38,8.0,crossing_pair
x_5_16,x_6_39,8.0,crossing_pair
x_5_16,x_6_42,8.0,crossing_pair
x_5_16,x_6_43,8.0,crossing_pair
x_5_16,x_7_18,8.0,crossing_pair
x_5_16,x_7_19,8.0,crossing_pair
x_5_16,x_7_30,8.0,crossing_pair
x_5_16,x_7_37,8.0,crossing_pair
x_5_16,x_7_38,8.0,crossing_pair
x_5_16,x_7_39,8.0,crossing_pair
x_5_16,x_7_42,8.0,crossing_pair
x_5_16,x_7_43,8.0,crossing_pair
x_5_16,x_8_18,8.0,crossing_pair
x_5_16,x_8_19,8.0,crossing_pair
x_5_16,x_8_30,8.0,crossing_pair
x_5_16,x_8_37,8.0,crossing_pair
x_5_16,x_8_38,8.0,crossing_pair
x_5_16,x_8_39,8.0,crossing_pair
x_5_16,x_8_42,8.0,crossing_pair
x_5_16,x_8_43,8.0,crossing_pair
x_5_16,x_9_18,8.0,crossing_pair
x_5_16,x_9_19,8.0,crossing_pair
x_5_16,x_9_30,8.0,crossing_pair
x_5_16,x_9_37,8.0,crossing_pair
x_5_16,x_9_38,8.0,crossing_pair
x_5_16,x_9_39,8.0,crossing_pair
x_5_16,x_9_42,8.0,crossing_pair
x_5_16,x_9_43,8.0,crossing_pair
x_5_16,x_10_16,8.0,shared_nucleotide
x_5_16,x_10_20,8.0,crossing_pair
x_5_16,x_10_22,8.0,crossing_pair
x_5_16,x_10_34,8.0,crossing_pair
x_5_16,x_10_40,8.0,crossing_pair
x_5_16,x_10_44,8.0,crossing_pair
x_5_16,x_11_16,8.0,shared_nucleotide
x_5_16,x_11_17,8.0,crossing_pair
x_5_16,x_11_20,8.0,crossing_pair
x_5_16,x_11_21,8.0,crossing_pair
x_5_16,x_11_22,8.0,crossing_pair
x_5_16,x_11_23,8.0,crossing_pair
x_5_16,x_11_24,8.0,crossing_pair
x_5_16,x_11_26,8.0,crossing_pair
x_5_16,x_11_27,8.0,crossing_pair
x_5_16,x_11_28,8.0,crossing_pair
x_5_16,x_11_29,8.0,crossing_pair
x_5_16,x_11_31,8.0,crossing_pair
x_5_16,x_11_33,8.0,crossing_pair
x_5_16,x_11_34,8.0,crossing_pair
x_5_16,x_11_35,8.0,crossing_pair
x_5_16,x_11_36,8.0,crossing_pair
x_5_16,x_11_40,8.0,crossing_pair
x_5_16,x_11_44,8.0,crossing_pair
x_5_16,x_12_16,8.0,shared_nucleotide
x_5_16,x_12_17,8.0,crossing_pair
x_5_16,x_12_20,8.0,crossing_pair
x_5_16,x_12_21,8.0,crossing_pair
x_5_16,x_12_22,8.0,crossing_pair
x_5_16,x_12_23,8.0,crossing_pair
x_5_16,x_12_24,8.0,crossing_pair
x_5_16,x_12_26,8.0,crossing_pair
x_5_16,x_12_27,8.0,crossing_pair
x_5_16,x_12_28,8.0,crossing_pair
x_5_16,x_12_29,8.0,crossing_pair
x_5_16,x_12_31,8.0,crossing_pair
x_5_16,x_12_33,8.0,crossing_pair
x_5_16,x_12_34,8.0,crossing_pair
x_5_16,x_12_35,8.0,crossing_pair
x_5_16,x_12_36,8.0,crossing_pair
x_5_16,x_12_40,8.0,crossing_pair
x_5_16,x_12_44,8.0,crossing_pair
x_5_16,x_13_18,8.0,crossing_pair
x_5_16,x_13_19,8.0,crossing_pair
x_5_16,x_13_25,8.0,crossing_pair
x_5_16,x_13_30,8.0,crossing_pair
x_5_16,x_13_32,8.0,crossing_pair
x_5_16,x_13_37,8.0,crossing_pair
x_5_16,x_13_38,8.0,crossing_pair
x_5_16,x_13_39,8.0,crossing_pair
x_5_16,x_13_41,8.0,crossing_pair
x_5_16,x_13_42,8.0,crossing_pair
x_5_16,x_13_43,8.0,crossing_pair
x_5_16,x_14_20,8.0,crossing_pair
x_5_16,x_14_21,8.0,crossing_pair
x_5_16,x_14_22,8.0,crossing_pair
x_5_16,x_14_23,8.0,crossing_pair
x_5_16,x_14_24,8.0,crossing_pair
x_5_16,x_14_26,8.0,crossing_pair
x_5_16,x_14_27,8.0,crossing_pair
x_5_16,x_14_28,8.0,crossing_pair
x_5_16,x_14_29,8.0,crossing_pair
x_5_16,x_14_31,8.0,crossing_pair
x_5_16,x_14_33,8.0,crossing_pair
x_5_16,x_14_34,8.0,crossing_pair
x_5_16,x_14_35,8.0,crossing_pair
x_5_16,x_14_36,8.0,crossing_pair
x_5_16,x_14_40,8.0,crossing_pair
x_5_16,x_14_44,8.0,crossing_pair
x_5_16,x_15_20,8.0,crossing_pair
x_5_16,x_15_22,8.0,crossing_pair
x_5_16,x_15_34,8.0,crossing_pair
x_5_16,x_15_40,8.0,crossing_pair
x_5_16,x_15_44,8.0,crossing_pair
x_5_16,x_16_25,8.0,shared_nucleotide
x_5_16,x_16_30,8.0,shared_nucleotide
x_5_16,x_16_32,8.0,shared_nucleotide
x_5_16,x_16_37,8.0,shared_nucleotide
x_5_16,x_16_38,8.0,shared_nucleotide
x_5_16,x_16_39,8.0,shared_nucleotide
x_5_16,x_16_41,8.0,shared_nucleotide
x_5_16,x_16_42,8.0,shared_nucleotide
x_5_16,x_16_43,8.0,shared_nucleotide
x_5_20,x_5_22,8.0,shared_nucleotide
x_5_20,x_5_34,8.0,shared_nucleotide
x_5_20,x_5_40,8.0,shared_nucleotide
x_5_20,x_5_44,8.0,shared_nucleotide
x_5_20,x_6_30,8.0,crossing_pair
x_5_20,x_6_37,8.0,crossing_pair
x_5_20,x_6_38,8.0,crossing_pair
x_5_20,x_6_39,8.0,crossing_pair
x_5_20,x_6_42,8.0,crossing_pair
x_5_20,x_6_43,8.0,crossing_pair
x_5_20,x_7_30,8.0,crossing_pair
x_5_20,x_7_37,8.0,crossing_pair
x_5_20,x_7_38,8.0,crossing_pair
x_5_20,x_7_39,8.0,crossing_pair
x_5_20,x_7_42,8.0,crossing_pair
x_5_20,x_7_43,8.0,crossing_pair
x_5_20,x_8_30,8.0,crossing_pair
x_5_20,x_8_37,8.0,crossing_pair
x_5_20,x_8_38,8.0,crossing_pair
x_5_20,x_8_39,8.0,crossing_pair
x_5_20,x_8_42,8.0,crossing_pair
x_5_20,x_8_43,8.0,crossing_pair
x_5_20,x_9_30,8.0,crossing_pair
x_5_20,x_9_37,8.0,crossing_pair
x_5_20,x_9_38,8.0,crossing_pair
x_5_20,x_9_39,8.0,crossing_pair
x_5_20,x_9_42,8.0,crossing_pair
x_5_20,x_9_43,8.0,crossing_pair
x_5_20,x_10_20,8.0,shared_nucleotide
x_5_20,x_10_22,8.0,crossing_pair
x_5_20,x_10_34,8.0,crossing_pair
x_5_20,x_10_40,8.0,crossing_pair
x_5_20,x_10_44,8.0,crossing_pair
x_5_20,x_11_20,8.0,shared_nucleotide
x_5_20,x_11_21,8.0,crossing_pair
x_5_20,x_11_22,8.0,crossing_pair
x_5_20,x_11_23,8.0,crossing_pair
x_5_20,x_11_24,8.0,crossing_pair
x_5_20,x_11_26,8.0,crossing_pair
x_5_20,x_11_27,8.0,crossing_pair
x_5_20,x_11_28,8.0,crossing_pair
x_5_20,x_11_29,8.0,crossing_pair
x_5_20,x_11_31,8.0,crossing_pair
x_5_20,x_11_33,8.0,crossing_pair
x_5_20,x_11_34,8.0,crossing_pair
x_5_20,x_11_35,8.0,crossing_pair
x_5_20,x_11_36,8.0,crossing_pair
x_5_20,x_11_40,8.0,crossing_pair
x_5_20,x_11_44,8.0,crossing_pair
x_5_20,x_12_20,8.0,shared_nucleotide
x_5_20,x_12_21,8.0,crossing_pair
x_5_20,x_12_22,8.0,crossing_pair
x_5_20,x_12_23,8.0,crossing_pair
x_5_20,x_12_24,8.0,crossing_pair
x_5_20,x_12_26,8.0,crossing_pair
x_5_20,x_12_27,8.0,crossing_pair
x_5_20,x_12_28,8.0,crossing_pair
x_5_20,x_12_29,8.0,crossing_pair
x_5_20,x_12_31,8.0,crossing_pair
x_5_20,x_12_33,8.0,crossing_pair
x_5_20,x_12_34,8.0,crossing_pair
x_5_20,x_12_35,8.0,crossing_pair
x_5_20,x_12_36,8.0,crossing_pair
x_5_20,x_12_40,8.0,crossing_pair
x_5_20,x_12_44,8.0,crossing_pair
x_5_20,x_13_25,8.0,crossing_pair
x_5_20,x_13_30,8.0,crossing_pair
x_5_20,x_13_32,8.0,crossing_pair
x_5_20,x_13_37,8.0,crossing_pair
x_5_20,x_13_38,8.0,crossing_pair
x_5_20,x_13_39,8.0,crossing_pair
x_5_20,x_13_41,8.0,crossing_pair
x_5_20,x_13_42,8.0,crossing_pair
x_5_20,x_13_43,8.0,crossing_pair
x_5_20,x_14_20,8.0,shared_nucleotide
x_5_20,x_14_21,8.0,crossing_pair
x_5_20,x_14_22,8.0,crossing_pair
x_5_20,x_14_23,8.0,crossing_pair
x_5_20,x_14_24,8.0,crossing_pair
x_5_20,x_14_26,8.0,crossing_pair
x_5_20,x_14_27,8.0,crossing_pair
x_5_20,x_14_28,8.0,crossing_pair
x_5_20,x_14_29,8.0,crossing_pair
x_5_20,x_14_31,8.0,crossing_pair
x_5_20,x_14_33,8.0,crossing_pair
x_5_20,x_14_34,8.0,crossing_pair
x_5_20,x_14_35,8.0,crossing_pair
x_5_20,x_14_36,8.0,crossing_pair
x_5_20,x_14_40,8.0,crossing_pair
x_5_20,x_14_44,8.0,crossing_pair
x_5_20,x_15_20,8.0,shared_nucleotide
x_5_20,x_15_22,8.0,crossing_pair
x_5_20,x_15_34,8.0,crossing_pair
x_5_20,x_15_40,8.0,crossing_pair
x_5_20,x_15_44,8.0,crossing_pair
x_5_20,x_16_25,8.0,crossing_pair
x_5_20,x_16_30,8.0,crossing_pair
x_5_20,x_16_32,8.0,crossing_pair
x_5_20,x_16_37,8.0,crossing_pair
x_5_20,x_16_38,8.0,crossing_pair
x_5_20,x_16_39,8.0,crossing_pair
x_5_20,x_16_41,8.0,crossing_pair
x_5_20,x_16_42,8.0,crossing_pair
x_5_20,x_16_43,8.0,crossing_pair
x_5_20,x_17_30,8.0,crossing_pair
x_5_20,x_17_37,8.0,crossing_pair
x_5_20,x_17_38,8.0,crossing_pair
x_5_20,x_17_39,8.0,crossing_pair
x_5_20,x_17_42,8.0,crossing_pair
x_5_20,x_17_43,8.0,crossing_pair
x_5_20,x_18_22,8.0,crossing_pair
x_5_20,x_18_23,8.0,crossing_pair
x_5_20,x_18_24,8.0,crossing_pair
x_5_20,x_18_26,8.0,crossing_pair
x_5_20,x_18_27,8.0,crossing_pair
x_5_20,x_18_28,8.0,crossing_pair
x_5_20,x_18_29,8.0,crossing_pair
x_5_20,x_18_31,8.0,crossing_pair
x_5_20,x_18_33,8.0,crossing_pair
x_5_20,x_18_34,8.0,crossing_pair
x_5_20,x_18_35,8.0,crossing_pair
x_5_20,x_18_36,8.0,crossing_pair
x_5_20,x_18_40,8.0,crossing_pair
x_5_20,x_18_44,8.0,crossing_pair
x_5_20,x_19_23,8.0,crossing_pair
x_5_20,x_19_24,8.0,crossing_pair
x_5_20,x_19_26,8.0,crossing_pair
x_5_20,x_19_27,8.0,crossing_pair
x_5_20,x_19_28,8.0,crossing_pair
x_5_20,x_19_29,8.0,crossing_pair
x_5_20,x_19_31,8.0,crossing_pair
x_5_20,x_19_33,8.0,crossing_pair
x_5_20,x_19_34,8.0,crossing_pair
x_5_20,x_19_35,8.0,crossing_pair
x_5_20,x_19_36,8.0,crossing_pair
x_5_20,x_19_40,8.0,crossing_pair
x_5_20,x_19_44,8.0,crossing_pair
x_5_20,x_20_25,8.0,shared_nucleotide
x_5_20,x_20_30,8.0,shared_nucleotide
x_5_20,x_20_32,8.0,shared_nucleotide
x_5_20,x_20_37,8.0,shared_nucleotide
x_5_20,x_20_38,8.0,shared_nucleotide
x_5_20,x_20_39,8.0,shared_nucleotide
x_5_20,x_20_41,8.0,shared_nucleotide
x_5_20,x_20_42,8.0,shared_nucleotide
x_5_20,x_20_43,8.0,shared_nucleotide
x_5_22,x_5_34,8.0,shared_nucleotide
x_5_22,x_5_40,8.0,shared_nucleotide
x_5_22,x_5_44,8.0,shared_nucleotide
x_5_22,x_6_30,8.0,crossing_pair
x_5_22,x_6_37,8.0,crossing_pair
x_5_22,x_6_38,8.0,crossing_pair
x_5_22,x_6_39,8.0,crossing_pair
x_5_22,x_6_42,8.0,crossing_pair
x_5_22,x_6_43,8.0,crossing_pair
x_5_22,x_7_30,8.0,crossing_pair
x_5_22,x_7_37,8.0,crossing_pair
x_5_22,x_7_38,8.0,crossing_pair
x_5_22,x_7_39,8.0,crossing_pair
x_5_22,x_7_42,8.0,crossing_pair
x_5_22,x_7_43,8.0,crossing_pair
x_5_22,x_8_30,8.0,crossing_pair
x_5_22,x_8_37,8.0,crossing_pair
x_5_22,x_8_38,8.0,crossing_pair
x_5_22,x_8_39,8.0,crossing_pair
x_5_22,x_8_42,8.0,crossing_pair
x_5_22,x_8_43,8.0,crossing_pair
x_5_22,x_9_30,8.0,crossing_pair
x_5_22,x_9_37,8.0,crossing_pair
x_5_22,x_9_38,8.0,crossing_pair
x_5_22,x_9_39,8.0,crossing_pair
x_5_22,x_9_42,8.0,crossing_pair
x_5_22,x_9_43,8.0,crossing_pair
x_5_22,x_10_22,8.0,shared_nucleotide
x_5_22,x_10_34,8.0,crossing_pair
x_5_22,x_10_40,8.0,crossing_pair
x_5_22,x_10_44,8.0,crossing_pair
x_5_22,x_11_22,8.0,shared_nucleotide
x_5_22,x_11_23,8.0,crossing_pair
x_5_22,x_11_24,8.0,crossing_pair
x_5_22,x_11_26,8.0,crossing_pair
x_5_22,x_11_27,8.0,crossing_pair
x_5_22,x_11_28,8.0,crossing_pair
x_5_22,x_11_29,8.0,crossing_pair
x_5_22,x_11_31,8.0,crossing_pair
x_5_22,x_11_33,8.0,crossing_pair
x_5_22,x_11_34,8.0,crossing_pair
x_5_22,x_11_35,8.0,crossing_pair
x_5_22,x_11_36,8.0,crossing_pair
x_5_22,x_11_40,8.0,crossing_pair
x_5_22,x_11_44,8.0,crossing_pair
x_5_22,x_12_22,8.0,shared_nucleotide
x_5_22,x_12_23,8.0,crossing_pair
x_5_22,x_12_24,8.0,crossing_pair
x_5_22,x_12_26,8.0,crossing_pair
x_5_22,x_12_27,8.0,crossing_pair
x_5_22,x_12_28,8.0,crossing_pair
x_5_22,x_12_29,8.0,crossing_pair
x_5_22,x_12_31,8.0,crossing_pair
x_5_22,x_12_33,8.0,crossing_pair
x_5_22,x_12_34,8.0,crossing_pair
x_5_22,x_12_35,8.0,crossing_pair
x_5_22,x_12_36,8.0,crossing_pair
x_5_22,x_12_40,8.0,crossing_pair
x_5_22,x_12_44,8.0,crossing_pair
x_5_22,x_13_25,8.0,crossing_pair
x_5_22,x_13_30,8.0,crossing_pair
x_5_22,x_13_32,8.0,crossing_pair
x_5_22,x_13_37,8.0,crossing_pair
x_5_22,x_13_38,8.0,crossing_pair
x_5_22,x_13_39,8.0,crossing_pair
x_5_22,x_13_41,8.0,crossing_pair
x_5_22,x_13_42,8.0,crossing_pair
x_5_22,x_13_43,8.0,crossing_pair
x_5_22,x_14_22,8.0,shared_nucleotide
x_5_22,x_14_23,8.0,crossing_pair
x_5_22,x_14_24,8.0,crossing_pair
x_5_22,x_14_26,8.0,crossing_pair
x_5_22,x_14_27,8.0,crossing_pair
x_5_22,x_14_28,8.0,crossing_pair
x_5_22,x_14_29,8.0,crossing_pair
x_5_22,x_14_31,8.0,crossing_pair
x_5_22,x_14_33,8.0,crossing_pair
x_5_22,x_14_34,8.0,crossing_pair
x_5_22,x_14_35,8.0,crossing_pair
x_5_22,x_14_36,8.0,crossing_pair
x_5_22,x_14_40,8.0,crossing_pair
x_5_22,x_14_44,8.0,crossing_pair
x_5_22,x_15_22,8.0,shared_nucleotide
x_5_22,x_15_34,8.0,crossing_pair
x_5_22,x_15_40,8.0,crossing_pair
x_5_22,x_15_44,8.0,crossing_pair
x_5_22,x_16_25,8.0,crossing_pair
x_5_22,x_16_30,8.0,crossing_pair
x_5_22,x_16_32,8.0,crossing_pair
x_5_22,x_16_37,8.0,crossing_pair
x_5_22,x_16_38,8.0,crossing_pair
x_5_22,x_16_39,8.0,crossing_pair
x_5_22,x_16_41,8.0,crossing_pair
x_5_22,x_16_42,8.0,crossing_pair
x_5_22,x_16_43,8.0,crossing_pair
x_5_22,x_17_30,8.0,crossing_pair
x_5_22,x_17_37,8.0,crossing_pair
x_5_22,x_17_38,8.0,crossing_pair
x_5_22,x_17_39,8.0,crossing_pair
x_5_22,x_17_42,8.0,crossing_pair
x_5_22,x_17_43,8.0,crossing_pair
x_5_22,x_18_22,8.0,shared_nucleotide
x_5_22,x_18_23,8.0,crossing_pair
x_5_22,x_18_24,8.0,crossing_pair
x_5_22,x_18_26,8.0,crossing_pair
x_5_22,x_18_27,8.0,crossing_pair
x_5_22,x_18_28,8.0,crossing_pair
x_5_22,x_18_29,8.0,crossing_pair
x_5_22,x_18_31,8.0,crossing_pair
x_5_22,x_18_33,8.0,crossing_pair
x_5_22,x_18_34,8.0,crossing_pair
x_5_22,x_18_35,8.0,crossing_pair
x_5_22,x_18_36,8.0,crossing_pair
x_5_22,x_18_40,8.0,crossing_pair
x_5_22,x_18_44,8.0,crossing_pair
x_5_22,x_19_23,8.0,crossing_pair
x_5_22,x_19_24,8.0,crossing_pair
x_5_22,x_19_26,8.0,crossing_pair
x_5_22,x_19_27,8.0,crossing_pair
x_5_22,x_19_28,8.0,crossing_pair
x_5_22,x_19_29,8.0,crossing_pair
x_5_22,x_19_31,8.0,crossing_pair
x_5_22,x_19_33,8.0,crossing_pair
x_5_22,x_19_34,8.0,crossing_pair
x_5_22,x_19_35,8.0,crossing_pair
x_5_22,x_19_36,8.0,crossing_pair
x_5_22,x_19_40,8.0,crossing_pair
x_5_22,x_19_44,8.0,crossing_pair
x_5_22,x_20_25,8.0,crossing_pair
x_5_22,x_20_30,8.0,crossing_pair
x_5_22,x_20_32,8.0,crossing_pair
x_5_22,x_20_37,8.0,crossing_pair
x_5_22,x_20_38,8.0,crossing_pair
x_5_22,x_20_39,8.0,crossing_pair
x_5_22,x_20_41,8.0,crossing_pair
x_5_22,x_20_42,8.0,crossing_pair
x_5_22,x_20_43,8.0,crossing_pair
x_5_22,x_21_30,8.0,crossing_pair
x_5_22,x_21_37,8.0,crossing_pair
x_5_22,x_21_38,8.0,crossing_pair
x_5_22,x_21_39,8.0,crossing_pair
x_5_22,x_21_42,8.0,crossing_pair
x_5_22,x_21_43,8.0,crossing_pair
x_5_22,x_22_30,8.0,shared_nucleotide
x_5_22,x_22_32,8.0,shared_nucleotide
x_5_22,x_22_37,8.0,shared_nucleotide
x_5_22,x_22_38,8.0,shared_nucleotide
x_5_22,x_22_39,8.0,shared_nucleotide
x_5_22,x_22_41,8.0,shared_nucleotide
x_5_22,x_22_42,8.0,shared_nucleotide
x_5_22,x_22_43,8.0,shared_nucleotide
x_5_34,x_5_40,8.0,shared_nucleotide
x_5_34,x_5_44,8.0,shared_nucleotide
x_5_34,x_6_37,8.0,crossing_pair
x_5_34,x_6_38,8.0,crossing_pair
x_5_34,x_6_39,8.0,crossing_pair
x_5_34,x_6_42,8.0,crossing_pair
x_5_34,x_6_43,8.0,crossing_pair
x_5_34,x_7_37,8.0,crossing_pair
x_5_34,x_7_38,8.0,crossing_pair
x_5_34,x_7_39,8.0,crossing_pair
x_5_34,x_7_42,8.0,crossing_pair
x_5_34,x_7_43,8.0,crossing_pair
x_5_34,x_8_37,8.0,crossing_pair
x_5_34,x_8_38,8.0,crossing_pair
x_5_34,x_8_39,8.0,crossing_pair
x_5_34,x_8_42,8.0,crossing_pair
x_5_34,x_8_43,8.0,crossing_pair
x_5_34,x_9_37,8.0,crossing_pair
x_5_34,x_9_38,8.0,crossing_pair
x_5_34,x_9_39,8.0,crossing_pair
x_5_34,x_9_42,8.0,crossing_pair
x_5_34,x_9_43,8.0,crossing_pair
x_5_34,x_10_34,8.0,shared_nucleotide
x_5_34,x_10_40,8.0,crossing_pair
x_5_34,x_10_44,8.0,crossing_pair
x_5_34,x_11_34,8.0,shared_nucleotide
x_5_34,x_11_35,8.0,crossing_pair
x_5_34,x_11_36,8.0,crossing_pair
x_5_34,x_11_40,8.0,crossing_pair
x_5_34,x_11_44,8.0,crossing_pair
x_5_34,x_12_34,8.0,shared_nucleotide
x_5_34,x_12_35,8.0,crossing_pair
x_5_34,x_12_36,8.0,crossing_pair
x_5_34,x_12_40,8.0,crossing_pair
x_5_34,x_12_44,8.0,crossing_pair
x_5_34,x_13_37,8.0,crossing_pair
x_5_34,x_13_38,8.0,crossing_pair
x_5_34,x_13_39,8.0,crossing_pair
x_5_34,x_13_41,8.0,crossing_pair
x_5_34,x_13_42,8.0,crossing_pair
x_5_34,x_13_43,8.0,crossing_pair
x_5_34,x_14_34,8.0,shared_nucleotide
x_5_34,x_14_35,8.0,crossing_pair
x_5_34,x_14_36,8.0,crossing_pair
x_5_34,x_14_40,8.0,crossing_pair
x_5_34,x_14_44,8.0,crossing_pair
x_5_34,x_15_34,8.0,shared_nucleotide
x_5_34,x_15_40,8.0,crossing_pair
x_5_34,x_15_44,8.0,crossing_pair
x_5_34,x_16_37,8.0,crossing_pair
x_5_34,x_16_38,8.0,crossing_pair
x_5_34,x_16_39,8.0,crossing_pair
x_5_34,x_16_41,8.0,crossing_pair
x_5_34,x_16_42,8.0,crossing_pair
x_5_34,x_16_43,8.0,crossing_pair
x_5_34,x_17_37,8.0,crossing_pair
x_5_34,x_17_38,8.0,crossing_pair
x_5_34,x_17_39,8.0,crossing_pair
x_5_34,x_17_42,8.0,crossing_pair
x_5_34,x_17_43,8.0,crossing_pair
x_5_34,x_18_34,8.0,shared_nucleotide
x_5_34,x_18_35,8.0,crossing_pair
x_5_34,x_18_36,8.0,crossing_pair
x_5_34,x_18_40,8.0,crossing_pair
x_5_34,x_18_44,8.0,crossing_pair
x_5_34,x_19_34,8.0,shared_nucleotide
x_5_34,x_19_35,8.0,crossing_pair
x_5_34,x_19_36,8.0,crossing_pair
x_5_34,x_19_40,8.0,crossing_pair
x_5_34,x_19_44,8.0,crossing_pair
x_5_34,x_20_37,8.0,crossing_pair
x_5_34,x_20_38,8.0,crossing_pair
x_5_34,x_20_39,8.0,crossing_pair
x_5_34,x_20_41,8.0,crossing_pair
x_5_34,x_20_42,8.0,crossing_pair
x_5_34,x_20_43,8.0,crossing_pair
x_5_34,x_21_37,8.0,crossing_pair
x_5_34,x_21_38,8.0,crossing_pair
x_5_34,x_21_39,8.0,crossing_pair
x_5_34,x_21_42,8.0,crossing_pair
x_5_34,x_21_43,8.0,crossing_pair
x_5_34,x_22_37,8.0,crossing_pair
x_5_34,x_22_38,8.0,crossing_pair
x_5_34,x_22_39,8.0,crossing_pair
x_5_34,x_22_41,8.0,crossing_pair
x_5_34,x_22_42,8.0,crossing_pair
x_5_34,x_22_43,8.0,crossing_pair
x_5_34,x_23_37,8.0,crossing_pair
x_5_34,x_23_38,8.0,crossing_pair
x_5_34,x_23_39,8.0,crossing_pair
x_5_34,x_23_42,8.0,crossing_pair
x_5_34,x_23_43,8.0,crossing_pair
x_5_34,x_24_37,8.0,crossing_pair
x_5_34,x_24_38,8.0,crossing_pair
x_5_34,x_24_39,8.0,crossing_pair
x_5_34,x_24_42,8.0,crossing_pair
x_5_34,x_24_43,8.0,crossing_pair
x_5_34,x_25_34,8.0,shared_nucleotide
x_5_34,x_25_40,8.0,crossing_pair
x_5_34,x_25_44,8.0,crossing_pair
x_5_34,x_26_37,8.0,crossing_pair
x_5_34,x_26_38,8.0,crossing_pair
x_5_34,x_26_39,8.0,crossing_pair
x_5_34,x_26_42,8.0,crossing_pair
x_5_34,x_26_43,8.0,crossing_pair
x_5_34,x_27_37,8.0,crossing_pair
x_5_34,x_27_38,8.0,crossing_pair
x_5_34,x_27_39,8.0,crossing_pair
x_5_34,x_27_42,8.0,crossing_pair
x_5_34,x_27_43,8.0,crossing_pair
x_5_34,x_28_37,8.0,crossing_pair
x_5_34,x_28_38,8.0,crossing_pair
x_5_34,x_28_39,8.0,crossing_pair
x_5_34,x_28_42,8.0,crossing_pair
x_5_34,x_28_43,8.0,crossing_pair
x_5_34,x_29_37,8.0,crossing_pair
x_5_34,x_29_38,8.0,crossing_pair
x_5_34,x_29_39,8.0,crossing_pair
x_5_34,x_29_42,8.0,crossing_pair
x_5_34,x_29_43,8.0,crossing_pair
x_5_34,x_30_34,8.0,shared_nucleotide
x_5_34,x_30_35,8.0,crossing_pair
x_5_34,x_30_36,8.0,crossing_pair
x_5_34,x_30_40,8.0,crossing_pair
x_5_34,x_30_44,8.0,crossing_pair
x_5_34,x_31_37,8.0,crossing_pair
x_5_34,x_31_38,8.0,crossing_pair
x_5_34,x_31_39,8.0,crossing_pair
x_5_34,x_31_42,8.0,crossing_pair
x_5_34,x_31_43,8.0,crossing_pair
x_5_34,x_32_40,8.0,crossing_pair
x_5_34,x_32_44,8.0,crossing_pair
x_5_34,x_33_37,8.0,crossing_pair
x_5_34,x_33_38,8.0,crossing_pair
x_5_34,x_33_39,8.0,crossing_pair
x_5_34,x_33_42,8.0,crossing_pair
x_5_34,x_33_43,8.0,crossing_pair
x_5_34,x_34_38,8.0,shared_nucleotide
x_5_34,x_34_39,8.0,shared_nucleotide
x_5_34,x_34_41,8.0,shared_nucleotide
x_5_34,x_34_42,8.0,shared_nucleotide
x_5_34,x_34_43,8.0,shared_nucleotide
x_5_40,x_5_44,8.0,shared_nucleotide
x_5_40,x_6_42,8.0,crossing_pair
x_5_40,x_6_43,8.0,crossing_pair
x_5_40,x_7_42,8.0,crossing_pair
x_5_40,x_7_43,8.0,crossing_pair
x_5_40,x_8_42,8.0,crossing_pair
x_5_40,x_8_43,8.0,crossing_pair
x_5_40,x_9_42,8.0,crossing_pair
x_5_40,x_9_43,8.0,crossing_pair
x_5_40,x_10_40,8.0,shared_nucleotide
x_5_40,x_10_44,8.0,crossing_pair
x_5_40,x_11_40,8.0,shared_nucleotide
x_5_40,x_11_44,8.0,crossing_pair
x_5_40,x_12_40,8.0,shared_nucleotide
x_5_40,x_12_44,8.0,crossing_pair
x_5_40,x_13_41,8.0,crossing_pair
x_5_40,x_13_42,8.0,crossing_pair
x_5_40,x_13_43,8.0,crossing_pair
x_5_40,x_14_40,8.0,shared_nucleotide
x_5_40,x_14_44,8.0,crossing_pair
x_5_40,x_15_40,8.0,shared_nucleotide
x_5_40,x_15_44,8.0,crossing_pair
x_5_40,x_16_41,8.0,crossing_pair
x_5_40,x_16_42,8.0,crossing_pair
x_5_40,x_16_43,8.0,crossing_pair
x_5_40,x_17_42,8.0,crossing_pair
x_5_40,x_17_43,8.0,crossing_pair
x_5_40,x_18_40,8.0,shared_nucleotide
x_5_40,x_18_44,8.0,crossing_pair
x_5_40,x_19_40,8.0,shared_nucleotide
x_5_40,x_19_44,8.0,crossing_pair
x_5_40,x_20_41,8.0,crossing_pair
x_5_40,x_20_42,8.0,crossing_pair
x_5_40,x_20_43,8.0,crossing_pair
x_5_40,x_21_42,8.0,crossing_pair
x_5_40,x_21_43,8.0,crossing_pair
x_5_40,x_22_41,8.0,crossing_pair
x_5_40,x_22_42,8.0,crossing_pair
x_5_40,x_22_43,8.0,crossing_pair
x_5_40,x_23_42,8.0,crossing_pair
x_5_40,x_23_43,8.0,crossing_pair
x_5_40,x_24_42,8.0,crossing_pair
x_5_40,x_24_43,8.0,crossing_pair
x_5_40,x_25_40,8.0,shared_nucleotide
x_5_40,x_25_44,8.0,crossing_pair
x_5_40,x_26_42,8.0,crossing_pair
x_5_40,x_26_43,8.0,crossing_pair
x_5_40,x_27_42,8.0,crossing_pair
x_5_40,x_27_43,8.0,crossing_pair
x_5_40,x_28_42,8.0,crossing_pair
x_5_40,x_28_43,8.0,crossing_pair
x_5_40,x_29_42,8.0,crossing_pair
x_5_40,x_29_43,8.0,crossing_pair
x_5_40,x_30_40,8.0,shared_nucleotide
x_5_40,x_30_44,8.0,crossing_pair
x_5_40,x_31_42,8.0,crossing_pair
x_5_40,x_31_43,8.0,crossing_pair
x_5_40,x_32_40,8.0,shared_nucleotide
x_5_40,x_32_44,8.0,crossing_pair
x_5_40,x_33_42,8.0,crossing_pair
x_5_40,x_33_43,8.0,crossing_pair
x_5_40,x_34_41,8.0,crossing_pair
x_5_40,x_34_42,8.0,crossing_pair
x_5_40,x_34_43,8.0,crossing_pair
x_5_40,x_35_42,8.0,crossing_pair
x_5_40,x_35_43,8.0,crossing_pair
x_5_40,x_36_42,8.0,crossing_pair
x_5_40,x_36_43,8.0,crossing_pair
x_5_40,x_37_44,8.0,crossing_pair
x_5_40,x_38_44,8.0,crossing_pair
x_5_40,x_39_44,8.0,crossing_pair
x_5_44,x_10_44,8.0,shared_nucleotide
x_5_44,x_11_44,8.0,shared_nucleotide
x_5_44,x_12_44,8.0,shared_nucleotide
x_5_44,x_14_44,8.0,shared_nucleotide
x_5_44,x_15_44,8.0,shared_nucleotide
x_5_44,x_18_44,8.0,shared_nucleotide
x_5_44,x_19_44,8.0,shared_nucleotide
x_5_44,x_25_44,8.0,shared_nucleotide
x_5_44,x_30_44,8.0,shared_nucleotide
x_5_44,x_32_44,8.0,shared_nucleotide
x_5_44,x_37_44,8.0,shared_nucleotide
x_5_44,x_38_44,8.0,shared_nucleotide
x_5_44,x_39_44,8.0,shared_nucleotide
x_6_11,x_6_12,8.0,shared_nucleotide
x_6_11,x_6_14,8.0,shared_nucleotide
x_6_11,x_6_18,8.0,shared_nucleotide
x_6_11,x_6_19,8.0,shared_nucleotide
x_6_11,x_6_30,8.0,shared_nucleotide
x_6_11,x_6_37,8.0,shared_nucleotide
x_6_11,x_6_38,8.0,shared_nucleotide
x_6_11,x_6_39,8.0,shared_nucleotide
x_6_11,x_6_42,8.0,shared_nucleotide
x_6_11,x_6_43,8.0,shared_nucleotide
x_6_11,x_7_11,8.0,shared_nucleotide
x_6_11,x_7_12,8.0,crossing_pair
x_6_11,x_7_14,8.0,crossing_pair
x_6_11,x_7_18,8.0,crossing_pair
x_6_11,x_7_19,8.0,crossing_pair
x_6_11,x_7_30,8.0,crossing_pair
x_6_11,x_7_37,8.0,crossing_pair
x_6_11,x_7_38,8.0,crossing_pair
x_6_11,x_7_39,8.0,crossing_pair
x_6_11,x_7_42,8.0,crossing_pair
x_6_11,x_7_43,8.0,crossing_pair
x_6_11,x_8_12,8.0,crossing_pair
x_6_11,x_8_14,8.0,crossing_pair
x_6_11,x_8_18,8.0,crossing_pair
x_6_11,x_8_19,8.0,crossing_pair
x_6_11,x_8_30,8.0,crossing_pair
x_6_11,x_8_37,8.0,crossing_pair
x_6_11,x_8_38,8.0,crossing_pair
x_6_11,x_8_39,8.0,crossing_pair
x_6_11,x_8_42,8.0,crossing_pair
x_6_11,x_8_43,8.0,crossing_pair
x_6_11,x_9_14,8.0,crossing_pair
x_6_11,x_9_18,8.0,crossing_pair
x_6_11,x_9_19,8.0,crossing_pair
x_6_11,x_9_30,8.0,crossing_pair
x_6_11,x_9_37,8.0,crossing_pair
x_6_11,x_9_38,8.0,crossing_pair
x_6_11,x_9_39,8.0,crossing_pair
x_6_11,x_9_42,8.0,crossing_pair
x_6_11,x_9_43,8.0,crossing_pair
x_6_11,x_10_16,8.0,crossing_pair
x_6_11,x_10_20,8.0,crossing_pair
x_6_11,x_10_22,8.0,crossing_pair
x_6_11,x_10_34,8.0,crossing_pair
x_6_11,x_10_40,8.0,crossing_pair
x_6_11,x_10_44,8.0,crossing_pair
x_6_11,x_11_16,8.0,shared_nucleotide
x_6_11,x_11_17,8.0,shared_nucleotide
x_6_11,x_11_20,8.0,shared_nucleotide
x_6_11,x_11_21,8.0,shared_nucleotide
x_6_11,x_11_22,8.0,shared_nucleotide
x_6_11,x_11_23,8.0,shared_nucleotide
x_6_11,x_11_24,8.0,shared_nucleotide
x_6_11,x_11_26,8.0,shared_nucleotide
x_6_11,x_11_27,8.0,shared_nucleotide
x_6_11,x_11_28,8.0,shared_nucleotide
x_6_11,x_11_29,8.0,shared_nucleotide
x_6_11,x_11_31,8.0,shared_nucleotide
x_6_11,x_11_33,8.0,shared_nucleotide
x_6_11,x_11_34,8.0,shared_nucleotide
x_6_11,x_11_35,8.0,shared_nucleotide
x_6_11,x_11_36,8.0,shared_nucleotide
x_6_11,x_11_40,8.0,shared_nucleotide
x_6_11,x_11_44,8.0,shared_nucleotide
x_6_12,x_6_14,8.0,shared_nucleotide
x_6_12,x_6_18,8.0,shared_nucleotide
x_6_12,x_6_19,8.0,shared_nucleotide
x_6_12,x_6_30,8.0,shared_nucleotide
x_6_12,x_6_37,8.0,shared_nucleotide
x_6_12,x_6_38,8.0,shared_nucleotide
x_6_12,x_6_39,8.0,shared_nucleotide
x_6_12,x_6_42,8.0,shared_nucleotide
x_6_12,x_6_43,8.0,shared_nucleotide
x_6_12,x_7_12,8.0,shared_nucleotide
x_6_12,x_7_14,8.0,crossing_pair
x_6_12,x_7_18,8.0,crossing_pair
x_6_12,x_7_19,8.0,crossing_pair
x_6_12,x_7_30,8.0,crossing_pair
x_6_12,x_7_37,8.0,crossing_pair
x_6_12,x_7_38,8.0,crossing_pair
x_6_12,x_7_39,8.0,crossing_pair
x_6_12,x_7_42,8.0,crossing_pair
x_6_12,x_7_43,8.0,crossing_pair
x_6_12,x_8_12,8.0,shared_nucleotide
x_6_12,x_8_14,8.0,crossing_pair
x_6_12,x_8_18,8.0,crossing_pair
x_6_12,x_8_19,8.0,crossing_pair
x_6_12,x_8_30,8.0,crossing_pair
x_6_12,x_8_37,8.0,crossing_pair
x_6_12,x_8_38,8.0,crossing_pair
x_6_12,x_8_39,8.0,crossing_pair
x_6_12,x_8_42,8.0,crossing_pair
x_6_12,x_8_43,8.0,crossing_pair
x_6_12,x_9_14,8.0,crossing_pair
x_6_12,x_9_18,8.0,crossing_pair
x_6_12,x_9_19,8.0,crossing_pair
x_6_12,x_9_30,8.0,crossing_pair
x_6_12,x_9_37,8.0,crossing_pair
x_6_12,x_9_38,8.0,crossing_pair
x_6_12,x_9_39,8.0,crossing_pair
x_6_12,x_9_42,8.0,crossing_pair
x_6_12,x_9_43,8.0,crossing_pair
x_6_12,x_10_16,8.0,crossing_pair
x_6_12,x_10_20,8.0,crossing_pair
x_6_12,x_10_22,8.0,crossing_pair
x_6_12,x_10_34,8.0,crossing_pair
x_6_12,x_10_40,8.0,crossing_pair
x_6_12,x_10_44,8.0,crossing_pair
x_6_12,x_11_16,8.0,crossing_pair
x_6_12,x_11_17,8.0,crossing_pair
x_6_12,x_11_20,8.0,crossing_pair
x_6_12,x_11_21,8.0,crossing_pair
x_6_12,x_11_22,8.0,crossing_pair
x_6_12,x_11_23,8.0,crossing_pair
x_6_12,x_11_24,8.0,crossing_pair
x_6_12,x_11_26,8.0,crossing_pair
x_6_12,x_11_27,8.0,crossing_pair
x_6_12,x_11_28,8.0,crossing_pair
x_6_12,x_11_29,8.0,crossing_pair
x_6_12,x_11_31,8.0,crossing_pair
x_6_12,x_11_33,8.0,crossing_pair
x_6_12,x_11_34,8.0,crossing_pair
x_6_12,x_11_35,8.0,crossing_pair
x_6_12,x_11_36,8.0,crossing_pair
x_6_12,x_11_40,8.0,crossing_pair
x_6_12,x_11_44,8.0,crossing_pair
x_6_12,x_12_16,8.0,shared_nucleotide
x_6_12,x_12_17,8.0,shared_nucleotide
x_6_12,x_12_20,8.0,shared_nucleotide
x_6_12,x_12_21,8.0,shared_nucleotide
x_6_12,x_12_22,8.0,shared_nucleotide
x_6_12,x_12_23,8.0,shared_nucleotide
x_6_12,x_12_24,8.0,shared_nucleotide
x_6_12,x_12_26,8.0,shared_nucleotide
x_6_12,x_12_27,8.0,shared_nucleotide
x_6_12,x_12_28,8.0,shared_nucleotide
x_6_12,x_12_29,8.0,shared_nucleotide
x_6_12,x_12_31,8.0,shared_nucleotide
x_6_12,x_12_33,8.0,shared_nucleotide
x_6_12,x_12_34,8.0,shared_nucleotide
x_6_12,x_12_35,8.0,shared_nucleotide
x_6_12,x_12_36,8.0,shared_nucleotide
x_6_12,x_12_40,8.0,shared_nucleotide
x_6_12,x_12_44,8.0,shared_nucleotide
x_6_14,x_6_18,8.0,shared_nucleotide
x_6_14,x_6_19,8.0,shared_nucleotide
x_6_14,x_6_30,8.0,shared_nucleotide
x_6_14,x_6_37,8.0,shared_nucleotide
x_6_14,x_6_38,8.0,shared_nucleotide
x_6_14,x_6_39,8.0,shared_nucleotide
x_6_14,x_6_42,8.0,shared_nucleotide
x_6_14,x_6_43,8.0,shared_nucleotide
x_6_14,x_7_14,8.0,shared_nucleotide
x_6_14,x_7_18,8.0,crossing_pair
x_6_14,x_7_19,8.0,crossing_pair
x_6_14,x_7_30,8.0,crossing_pair
x_6_14,x_7_37,8.0,crossing_pair
x_6_14,x_7_38,8.0,crossing_pair
x_6_14,x_7_39,8.0,crossing_pair
x_6_14,x_7_42,8.0,crossing_pair
x_6_14,x_7_43,8.0,crossing_pair
x_6_14,x_8_14,8.0,shared_nucleotide
x_6_14,x_8_18,8.0,crossing_pair
x_6_14,x_8_19,8.0,crossing_pair
x_6_14,x_8_30,8.0,crossing_pair
x_6_14,x_8_37,8.0,crossing_pair
x_6_14,x_8_38,8.0,crossing_pair
x_6_14,x_8_39,8.0,crossing_pair
x_6_14,x_8_42,8.0,crossing_pair
x_6_14,x_8_43,8.0,crossing_pair
x_6_14,x_9_14,8.0,shared_nucleotide
x_6_14,x_9_18,8.0,crossing_pair
x_6_14,x_9_19,8.0,crossing_pair
x_6_14,x_9_30,8.0,crossing_pair
x_6_14,x_9_37,8.0,crossing_pair
x_6_14,x_9_38,8.0,crossing_pair
x_6_14,x_9_39,8.0,crossing_pair
x_6_14,x_9_42,8.0,crossing_pair
x_6_14,x_9_43,8.0,crossing_pair
x_6_14,x_10_16,8.0,crossing_pair
x_6_14,x_10_20,8.0,crossing_pair
x_6_14,x_10_22,8.0,crossing_pair
x_6_14,x_10_34,8.0,crossing_pair
x_6_14,x_10_40,8.0,crossing_pair
x_6_14,x_10_44,8.0,crossing_pair
x_6_14,x_11_16,8.0,crossing_pair
x_6_14,x_11_17,8.0,crossing_pair
x_6_14,x_11_20,8.0,crossing_pair
x_6_14,x_11_21,8.0,crossing_pair
x_6_14,x_11_22,8.0,crossing_pair
x_6_14,x_11_23,8.0,crossing_pair
x_6_14,x_11_24,8.0,crossing_pair
x_6_14,x_11_26,8.0,crossing_pair
x_6_14,x_11_27,8.0,crossing_pair
x_6_14,x_11_28,8.0,crossing_pair
x_6_14,x_11_29,8.0,crossing_pair
x_6_14,x_11_31,8.0,crossing_pair
x_6_14,x_11_33,8.0,crossing_pair
x_6_14,x_11_34,8.0,crossing_pair
x_6_14,x_11_35,8.0,crossing_pair
x_6_14,x_11_36,8.0,crossing_pair
x_6_14,x_11_40,8.0,crossing_pair
x_6_14,x_11_44,8.0,crossing_pair
x_6_14,x_12_16,8.0,crossing_pair
x_6_14,x_12_17,8.0,crossing_pair
x_6_14,x_12_20,8.0,crossing_pair
x_6_14,x_12_21,8.0,crossing_pair
x_6_14,x_12_22,8.0,crossing_pair
x_6_14,x_12_23,8.0,crossing_pair
x_6_14,x_12_24,8.0,crossing_pair
x_6_14,x_12_26,8.0,crossing_pair
x_6_14,x_12_27,8.0,crossing_pair
x_6_14,x_12_28,8.0,crossing_pair
x_6_14,x_12_29,8.0,crossing_pair
x_6_14,x_12_31,8.0,crossing_pair
x_6_14,x_12_33,8.0,crossing_pair
x_6_14,x_12_34,8.0,crossing_pair
x_6_14,x_12_35,8.0,crossing_pair
x_6_14,x_12_36,8.0,crossing_pair
x_6_14,x_12_40,8.0,crossing_pair
x_6_14,x_12_44,8.0,crossing_pair
x_6_14,x_13_18,8.0,crossing_pair
x_6_14,x_13_19,8.0,crossing_pair
x_6_14,x_13_25,8.0,crossing_pair
x_6_14,x_13_30,8.0,crossing_pair
x_6_14,x_13_32,8.0,crossing_pair
x_6_14,x_13_37,8.0,crossing_pair
x_6_14,x_13_38,8.0,crossing_pair
x_6_14,x_13_39,8.0,crossing_pair
x_6_14,x_13_41,8.0,crossing_pair
x_6_14,x_13_42,8.0,crossing_pair
x_6_14,x_13_43,8.0,crossing_pair
x_6_14,x_14_20,8.0,shared_nucleotide
x_6_14,x_14_21,8.0,shared_nucleotide
x_6_14,x_14_22,8.0,shared_nucleotide
x_6_14,x_14_23,8.0,shared_nucleotide
x_6_14,x_14_24,8.0,shared_nucleotide
x_6_14,x_14_26,8.0,shared_nucleotide
x_6_14,x_14_27,8.0,shared_nucleotide
x_6_14,x_14_28,8.0,shared_nucleotide
x_6_14,x_14_29,8.0,shared_nucleotide
x_6_14,x_14_31,8.0,shared_nucleotide
x_6_14,x_14_33,8.0,shared_nucleotide
x_6_14,x_14_34,8.0,shared_nucleotide
x_6_14,x_14_35,8.0,shared_nucleotide
x_6_14,x_14_36,8.0,shared_nucleotide
x_6_14,x_14_40,8.0,shared_nucleotide
x_6_14,x_14_44,8.0,shared_nucleotide
x_6_18,x_6_19,8.0,shared_nucleotide
x_6_18,x_6_30,8.0,shared_nucleotide
x_6_18,x_6_37,8.0,shared_nucleotide
x_6_18,x_6_38,8.0,shared_nucleotide
x_6_18,x_6_39,8.0,shared_nucleotide
x_6_18,x_6_42,8.0,shared_nucleotide
x_6_18,x_6_43,8.0,shared_nucleotide
x_6_18,x_7_18,8.0,shared_nucleotide
x_6_18,x_7_19,8.0,crossing_pair
x_6_18,x_7_30,8.0,crossing_pair
x_6_18,x_7_37,8.0,crossing_pair
x_6_18,x_7_38,8.0,crossing_pair
x_6_18,x_7_39,8.0,crossing_pair
x_6_18,x_7_42,8.0,crossing_pair
x_6_18,x_7_43,8.0,crossing_pair
x_6_18,x_8_18,8.0,shared_nucleotide
x_6_18,x_8_19,8.0,crossing_pair
x_6_18,x_8_30,8.0,crossing_pair
x_6_18,x_8_37,8.0,crossing_pair
x_6_18,x_8_38,8.0,crossing_pair
x_6_18,x_8_39,8.0,crossing_pair
x_6_18,x_8_42,8.0,crossing_pair
x_6_18,x_8_43,8.0,crossing_pair
x_6_18,x_9_18,8.0,shared_nucleotide
x_6_18,x_9_19,8.0,crossing_pair
x_6_18,x_9_30,8.0,crossing_pair
x_6_18,x_9_37,8.0,crossing_pair
x_6_18,x_9_38,8.0,crossing_pair
x_6_18,x_9_39,8.0,crossing_pair
x_6_18,x_9_42,8.0,crossing_pair
x_6_18,x_9_43,8.0,crossing_pair
x_6_18,x_10_20,8.0,crossing_pair
x_6_18,x_10_22,8.0,crossing_pair
x_6_18,x_10_34,8.0,crossing_pair
x_6_18,x_10_40,8.0,crossing_pair
x_6_18,x_10_44,8.0,crossing_pair
x_6_18,x_11_20,8.0,crossing_pair
x_6_18,x_11_21,8.0,crossing_pair
x_6_18,x_11_22,8.0,crossing_pair
x_6_18,x_11_23,8.0,crossing_pair
x_6_18,x_11_24,8.0,crossing_pair
x_6_18,x_11_26,8.0,crossing_pair
x_6_18,x_11_27,8.0,crossing_pair
x_6_18,x_11_28,8.0,crossing_pair
x_6_18,x_11_29,8.0,crossing_pair
x_6_18,x_11_31,8.0,crossing_pair
x_6_18,x_11_33,8.0,crossing_pair
x_6_18,x_11_34,8.0,crossing_pair
x_6_18,x_11_35,8.0,crossing_pair
x_6_18,x_11_36,8.0,crossing_pair
x_6_18,x_11_40,8.0,crossing_pair
x_6_18,x_11_44,8.0,crossing_pair
x_6_18,x_12_20,8.0,crossing_pair
x_6_18,x_12_21,8.0,crossing_pair
x_6_18,x_12_22,8.0,crossing_pair
x_6_18,x_12_23,8.0,crossing_pair
x_6_18,x_12_24,8.0,crossing_pair
x_6_18,x_12_26,8.0,crossing_pair
x_6_18,x_12_27,8.0,crossing_pair
x_6_18,x_12_28,8.0,crossing_pair
x_6_18,x_12_29,8.0,crossing_pair
x_6_18,x_12_31,8.0,crossing_pair
x_6_18,x_12_33,8.0,crossing_pair
x_6_18,x_12_34,8.0,crossing_pair
x_6_18,x_12_35,8.0,crossing_pair
x_6_18,x_12_36,8.0,crossing_pair
x_6_18,x_12_40,8.0,crossing_pair
x_6_18,x_12_44,8.0,crossing_pair
x_6_18,x_13_18,8.0,shared_nucleotide
x_6_18,x_13_19,8.0,crossing_pair
x_6_18,x_13_25,8.0,crossing_pair
x_6_18,x_13_30,8.0,crossing_pair
x_6_18,x_13_32,8.0,crossing_pair
x_6_18,x_13_37,8.0,crossing_pair
x_6_18,x_13_38,8.0,crossing_pair
x_6_18,x_13_39,8.0,crossing_pair
x_6_18,x_13_41,8.0,crossing_pair
x_6_18,x_13_42,8.0,crossing_pair
x_6_18,x_13_43,8.0,crossing_pair
x_6_18,x_14_20,8.0,crossing_pair
x_6_18,x_14_21,8.0,crossing_pair
x_6_18,x_14_22,8.0,crossing_pair
x_6_18,x_14_23,8.0,crossing_pair
x_6_18,x_14_24,8.0,crossing_pair
x_6_18,x_14_26,8.0,crossing_pair
x_6_18,x_14_27,8.0,crossing_pair
x_6_18,x_14_28,8.0,crossing_pair
x_6_18,x_14_29,8.0,crossing_pair
x_6_18,x_14_31,8.0,crossing_pair
x_6_18,x_14_33,8.0,crossing_pair
x_6_18,x_14_34,8.0,crossing_pair
x_6_18,x_14_35,8.0,crossing_pair
x_6_18,x_14_36,8.0,crossing_pair
x_6_18,x_14_40,8.0,crossing_pair
x_6_18,x_14_44,8.0,crossing_pair
x_6_18,x_15_20,8.0,crossing_pair
x_6_18,x_15_22,8.0,crossing_pair
x_6_18,x_15_34,8.0,crossing_pair
x_6_18,x_15_40,8.0,crossing_pair
x_6_18,x_15_44,8.0,crossing_pair
x_6_18,x_16_25,8.0,crossing_pair
x_6_18,x_16_30,8.0,crossing_pair
x_6_18,x_16_32,8.0,crossing_pair
x_6_18,x_16_37,8.0,crossing_pair
x_6_18,x_16_38,8.0,crossing_pair
x_6_18,x_16_39,8.0,crossing_pair
x_6_18,x_16_41,8.0,crossing_pair
x_6_18,x_16_42,8.0,crossing_pair
x_6_18,x_16_43,8.0,crossing_pair
x_6_18,x_17_30,8.0,crossing_pair
x_6_18,x_17_37,8.0,crossing_pair
x_6_18,x_17_38,8.0,crossing_pair
x_6_18,x_17_39,8.0,crossing_pair
x_6_18,x_17_42,8.0,crossing_pair
x_6_18,x_17_43,8.0,crossing_pair
x_6_18,x_18_22,8.0,shared_nucleotide
x_6_18,x_18_23,8.0,shared_nucleotide
x_6_18,x_18_24,8.0,shared_nucleotide
x_6_18,x_18_26,8.0,shared_nucleotide
x_6_18,x_18_27,8.0,shared_nucleotide
x_6_18,x_18_28,8.0,shared_nucleotide
x_6_18,x_18_29,8.0,shared_nucleotide
x_6_18,x_18_31,8.0,shared_nucleotide
x_6_18,x_18_33,8.0,shared_nucleotide
x_6_18,x_18_34,8.0,shared_nucleotide
x_6_18,x_18_35,8.0,shared_nucleotide
x_6_18,x_18_36,8.0,shared_nucleotide
x_6_18,x_18_40,8.0,shared_nucleotide
x_6_18,x_18_44,8.0,shared_nucleotide
x_6_19,x_6_30,8.0,shared_nucleotide
x_6_19,x_6_37,8.0,shared_nucleotide
x_6_19,x_6_38,8.0,shared_nucleotide
x_6_19,x_6_39,8.0,shared_nucleotide
x_6_19,x_6_42,8.0,shared_nucleotide
x_6_19,x_6_43,8.0,shared_nucleotide
x_6_19,x_7_19,8.0,shared_nucleotide
x_6_19,x_7_30,8.0,crossing_pair
x_6_19,x_7_37,8.0,crossing_pair
x_6_19,x_7_38,8.0,crossing_pair
x_6_19,x_7_39,8.0,crossing_pair
x_6_19,x_7_42,8.0,crossing_pair
x_6_19,x_7_43,8.0,crossing_pair
x_6_19,x_8_19,8.0,shared_nucleotide
x_6_19,x_8_30,8.0,crossing_pair
x_6_19,x_8_37,8.0,crossing_pair
x_6_19,x_8_38,8.0,crossing_pair
x_6_19,x_8_39,8.0,crossing_pair
x_6_19,x_8_42,8.0,crossing_pair
x_6_19,x_8_43,8.0,crossing_pair
x_6_19,x_9_19,8.0,shared_nucleotide
x_6_19,x_9_30,8.0,crossing_pair
x_6_19,x_9_37,8.0,crossing_pair
x_6_19,x_9_38,8.0,crossing_pair
x_6_19,x_9_39,8.0,crossing_pair
x_6_19,x_9_42,8.0,crossing_pair
x_6_19,x_9_43,8.0,crossing_pair
x_6_19,x_10_20,8.0,crossing_pair
x_6_19,x_10_22,8.0,crossing_pair
x_6_19,x_10_34,8.0,crossing_pair
x_6_19,x_10_40,8.0,crossing_pair
x_6_19,x_10_44,8.0,crossing_pair
x_6_19,x_11_20,8.0,crossing_pair
x_6_19,x_11_21,8.0,crossing_pair
x_6_19,x_11_22,8.0,crossing_pair
x_6_19,x_11_23,8.0,crossing_pair
x_6_19,x_11_24,8.0,crossing_pair
x_6_19,x_11_26,8.0,crossing_pair
x_6_19,x_11_27,8.0,crossing_pair
x_6_19,x_11_28,8.0,crossing_pair
x_6_19,x_11_29,8.0,crossing_pair
x_6_19,x_11_31,8.0,crossing_pair
x_6_19,x_11_33,8.0,crossing_pair
x_6_19,x_11_34,8.0,crossing_pair
x_6_19,x_11_35,8.0,crossing_pair
x_6_19,x_11_36,8.0,crossing_pair
x_6_19,x_11_40,8.0,crossing_pair
x_6_19,x_11_44,8.0,crossing_pair
x_6_19,x_12_20,8.0,crossing_pair
x_6_19,x_12_21,8.0,crossing_pair
x_6_19,x_12_22,8.0,crossing_pair
x_6_19,x_12_23,8.0,crossing_pair
x_6_19,x_12_24,8.0,crossing_pair
x_6_19,x_12_26,8.0,crossing_pair
x_6_19,x_12_27,8.0,crossing_pair
x_6_19,x_12_28,8.0,crossing_pair
x_6_19,x_12_29,8.0,crossing_pair
x_6_19,x_12_31,8.0,crossing_pair
x_6_19,x_12_33,8.0,crossing_pair
x_6_19,x_12_34,8.0,crossing_pair
x_6_19,x_12_35,8.0,crossing_pair
x_6_19,x_12_36,8.0,crossing_pair
x_6_19,x_12_40,8.0,crossing_pair
x_6_19,x_12_44,8.0,crossing_pair
x_6_19,x_13_19,8.0,shared_nucleotide
x_6_19,x_13_25,8.0,crossing_pair
x_6_19,x_13_30,8.0,crossing_pair
x_6_19,x_13_32,8.0,crossing_pair
x_6_19,x_13_37,8.0,crossing_pair
x_6_19,x_13_38,8.0,crossing_pair
x_6_19,x_13_39,8.0,crossing_pair
x_6_19,x_13_41,8.0,crossing_pair
x_6_19,x_13_42,8.0,crossing_pair
x_6_19,x_13_43,8.0,crossing_pair
x_6_19,x_14_20,8.0,crossing_pair
x_6_19,x_14_21,8.0,crossing_pair
x_6_19,x_14_22,8.0,crossing_pair
x_6_19,x_14_23,8.0,crossing_pair
x_6_19,x_14_24,8.0,crossing_pair
x_6_19,x_14_26,8.0,crossing_pair
x_6_19,x_14_27,8.0,crossing_pair
x_6_19,x_14_28,8.0,crossing_pair
x_6_19,x_14_29,8.0,crossing_pair
x_6_19,x_14_31,8.0,crossing_pair
x_6_19,x_14_33,8.0,crossing_pair
x_6_19,x_14_34,8.0,crossing_pair
x_6_19,x_14_35,8.0,crossing_pair
x_6_19,x_14_36,8.0,crossing_pair
x_6_19,x_14_40,8.0,crossing_pair
x_6_19,x_14_44,8.0,crossing_pair
x_6_19,x_15_20,8.0,crossing_pair
x_6_19,x_15_22,8.0,crossing_pair
x_6_19,x_15_34,8.0,crossing_pair
x_6_19,x_15_40,8.0,crossing_pair
x_6_19,x_15_44,8.0,crossing_pair
x_6_19,x_16_25,8.0,crossing_pair
x_6_19,x_16_30,8.0,crossing_pair
x_6_19,x_16_32,8.0,crossing_pair
x_6_19,x_16_37,8.0,crossing_pair
x_6_19,x_16_38,8.0,crossing_pair
x_6_19,x_16_39,8.0,crossing_pair
x_6_19,x_16_41,8.0,crossing_pair
x_6_19,x_16_42,8.0,crossing_pair
x_6_19,x_16_43,8.0,crossing_pair
x_6_19,x_17_30,8.0,crossing_pair
x_6_19,x_17_37,8.0,crossing_pair
x_6_19,x_17_38,8.0,crossing_pair
x_6_19,x_17_39,8.0,crossing_pair
x_6_19,x_17_42,8.0,crossing_pair
x_6_19,x_17_43,8.0,crossing_pair
x_6_19,x_18_22,8.0,crossing_pair
x_6_19,x_18_23,8.0,crossing_pair
x_6_19,x_18_24,8.0,crossing_pair
x_6_19,x_18_26,8.0,crossing_pair
x_6_19,x_18_27,8.0,crossing_pair
x_6_19,x_18_28,8.0,crossing_pair
x_6_19,x_18_29,8.0,crossing_pair
x_6_19,x_18_31,8.0,crossing_pair
x_6_19,x_18_33,8.0,crossing_pair
x_6_19,x_18_34,8.0,crossing_pair
x_6_19,x_18_35,8.0,crossing_pair
x_6_19,x_18_36,8.0,crossing_pair
x_6_19,x_18_40,8.0,crossing_pair
x_6_19,x_18_44,8.0,crossing_pair
x_6_19,x_19_23,8.0,shared_nucleotide
x_6_19,x_19_24,8.0,shared_nucleotide
x_6_19,x_19_26,8.0,shared_nucleotide
x_6_19,x_19_27,8.0,shared_nucleotide
x_6_19,x_19_28,8.0,shared_nucleotide
x_6_19,x_19_29,8.0,shared_nucleotide
x_6_19,x_19_31,8.0,shared_nucleotide
x_6_19,x_19_33,8.0,shared_nucleotide
x_6_19,x_19_34,8.0,shared_nucleotide
x_6_19,x_19_35,8.0,shared_nucleotide
x_6_19,x_19_36,8.0,shared_nucleotide
x_6_19,x_19_40,8.0,shared_nucleotide
x_6_19,x_19_44,8.0,shared_nucleotide
x_6_30,x_6_37,8.0,shared_nucleotide
x_6_30,x_6_38,8.0,shared_nucleotide
x_6_30,x_6_39,8.0,shared_nucleotide
x_6_30,x_6_42,8.0,shared_nucleotide
x_6_30,x_6_43,8.0,shared_nucleotide
x_6_30,x_7_30,8.0,shared_nucleotide
x_6_30,x_7_37,8.0,crossing_pair
x_6_30,x_7_38,8.0,crossing_pair
x_6_30,x_7_39,8.0,crossing_pair
x_6_30,x_7_42,8.0,crossing_pair
x_6_30,x_7_43,8.0,crossing_pair
x_6_30,x_8_30,8.0,shared_nucleotide
x_6_30,x_8_37,8.0,crossing_pair
x_6_30,x_8_38,8.0,crossing_pair
x_6_30,x_8_39,8.0,crossing_pair
x_6_30,x_8_42,8.0,crossing_pair
x_6_30,x_8_43,8.0,crossing_pair
x_6_30,x_9_30,8.0,shared_nucleotide
x_6_30,x_9_37,8.0,crossing_pair
x_6_30,x_9_38,8.0,crossing_pair
x_6_30,x_9_39,8.0,crossing_pair
x_6_30,x_9_42,8.0,crossing_pair
x_6_30,x_9_43,8.0,crossing_pair
x_6_30,x_10_34,8.0,crossing_pair
x_6_30,x_10_40,8.0,crossing_pair
x_6_30,x_10_44,8.0,crossing_pair
x_6_30,x_11_31,8.0,crossing_pair
x_6_30,x_11_33,8.0,crossing_pair
x_6_30,x_11_34,8.0,crossing_pair
x_6_30,x_11_35,8.0,crossing_pair
x_6_30,x_11_36,8.0,crossing_pair
x_6_30,x_11_40,8.0,crossing_pair
x_6_30,x_11_44,8.0,crossing_pair
x_6_30,x_12_31,8.0,crossing_pair
x_6_30,x_12_33,8.0,crossing_pair
x_6_30,x_12_34,8.0,crossing_pair
x_6_30,x_12_35,8.0,crossing_pair
x_6_30,x_12_36,8.0,crossing_pair
x_6_30,x_12_40,8.0,crossing_pair
x_6_30,x_12_44,8.0,crossing_pair
x_6_30,x_13_30,8.0,shared_nucleotide
x_6_30,x_13_32,8.0,crossing_pair
x_6_30,x_13_37,8.0,crossing_pair
x_6_30,x_13_38,8.0,crossing_pair
x_6_30,x_13_39,8.0,crossing_pair
x_6_30,x_13_41,8.0,crossing_pair
x_6_30,x_13_42,8.0,crossing_pair
x_6_30,x_13_43,8.0,crossing_pair
x_6_30,x_14_31,8.0,crossing_pair
x_6_30,x_14_33,8.0,crossing_pair
x_6_30,x_14_34,8.0,crossing_pair
x_6_30,x_14_35,8.0,crossing_pair
x_6_30,x_14_36,8.0,crossing_pair
x_6_30,x_14_40,8.0,crossing_pair
x_6_30,x_14_44,8.0,crossing_pair
x_6_30,x_15_34,8.0,crossing_pair
x_6_30,x_15_40,8.0,crossing_pair
x_6_30,x_15_44,8.0,crossing_pair
x_6_30,x_16_30,8.0,shared_nucleotide
x_6_30,x_16_32,8.0,crossing_pair
x_6_30,x_16_37,8.0,crossing_pair
x_6_30,x_16_38,8.0,crossing_pair
x_6_30,x_16_39,8.0,crossing_pair
x_6_30,x_16_41,8.0,crossing_pair
x_6_30,x_16_42,8.0,crossing_pair
x_6_30,x_16_43,8.0,crossing_pair
x_6_30,x_17_30,8.0,shared_nucleotide
x_6_30,x_17_37,8.0,crossing_pair
x_6_30,x_17_38,8.0,crossing_pair
x_6_30,x_17_39,8.0,crossing_pair
x_6_30,x_17_42,8.0,crossing_pair
x_6_30,x_17_43,8.0,crossing_pair
x_6_30,x_18_31,8.0,crossing_pair
x_6_30,x_18_33,8.0,crossing_pair
x_6_30,x_18_34,8.0,crossing_pair
x_6_30,x_18_35,8.0,crossing_pair
x_6_30,x_18_36,8.0,crossing_pair
x_6_30,x_18_40,8.0,crossing_pair
x_6_30,x_18_44,8.0,crossing_pair
x_6_30,x_19_31,8.0,crossing_pair
x_6_30,x_19_33,8.0,crossing_pair
x_6_30,x_19_34,8.0,crossing_pair
x_6_30,x_19_35,8.0,crossing_pair
x_6_30,x_19_36,8.0,crossing_pair
x_6_30,x_19_40,8.0,crossing_pair
x_6_30,x_19_44,8.0,crossing_pair
x_6_30,x_20_30,8.0,shared_nucleotide
x_6_30,x_20_32,8.0,crossing_pair
x_6_30,x_20_37,8.0,crossing_pair
x_6_30,x_20_38,8.0,crossing_pair
x_6_30,x_20_39,8.0,crossing_pair
x_6_30,x_20_41,8.0,crossing_pair
x_6_30,x_20_42,8.0,crossing_pair
x_6_30,x_20_43,8.0,crossing_pair
x_6_30,x_21_30,8.0,shared_nucleotide
x_6_30,x_21_37,8.0,crossing_pair
x_6_30,x_21_38,8.0,crossing_pair
x_6_30,x_21_39,8.0,crossing_pair
x_6_30,x_21_42,8.0,crossing_pair
x_6_30,x_21_43,8.0,crossing_pair
x_6_30,x_22_30,8.0,shared_nucleotide
x_6_30,x_22_32,8.0,crossing_pair
x_6_30,x_22_37,8.0,crossing_pair
x_6_30,x_22_38,8.0,crossing_pair
x_6_30,x_22_39,8.0,crossing_pair
x_6_30,x_22_41,8.0,crossing_pair
x_6_30,x_22_42,8.0,crossing_pair
x_6_30,x_22_43,8.0,crossing_pair
x_6_30,x_23_30,8.0,shared_nucleotide
x_6_30,x_23_37,8.0,crossing_pair
x_6_30,x_23_38,8.0,crossing_pair
x_6_30,x_23_39,8.0,crossing_pair
x_6_30,x_23_42,8.0,crossing_pair
x_6_30,x_23_43,8.0,crossing_pair
x_6_30,x_24_30,8.0,shared_nucleotide
x_6_30,x_24_37,8.0,crossing_pair
x_6_30,x_24_38,8.0,crossing_pair
x_6_30,x_24_39,8.0,crossing_pair
x_6_30,x_24_42,8.0,crossing_pair
x_6_30,x_24_43,8.0,crossing_pair
x_6_30,x_25_34,8.0,crossing_pair
x_6_30,x_25_40,8.0,crossing_pair
x_6_30,x_25_44,8.0,crossing_pair
x_6_30,x_26_30,8.0,shared_nucleotide
x_6_30,x_26_37,8.0,crossing_pair
x_6_30,x_26_38,8.0,crossing_pair
x_6_30,x_26_39,8.0,crossing_pair
x_6_30,x_26_42,8.0,crossing_pair
x_6_30,x_26_43,8.0,crossing_pair
x_6_30,x_27_37,8.0,crossing_pair
x_6_30,x_27_38,8.0,crossing_pair
x_6_30,x_27_39,8.0,crossing_pair
x_6_30,x_27_42,8.0,crossing_pair
x_6_30,x_27_43,8.0,crossing_pair
x_6_30,x_28_37,8.0,crossing_pair
x_6_30,x_28_38,8.0,crossing_pair
x_6_30,x_28_39,8.0,crossing_pair
x_6_30,x_28_42,8.0,crossing_pair
x_6_30,x_28_43,8.0,crossing_pair
x_6_30,x_29_37,8.0,crossing_pair
x_6_30,x_29_38,8.0,crossing_pair
x_6_30,x_29_39,8.0,crossing_pair
x_6_30,x_29_42,8.0,crossing_pair
x_6_30,x_29_43,8.0,crossing_pair
x_6_30,x_30_34,8.0,shared_nucleotide
x_6_30,x_30_35,8.0,shared_nucleotide
x_6_30,x_30_36,8.0,shared_nucleotide
x_6_30,x_30_40,8.0,shared_nucleotide
x_6_30,x_30_44,8.0,shared_nucleotide
x_6_37,x_6_38,8.0,shared_nucleotide
x_6_37,x_6_39,8.0,shared_nucleotide
x_6_37,x_6_42,8.0,shared_nucleotide
x_6_37,x_6_43,8.0,shared_nucleotide
x_6_37,x_7_37,8.0,shared_nucleotide
x_6_37,x_7_38,8.0,crossing_pair
x_6_37,x_7_39,8.0,crossing_pair
x_6_37,x_7_42,8.0,crossing_pair
x_6_37,x_7_43,8.0,crossing_pair
x_6_37,x_8_37,8.0,shared_nucleotide
x_6_37,x_8_38,8.0,crossing_pair
x_6_37,x_8_39,8.0,crossing_pair
x_6_37,x_8_42,8.0,crossing_pair
x_6_37,x_8_43,8.0,crossing_pair
x_6_37,x_9_37,8.0,shared_nucleotide
x_6_37,x_9_38,8.0,crossing_pair
x_6_37,x_9_39,8.0,crossing_pair
x_6_37,x_9_42,8.0,crossing_pair
x_6_37,x_9_43,8.0,crossing_pair
x_6_37,x_10_40,8.0,crossing_pair
x_6_37,x_10_44,8.0,crossing_pair
x_6_37,x_11_40,8.0,crossing_pair
x_6_37,x_11_44,8.0,crossing_pair
x_6_37,x_12_40,8.0,crossing_pair
x_6_37,x_12_44,8.0,crossing_pair
x_6_37,x_13_37,8.0,shared_nucleotide
x_6_37,x_13_38,8.0,crossing_pair
x_6_37,x_13_39,8.0,crossing_pair
x_6_37,x_13_41,8.0,crossing_pair
x_6_37,x_13_42,8.0,crossing_pair
x_6_37,x_13_43,8.0,crossing_pair
x_6_37,x_14_40,8.0,crossing_pair
x_6_37,x_14_44,8.0,crossing_pair
x_6_37,x_15_40,8.0,crossing_pair
x_6_37,x_15_44,8.0,crossing_pair
x_6_37,x_16_37,8.0,shared_nucleotide
x_6_37,x_16_38,8.0,crossing_pair
x_6_37,x_16_39,8.0,crossing_pair
x_6_37,x_16_41,8.0,crossing_pair
x_6_37,x_16_42,8.0,crossing_pair
x_6_37,x_16_43,8.0,crossing_pair
x_6_37,x_17_37,8.0,shared_nucleotide
x_6_37,x_17_38,8.0,crossing_pair
x_6_37,x_17_39,8.0,crossing_pair
x_6_37,x_17_42,8.0,crossing_pair
x_6_37,x_17_43,8.0,crossing_pair
x_6_37,x_18_40,8.0,crossing_pair
x_6_37,x_18_44,8.0,crossing_pair
x_6_37,x_19_40,8.0,crossing_pair
x_6_37,x_19_44,8.0,crossing_pair
x_6_37,x_20_37,8.0,shared_nucleotide
x_6_37,x_20_38,8.0,crossing_pair
x_6_37,x_20_39,8.0,crossing_pair
x_6_37,x_20_41,8.0,crossing_pair
x_6_37,x_20_42,8.0,crossing_pair
x_6_37,x_20_43,8.0,crossing_pair
x_6_37,x_21_37,8.0,shared_nucleotide
x_6_37,x_21_38,8.0,crossing_pair
x_6_37,x_21_39,8.0,crossing_pair
x_6_37,x_21_42,8.0,crossing_pair
x_6_37,x_21_43,8.0,crossing_pair
x_6_37,x_22_37,8.0,shared_nucleotide
x_6_37,x_22_38,8.0,crossing_pair
x_6_37,x_22_39,8.0,crossing_pair
x_6_37,x_22_41,8.0,crossing_pair
x_6_37,x_22_42,8.0,crossing_pair
x_6_37,x_22_43,8.0,crossing_pair
x_6_37,x_23_37,8.0,shared_nucleotide
x_6_37,x_23_38,8.0,crossing_pair
x_6_37,x_23_39,8.0,crossing_pair
x_6_37,x_23_42,8.0,crossing_pair
x_6_37,x_23_43,8.0,crossing_pair
x_6_37,x_24_37,8.0,shared_nucleotide
x_6_37,x_24_38,8.0,crossing_pair
x_6_37,x_24_39,8.0,crossing_pair
x_6_37,x_24_42,8.0,crossing_pair
x_6_37,x_24_43,8.0,crossing_pair
x_6_37,x_25_40,8.0,crossing_pair
x_6_37,x_25_44,8.0,crossing_pair
x_6_37,x_26_37,8.0,shared_nucleotide
x_6_37,x_26_38,8.0,crossing_pair
x_6_37,x_26_39,8.0,crossing_pair
x_6_37,x_26_42,8.0,crossing_pair
x_6_37,x_26_43,8.0,crossing_pair
x_6_37,x_27_37,8.0,shared_nucleotide
x_6_37,x_27_38,8.0,crossing_pair
x_6_37,x_27_39,8.0,crossing_pair
x_6_37,x_27_42,8.0,crossing_pair
x_6_37,x_27_43,8.0,crossing_pair
x_6_37,x_28_37,8.0,shared_nucleotide
x_6_37,x_28_38,8.0,crossing_pair
x_6_37,x_28_39,8.0,crossing_pair
x_6_37,x_28_42,8.0,crossing_pair
x_6_37,x_28_43,8.0,crossing_pair
x_6_37,x_29_37,8.0,shared_nucleotide
x_6_37,x_29_38,8.0,crossing_pair
x_6_37,x_29_39,8.0,crossing_pair
x_6_37,x_29_42,8.0,crossing_pair
x_6_37,x_29_43,8.0,crossing_pair
x_6_37,x_30_40,8.0,crossing_pair
x_6_37,x_30_44,8.0,crossing_pair
x_6_37,x_31_37,8.0,shared_nucleotide
x_6_37,x_31_38,8.0,crossing_pair
x_6_37,x_31_39,8.0,crossing_pair
x_6_37,x_31_42,8.0,crossing_pair
x_6_37,x_31_43,8.0,crossing_pair
x_6_37,x_32_40,8.0,crossing_pair
x_6_37,x_32_44,8.0,crossing_pair
x_6_37,x_33_37,8.0,shared_nucleotide
x_6_37,x_33_38,8.0,crossing_pair
x_6_37,x_33_39,8.0,crossing_pair
x_6_37,x_33_42,8.0,crossing_pair
x_6_37,x_33_43,8.0,crossing_pair
x_6_37,x_34_38,8.0,crossing_pair
x_6_37,x_34_39,8.0,crossing_pair
x_6_37,x_34_41,8.0,crossing_pair
x_6_37,x_34_42,8.0,crossing_pair
x_6_37,x_34_43,8.0,crossing_pair
x_6_37,x_35_39,8.0,crossing_pair
x_6_37,x_35_42,8.0,crossing_pair
x_6_37,x_35_43,8.0,crossing_pair
x_6_37,x_36_42,8.0,crossing_pair
x_6_37,x_36_43,8.0,crossing_pair
x_6_37,x_37_44,8.0,shared_nucleotide
x_6_38,x_6_39,8.0,shared_nucleotide
x_6_38,x_6_42,8.0,shared_nucleotide
x_6_38,x_6_43,8.0,shared_nucleotide
x_6_38,x_7_38,8.0,shared_nucleotide
x_6_38,x_7_39,8.0,crossing_pair
x_6_38,x_7_42,8.0,crossing_pair
x_6_38,x_7_43,8.0,crossing_pair
x_6_38,x_8_38,8.0,shared_nucleotide
x_6_38,x_8_39,8.0,crossing_pair
x_6_38,x_8_42,8.0,crossing_pair
x_6_38,x_8_43,8.0,crossing_pair
x_6_38,x_9_38,8.0,shared_nucleotide
x_6_38,x_9_39,8.0,crossing_pair
x_6_38,x_9_42,8.0,crossing_pair
x_6_38,x_9_43,8.0,crossing_pair
x_6_38,x_10_40,8.0,crossing_pair
x_6_38,x_10_44,8.0,crossing_pair
x_6_38,x_11_40,8.0,crossing_pair
x_6_38,x_11_44,8.0,crossing_pair
x_6_38,x_12_40,8.0,crossing_pair
x_6_38,x_12_44,8.0,crossing_pair
x_6_38,x_13_38,8.0,shared_nucleotide
x_6_38,x_13_39,8.0,crossing_pair
x_6_38,x_13_41,8.0,crossing_pair
x_6_38,x_13_42,8.0,crossing_pair
x_6_38,x_13_43,8.0,crossing_pair
x_6_38,x_14_40,8.0,crossing_pair
x_6_38,x_14_44,8.0,crossing_pair
x_6_38,x_15_40,8.0,crossing_pair
x_6_38,x_15_44,8.0,crossing_pair
x_6_38,x_16_38,8.0,shared_nucleotide
x_6_38,x_16_39,8.0,crossing_pair
x_6_38,x_16_41,8.0,crossing_pair
x_6_38,x_16_42,8.0,crossing_pair
x_6_38,x_16_43,8.0,crossing_pair
x_6_38,x_17_38,8.0,shared_nucleotide
x_6_38,x_17_39,8.0,crossing_pair
x_6_38,x_17_42,8.0,crossing_pair
x_6_38,x_17_43,8.0,crossing_pair
x_6_38,x_18_40,8.0,crossing_pair
x_6_38,x_18_44,8.0,crossing_pair
x_6_38,x_19_40,8.0,crossing_pair
x_6_38,x_19_44,8.0,crossing_pair
x_6_38,x_20_38,8.0,shared_nucleotide
x_6_38,x_20_39,8.0,crossing_pair
x_6_38,x_20_41,8.0,crossing_pair
x_6_38,x_20_42,8.0,crossing_pair
x_6_38,x_20_43,8.0,crossing_pair
x_6_38,x_21_38,8.0,shared_nucleotide
x_6_38,x_21_39,8.0,crossing_pair
x_6_38,x_21_42,8.0,crossing_pair
x_6_38,x_21_43,8.0,crossing_pair
x_6_38,x_22_38,8.0,shared_nucleotide
x_6_38,x_22_39,8.0,crossing_pair
x_6_38,x_22_41,8.0,crossing_pair
x_6_38,x_22_42,8.0,crossing_pair
x_6_38,x_22_43,8.0,crossing_pair
x_6_38,x_23_38,8.0,shared_nucleotide
x_6_38,x_23_39,8.0,crossing_pair
x_6_38,x_23_42,8.0,crossing_pair
x_6_38,x_23_43,8.0,crossing_pair
x_6_38,x_24_38,8.0,shared_nucleotide
x_6_38,x_24_39,8.0,crossing_pair
x_6_38,x_24_42,8.0,crossing_pair
x_6_38,x_24_43,8.0,crossing_pair
x_6_38,x_25_40,8.0,crossing_pair
x_6_38,x_25_44,8.0,crossing_pair
x_6_38,x_26_38,8.0,shared_nucleotide
x_6_38,x_26_39,8.0,crossing_pair
x_6_38,x_26_42,8.0,crossing_pair
x_6_38,x_26_43,8.0,crossing_pair
x_6_38,x_27_38,8.0,shared_nucleotide
x_6_38,x_27_39,8.0,crossing_pair
x_6_38,x_27_42,8.0,crossing_pair
x_6_38,x_27_43,8.0,crossing_pair
x_6_38,x_28_38,8.0,shared_nucleotide
x_6_38,x_28_39,8.0,crossing_pair
x_6_38,x_28_42,8.0,crossing_pair
x_6_38,x_28_43,8.0,crossing_pair
x_6_38,x_29_38,8.0,shared_nucleotide
x_6_38,x_29_39,8.0,crossing_pair
x_6_38,x_29_42,8.0,crossing_pair
x_6_38,x_29_43,8.0,crossing_pair
x_6_38,x_30_40,8.0,crossing_pair
x_6_38,x_30_44,8.0,crossing_pair
x_6_38,x_31_38,8.0,shared_nucleotide
x_6_38,x_31_39,8.0,crossing_pair
x_6_38,x_31_42,8.0,crossing_pair
x_6_38,x_31_43,8.0,crossing_pair
x_6_38,x_32_40,8.0,crossing_pair
x_6_38,x_32_44,8.0,crossing_pair
x_6_38,x_33_38,8.0,shared_nucleotide
x_6_38,x_33_39,8.0,crossing_pair
x_6_38,x_33_42,8.0,crossing_pair
x_6_38,x_33_43,8.0,crossing_pair
x_6_38,x_34_38,8.0,shared_nucleotide
x_6_38,x_34_39,8.0,crossing_pair
x_6_38,x_34_41,8.0,crossing_pair
x_6_38,x_34_42,8.0,crossing_pair
x_6_38,x_34_43,8.0,crossing_pair
x_6_38,x_35_39,8.0,crossing_pair
x_6_38,x_35_42,8.0,crossing_pair
x_6_38,x_35_43,8.0,crossing_pair
x_6_38,x_36_42,8.0,crossing_pair
x_6_38,x_36_43,8.0,crossing_pair
x_6_38,x_37_44,8.0,crossing_pair
x_6_38,x_38_44,8.0,shared_nucleotide
x_6_39,x_6_42,8.0,shared_nucleotide
x_6_39,x_6_43,8.0,shared_nucleotide
x_6_39,x_7_39,8.0,shared_nucleotide
x_6_39,x_7_42,8.0,crossing_pair
x_6_39,x_7_43,8.0,crossing_pair
x_6_39,x_8_39,8.0,shared_nucleotide
x_6_39,x_8_42,8.0,crossing_pair
x_6_39,x_8_43,8.0,crossing_pair
x_6_39,x_9_39,8.0,shared_nucleotide
x_6_39,x_9_42,8.0,crossing_pair
x_6_39,x_9_43,8.0,crossing_pair
x_6_39,x_10_40,8.0,crossing_pair
x_6_39,x_10_44,8.0,crossing_pair
x_6_39,x_11_40,8.0,crossing_pair
x_6_39,x_11_44,8.0,crossing_pair
x_6_39,x_12_40,8.0,crossing_pair
x_6_39,x_12_44,8.0,crossing_pair
x_6_39,x_13_39,8.0,shared_nucleotide
x_6_39,x_13_41,8.0,crossing_pair
x_6_39,x_13_42,8.0,crossing_pair
x_6_39,x_13_43,8.0,crossing_pair
x_6_39,x_14_40,8.0,crossing_pair
x_6_39,x_14_44,8.0,crossing_pair
x_6_39,x_15_40,8.0,crossing_pair
x_6_39,x_15_44,8.0,crossing_pair
x_6_39,x_16_39,8.0,shared_nucleotide
x_6_39,x_16_41,8.0,crossing_pair
x_6_39,x_16_42,8.0,crossing_pair
x_6_39,x_16_43,8.0,crossing_pair
x_6_39,x_17_39,8.0,shared_nucleotide
x_6_39,x_17_42,8.0,crossing_pair
x_6_39,x_17_43,8.0,crossing_pair
x_6_39,x_18_40,8.0,crossing_pair
x_6_39,x_18_44,8.0,crossing_pair
x_6_39,x_19_40,8.0,crossing_pair
x_6_39,x_19_44,8.0,crossing_pair
x_6_39,x_20_39,8.0,shared_nucleotide
x_6_39,x_20_41,8.0,crossing_pair
x_6_39,x_20_42,8.0,crossing_pair
x_6_39,x_20_43,8.0,crossing_pair
x_6_39,x_21_39,8.0,shared_nucleotide
x_6_39,x_21_42,8.0,crossing_pair
x_6_39,x_21_43,8.0,crossing_pair
x_6_39,x_22_39,8.0,shared_nucleotide
x_6_39,x_22_41,8.0,crossing_pair
x_6_39,x_22_42,8.0,crossing_pair
x_6_39,x_22_43,8.0,crossing_pair
x_6_39,x_23_39,8.0,shared_nucleotide
x_6_39,x_23_42,8.0,crossing_pair
x_6_39,x_23_43,8.0,crossing_pair
x_6_39,x_24_39,8.0,shared_nucleotide
x_6_39,x_24_42,8.0,crossing_pair
x_6_39,x_24_43,8.0,crossing_pair
x_6_39,x_25_40,8.0,crossing_pair
x_6_39,x_25_44,8.0,crossing_pair
x_6_39,x_26_39,8.0,shared_nucleotide
x_6_39,x_26_42,8.0,crossing_pair
x_6_39,x_26_43,8.0,crossing_pair
x_6_39,x_27_39,8.0,shared_nucleotide
x_6_39,x_27_42,8.0,crossing_pair
x_6_39,x_27_43,8.0,crossing_pair
x_6_39,x_28_39,8.0,shared_nucleotide
x_6_39,x_28_42,8.0,crossing_pair
x_6_39,x_28_43,8.0,crossing_pair
x_6_39,x_29_39,8.0,shared_nucleotide
x_6_39,x_29_42,8.0,crossing_pair
x_6_39,x_29_43,8.0,crossing_pair
x_6_39,x_30_40,8.0,crossing_pair
x_6_39,x_30_44,8.0,crossing_pair
x_6_39,x_31_39,8.0,shared_nucleotide
x_6_39,x_31_42,8.0,crossing_pair
x_6_39,x_31_43,8.0,crossing_pair
x_6_39,x_32_40,8.0,crossing_pair
x_6_39,x_32_44,8.0,crossing_pair
x_6_39,x_33_39,8.0,shared_nucleotide
x_6_39,x_33_42,8.0,crossing_pair
x_6_39,x_33_43,8.0,crossing_pair
x_6_39,x_34_39,8.0,shared_nucleotide
x_6_39,x_34_41,8.0,crossing_pair
x_6_39,x_34_42,8.0,crossing_pair
x_6_39,x_34_43,8.0,crossing_pair
x_6_39,x_35_39,8.0,shared_nucleotide
x_6_39,x_35_42,8.0,crossing_pair
x_6_39,x_35_43,8.0,crossing_pair
x_6_39,x_36_42,8.0,crossing_pair
x_6_39,x_36_43,8.0,crossing_pair
x_6_39,x_37_44,8.0,crossing_pair
x_6_39,x_38_44,8.0,crossing_pair
x_6_39,x_39_44,8.0,shared_nucleotide
x_6_42,x_6_43,8.0,shared_nucleotide
x_6_42,x_7_42,8.0,shared_nucleotide
x_6_42,x_7_43,8.0,crossing_pair
x_6_42,x_8_42,8.0,shared_nucleotide
x_6_42,x_8_43,8.0,crossing_pair
x_6_42,x_9_42,8.0,shared_nucleotide
x_6_42,x_9_43,8.0,crossing_pair
x_6_42,x_10_44,8.0,crossing_pair
x_6_42,x_11_44,8.0,crossing_pair
x_6_42,x_12_44,8.0,crossing_pair
x_6_42,x_13_42,8.0,shared_nucleotide
x_6_42,x_13_43,8.0,crossing_pair
x_6_42,x_14_44,8.0,crossing_pair
x_6_42,x_15_44,8.0,crossing_pair
x_6_42,x_16_42,8.0,shared_nucleotide
x_6_42,x_16_43,8.0,crossing_pair
x_6_42,x_17_42,8.0,shared_nucleotide
x_6_42,x_17_43,8.0,crossing_pair
x_6_42,x_18_44,8.0,crossing_pair
x_6_42,x_19_44,8.0,crossing_pair
x_6_42,x_20_42,8.0,shared_nucleotide
x_6_42,x_20_43,8.0,crossing_pair
x_6_42,x_21_42,8.0,shared_nucleotide
x_6_42,x_21_43,8.0,crossing_pair
x_6_42,x_22_42,8.0,shared_nucleotide
x_6_42,x_22_43,8.0,crossing_pair
x_6_42,x_23_42,8.0,shared_nucleotide
x_6_42,x_23_43,8.0,crossing_pair
x_6_42,x_24_42,8.0,shared_nucleotide
x_6_42,x_24_43,8.0,crossing_pair
x_6_42,x_25_44,8.0,crossing_pair
x_6_42,x_26_42,8.0,shared_nucleotide
x_6_42,x_26_43,8.0,crossing_pair
x_6_42,x_27_42,8.0,shared_nucleotide
x_6_42,x_27_43,8.0,crossing_pair
x_6_42,x_28_42,8.0,shared_nucleotide
x_6_42,x_28_43,8.0,crossing_pair
x_6_42,x_29_42,8.0,shared_nucleotide
x_6_42,x_29_43,8.0,crossing_pair
x_6_42,x_30_44,8.0,crossing_pair
x_6_42,x_31_42,8.0,shared_nucleotide
x_6_42,x_31_43,8.0,crossing_pair
x_6_42,x_32_44,8.0,crossing_pair
x_6_42,x_33_42,8.0,shared_nucleotide
x_6_42,x_33_43,8.0,crossing_pair
x_6_42,x_34_42,8.0,shared_nucleotide
x_6_42,x_34_43,8.0,crossing_pair
x_6_42,x_35_42,8.0,shared_nucleotide
x_6_42,x_35_43,8.0,crossing_pair
x_6_42,x_36_42,8.0,shared_nucleotide
x_6_42,x_36_43,8.0,crossing_pair
x_6_42,x_37_44,8.0,crossing_pair
x_6_42,x_38_44,8.0,crossing_pair
x_6_42,x_39_44,8.0,crossing_pair
x_6_43,x_7_43,8.0,shared_nucleotide
x_6_43,x_8_43,8.0,shared_nucleotide
x_6_43,x_9_43,8.0,shared_nucleotide
x_6_43,x_10_44,8.0,crossing_pair
x_6_43,x_11_44,8.0,crossing_pair
x_6_43,x_12_44,8.0,crossing_pair
x_6_43,x_13_43,8.0,shared_nucleotide
x_6_43,x_14_44,8.0,crossing_pair
x_6_43,x_15_44,8.0,crossing_pair
x_6_43,x_16_43,8.0,shared_nucleotide
x_6_43,x_17_43,8.0,shared_nucleotide
x_6_43,x_18_44,8.0,crossing_pair
x_6_43,x_19_44,8.0,crossing_pair
x_6_43,x_20_43,8.0,shared_nucleotide
x_6_43,x_21_43,8.0,shared_nucleotide
x_6_43,x_22_43,8.0,shared_nucleotide
x_6_43,x_23_43,8.0,shared_nucleotide
x_6_43,x_24_43,8.0,shared_nucleotide
x_6_43,x_25_44,8.0,crossing_pair
x_6_43,x_26_43,8.0,shared_nucleotide
x_6_43,x_27_43,8.0,shared_nucleotide
x_6_43,x_28_43,8.0,shared_nucleotide
x_6_43,x_29_43,8.0,shared_nucleotide
x_6_43,x_30_44,8.0,crossing_pair
x_6_43,x_31_43,8.0,shared_nucleotide
x_6_43,x_32_44,8.0,crossing_pair
x_6_43,x_33_43,8.0,shared_nucleotide
x_6_43,x_34_43,8.0,shared_nucleotide
x_6_43,x_35_43,8.0,shared_nucleotide
x_6_43,x_36_43,8.0,shared_nucleotide
x_6_43,x_37_44,8.0,crossing_pair
x_6_43,x_38_44,8.0,crossing_pair
x_6_43,x_39_44,8.0,crossing_pair
x_7_11,x_7_12,8.0,shared_nucleotide
x_7_11,x_7_14,8.0,shared_nucleotide
x_7_11,x_7_18,8.0,shared_nucleotide
x_7_11,x_7_19,8.0,shared_nucleotide
x_7_11,x_7_30,8.0,shared_nucleotide
x_7_11,x_7_37,8.0,shared_nucleotide
x_7_11,x_7_38,8.0,shared_nucleotide
x_7_11,x_7_39,8.0,shared_nucleotide
x_7_11,x_7_42,8.0,shared_nucleotide
x_7_11,x_7_43,8.0,shared_nucleotide
x_7_11,x_8_12,8.0,crossing_pair
x_7_11,x_8_14,8.0,crossing_pair
x_7_11,x_8_18,8.0,crossing_pair
x_7_11,x_8_19,8.0,crossing_pair
x_7_11,x_8_30,8.0,crossing_pair
x_7_11,x_8_37,8.0,crossing_pair
x_7_11,x_8_38,8.0,crossing_pair
x_7_11,x_8_39,8.0,crossing_pair
x_7_11,x_8_42,8.0,crossing_pair
x_7_11,x_8_43,8.0,crossing_pair
x_7_11,x_9_14,8.0,crossing_pair
x_7_11,x_9_18,8.0,crossing_pair
x_7_11,x_9_19,8.0,crossing_pair
x_7_11,x_9_30,8.0,crossing_pair
x_7_11,x_9_37,8.0,crossing_pair
x_7_11,x_9_38,8.0,crossing_pair
x_7_11,x_9_39,8.0,crossing_pair
x_7_11,x_9_42,8.0,crossing_pair
x_7_11,x_9_43,8.0,crossing_pair
x_7_11,x_10_16,8.0,crossing_pair
x_7_11,x_10_20,8.0,crossing_pair
x_7_11,x_10_22,8.0,crossing_pair
x_7_11,x_10_34,8.0,crossing_pair
x_7_11,x_10_40,8.0,crossing_pair
x_7_11,x_10_44,8.0,crossing_pair
x_7_11,x_11_16,8.0,shared_nucleotide
x_7_11,x_11_17,8.0,shared_nucleotide
x_7_11,x_11_20,8.0,shared_nucleotide
x_7_11,x_11_21,8.0,shared_nucleotide
x_7_11,x_11_22,8.0,shared_nucleotide
x_7_11,x_11_23,8.0,shared_nucleotide
x_7_11,x_11_24,8.0,shared_nucleotide
x_7_11,x_11_26,8.0,shared_nucleotide
x_7_11,x_11_27,8.0,shared_nucleotide
x_7_11,x_11_28,8.0,shared_nucleotide
x_7_11,x_11_29,8.0,shared_nucleotide
x_7_11,x_11_31,8.0,shared_nucleotide
x_7_11,x_11_33,8.0,shared_nucleotide
x_7_11,x_11_34,8.0,shared_nucleotide
x_7_11,x_11_35,8.0,shared_nucleotide
x_7_11,x_11_36,8.0,shared_nucleotide
x_7_11,x_11_40,8.0,shared_nucleotide
x_7_11,x_11_44,8.0,shared_nucleotide
x_7_12,x_7_14,8.0,shared_nucleotide
x_7_12,x_7_18,8.0,shared_nucleotide
x_7_12,x_7_19,8.0,shared_nucleotide
x_7_12,x_7_30,8.0,shared_nucleotide
x_7_12,x_7_37,8.0,shared_nucleotide
x_7_12,x_7_38,8.0,shared_nucleotide
x_7_12,x_7_39,8.0,shared_nucleotide
x_7_12,x_7_42,8.0,shared_nucleotide
x_7_12,x_7_43,8.0,shared_nucleotide
x_7_12,x_8_12,8.0,shared_nucleotide
x_7_12,x_8_14,8.0,crossing_pair
x_7_12,x_8_18,8.0,crossing_pair
x_7_12,x_8_19,8.0,crossing_pair
x_7_12,x_8_30,8.0,crossing_pair
x_7_12,x_8_37,8.0,crossing_pair
x_7_12,x_8_38,8.0,crossing_pair
x_7_12,x_8_39,8.0,crossing_pair
x_7_12,x_8_42,8.0,crossing_pair
x_7_12,x_8_43,8.0,crossing_pair
x_7_12,x_9_14,8.0,crossing_pair
x_7_12,x_9_18,8.0,crossing_pair
x_7_12,x_9_19,8.0,crossing_pair
x_7_12,x_9_30,8.0,crossing_pair
x_7_12,x_9_37,8.0,crossing_pair
x_7_12,x_9_38,8.0,crossing_pair
x_7_12,x_9_39,8.0,crossing_pair
x_7_12,x_9_42,8.0,crossing_pair
x_7_12,x_9_43,8.0,crossing_pair
x_7_12,x_10_16,8.0,crossing_pair
x_7_12,x_10_20,8.0,crossing_pair
x_7_12,x_10_22,8.0,crossing_pair
x_7_12,x_10_34,8.0,crossing_pair
x_7_12,x_10_40,8.0,crossing_pair
x_7_12,x_10_44,8.0,crossing_pair
x_7_12,x_11_16,8.0,crossing_pair
x_7_12,x_11_17,8.0,crossing_pair
x_7_12,x_11_20,8.0,crossing_pair
x_7_12,x_11_21,8.0,crossing_pair
x_7_12,x_11_22,8.0,crossing_pair
x_7_12,x_11_23,8.0,crossing_pair
x_7_12,x_11_24,8.0,crossing_pair
x_7_12,x_11_26,8.0,crossing_pair
x_7_12,x_11_27,8.0,crossing_pair
x_7_12,x_11_28,8.0,crossing_pair
x_7_12,x_11_29,8.0,crossing_pair
x_7_12,x_11_31,8.0,crossing_pair
x_7_12,x_11_33,8.0,crossing_pair
x_7_12,x_11_34,8.0,crossing_pair
x_7_12,x_11_35,8.0,crossing_pair
x_7_12,x_11_36,8.0,crossing_pair
x_7_12,x_11_40,8.0,crossing_pair
x_7_12,x_11_44,8.0,crossing_pair
x_7_12,x_12_16,8.0,shared_nucleotide
x_7_12,x_12_17,8.0,shared_nucleotide
x_7_12,x_12_20,8.0,shared_nucleotide
x_7_12,x_12_21,8.0,shared_nucleotide
x_7_12,x_12_22,8.0,shared_nucleotide
x_7_12,x_12_23,8.0,shared_nucleotide
x_7_12,x_12_24,8.0,shared_nucleotide
x_7_12,x_12_26,8.0,shared_nucleotide
x_7_12,x_12_27,8.0,shared_nucleotide
x_7_12,x_12_28,8.0,shared_nucleotide
x_7_12,x_12_29,8.0,shared_nucleotide
x_7_12,x_12_31,8.0,shared_nucleotide
x_7_12,x_12_33,8.0,shared_nucleotide
x_7_12,x_12_34,8.0,shared_nucleotide
x_7_12,x_12_35,8.0,shared_nucleotide
x_7_12,x_12_36,8.0,shared_nucleotide
x_7_12,x_12_40,8.0,shared_nucleotide
x_7_12,x_12_44,8.0,shared_nucleotide
x_7_14,x_7_18,8.0,shared_nucleotide
x_7_14,x_7_19,8.0,shared_nucleotide
x_7_14,x_7_30,8.0,shared_nucleotide
x_7_14,x_7_37,8.0,shared_nucleotide
x_7_14,x_7_38,8.0,shared_nucleotide
x_7_14,x_7_39,8.0,shared_nucleotide
x_7_14,x_7_42,8.0,shared_nucleotide
x_7_14,x_7_43,8.0,shared_nucleotide
x_7_14,x_8_14,8.0,shared_nucleotide
x_7_14,x_8_18,8.0,crossing_pair
x_7_14,x_8_19,8.0,crossing_pair
x_7_14,x_8_30,8.0,crossing_pair
x_7_14,x_8_37,8.0,crossing_pair
x_7_14,x_8_38,8.0,crossing_pair
x_7_14,x_8_39,8.0,crossing_pair
x_7_14,x_8_42,8.0,crossing_pair
x_7_14,x_8_43,8.0,crossing_pair
x_7_14,x_9_14,8.0,shared_nucleotide
x_7_14,x_9_18,8.0,crossing_pair
x_7_14,x_9_19,8.0,crossing_pair
x_7_14,x_9_30,8.0,crossing_pair
x_7_14,x_9_37,8.0,crossing_pair
x_7_14,x_9_38,8.0,crossing_pair
x_7_14,x_9_39,8.0,crossing_pair
x_7_14,x_9_42,8.0,crossing_pair
x_7_14,x_9_43,8.0,crossing_pair
x_7_14,x_10_16,8.0,crossing_pair
x_7_14,x_10_20,8.0,crossing_pair
x_7_14,x_10_22,8.0,crossing_pair
x_7_14,x_10_34,8.0,crossing_pair
x_7_14,x_10_40,8.0,crossing_pair
x_7_14,x_10_44,8.0,crossing_pair
x_7_14,x_11_16,8.0,crossing_pair
x_7_14,x_11_17,8.0,crossing_pair
x_7_14,x_11_20,8.0,crossing_pair
x_7_14,x_11_21,8.0,crossing_pair
x_7_14,x_11_22,8.0,crossing_pair
x_7_14,x_11_23,8.0,crossing_pair
x_7_14,x_11_24,8.0,crossing_pair
x_7_14,x_11_26,8.0,crossing_pair
x_7_14,x_11_27,8.0,crossing_pair
x_7_14,x_11_28,8.0,crossing_pair
x_7_14,x_11_29,8.0,crossing_pair
x_7_14,x_11_31,8.0,crossing_pair
x_7_14,x_11_33,8.0,crossing_pair
x_7_14,x_11_34,8.0,crossing_pair
x_7_14,x_11_35,8.0,crossing_pair
x_7_14,x_11_36,8.0,crossing_pair
x_7_14,x_11_40,8.0,crossing_pair
x_7_14,x_11_44,8.0,crossing_pair
x_7_14,x_12_16,8.0,crossing_pair
x_7_14,x_12_17,8.0,crossing_pair
x_7_14,x_12_20,8.0,crossing_pair
x_7_14,x_12_21,8.0,crossing_pair
x_7_14,x_12_22,8.0,crossing_pair
x_7_14,x_12_23,8.0,crossing_pair
x_7_14,x_12_24,8.0,crossing_pair
x_7_14,x_12_26,8.0,crossing_pair
x_7_14,x_12_27,8.0,crossing_pair
x_7_14,x_12_28,8.0,crossing_pair
x_7_14,x_12_29,8.0,crossing_pair
x_7_14,x_12_31,8.0,crossing_pair
x_7_14,x_12_33,8.0,crossing_pair
x_7_14,x_12_34,8.0,crossing_pair
x_7_14,x_12_35,8.0,crossing_pair
x_7_14,x_12_36,8.0,crossing_pair
x_7_14,x_12_40,8.0,crossing_pair
x_7_14,x_12_44,8.0,crossing_pair
x_7_14,x_13_18,8.0,crossing_pair
x_7_14,x_13_19,8.0,crossing_pair
x_7_14,x_13_25,8.0,crossing_pair
x_7_14,x_13_30,8.0,crossing_pair
x_7_14,x_13_32,8.0,crossing_pair
x_7_14,x_13_37,8.0,crossing_pair
x_7_14,x_13_38,8.0,crossing_pair
x_7_14,x_13_39,8.0,crossing_pair
x_7_14,x_13_41,8.0,crossing_pair
x_7_14,x_13_42,8.0,crossing_pair
x_7_14,x_13_43,8.0,crossing_pair
x_7_14,x_14_20,8.0,shared_nucleotide
x_7_14,x_14_21,8.0,shared_nucleotide
x_7_14,x_14_22,8.0,shared_nucleotide
x_7_14,x_14_23,8.0,shared_nucleotide
x_7_14,x_14_24,8.0,shared_nucleotide
x_7_14,x_14_26,8.0,shared_nucleotide
x_7_14,x_14_27,8.0,shared_nucleotide
x_7_14,x_14_28,8.0,shared_nucleotide
x_7_14,x_14_29,8.0,shared_nucleotide
x_7_14,x_14_31,8.0,shared_nucleotide
x_7_14,x_14_33,8.0,shared_nucleotide
x_7_14,x_14_34,8.0,shared_nucleotide
x_7_14,x_14_35,8.0,shared_nucleotide
x_7_14,x_14_36,8.0,shared_nucleotide
x_7_14,x_14_40,8.0,shared_nucleotide
x_7_14,x_14_44,8.0,shared_nucleotide
x_7_18,x_7_19,8.0,shared_nucleotide
x_7_18,x_7_30,8.0,shared_nucleotide
x_7_18,x_7_37,8.0,shared_nucleotide
x_7_18,x_7_38,8.0,shared_nucleotide
x_7_18,x_7_39,8.0,shared_nucleotide
x_7_18,x_7_42,8.0,shared_nucleotide
x_7_18,x_7_43,8.0,shared_nucleotide
x_7_18,x_8_18,8.0,shared_nucleotide
x_7_18,x_8_19,8.0,crossing_pair
x_7_18,x_8_30,8.0,crossing_pair
x_7_18,x_8_37,8.0,crossing_pair
x_7_18,x_8_38,8.0,crossing_pair
x_7_18,x_8_39,8.0,crossing_pair
x_7_18,x_8_42,8.0,crossing_pair
x_7_18,x_8_43,8.0,crossing_pair
x_7_18,x_9_18,8.0,shared_nucleotide
x_7_18,x_9_19,8.0,crossing_pair
x_7_18,x_9_30,8.0,crossing_pair
x_7_18,x_9_37,8.0,crossing_pair
x_7_18,x_9_38,8.0,crossing_pair
x_7_18,x_9_39,8.0,crossing_pair
x_7_18,x_9_42,8.0,crossing_pair
x_7_18,x_9_43,8.0,crossing_pair
x_7_18,x_10_20,8.0,crossing_pair
x_7_18,x_10_22,8.0,crossing_pair
x_7_18,x_10_34,8.0,crossing_pair
x_7_18,x_10_40,8.0,crossing_pair
x_7_18,x_10_44,8.0,crossing_pair
x_7_18,x_11_20,8.0,crossing_pair
x_7_18,x_11_21,8.0,crossing_pair
x_7_18,x_11_22,8.0,crossing_pair
x_7_18,x_11_23,8.0,crossing_pair
x_7_18,x_11_24,8.0,crossing_pair
x_7_18,x_11_26,8.0,crossing_pair
x_7_18,x_11_27,8.0,crossing_pair
x_7_18,x_11_28,8.0,crossing_pair
x_7_18,x_11_29,8.0,crossing_pair
x_7_18,x_11_31,8.0,crossing_pair
x_7_18,x_11_33,8.0,crossing_pair
x_7_18,x_11_34,8.0,crossing_pair
x_7_18,x_11_35,8.0,crossing_pair
x_7_18,x_11_36,8.0,crossing_pair
x_7_18,x_11_40,8.0,crossing_pair
x_7_18,x_11_44,8.0,crossing_pair
x_7_18,x_12_20,8.0,crossing_pair
x_7_18,x_12_21,8.0,crossing_pair
x_7_18,x_12_22,8.0,crossing_pair
x_7_18,x_12_23,8.0,crossing_pair
x_7_18,x_12_24,8.0,crossing_pair
x_7_18,x_12_26,8.0,crossing_pair
x_7_18,x_12_27,8.0,crossing_pair
x_7_18,x_12_28,8.0,crossing_pair
x_7_18,x_12_29,8.0,crossing_pair
x_7_18,x_12_31,8.0,crossing_pair
x_7_18,x_12_33,8.0,crossing_pair
x_7_18,x_12_34,8.0,crossing_pair
x_7_18,x_12_35,8.0,crossing_pair
x_7_18,x_12_36,8.0,crossing_pair
x_7_18,x_12_40,8.0,crossing_pair
x_7_18,x_12_44,8.0,crossing_pair
x_7_18,x_13_18,8.0,shared_nucleotide
x_7_18,x_13_19,8.0,crossing_pair
x_7_18,x_13_25,8.0,crossing_pair
x_7_18,x_13_30,8.0,crossing_pair
x_7_18,x_13_32,8.0,crossing_pair
x_7_18,x_13_37,8.0,crossing_pair
x_7_18,x_13_38,8.0,crossing_pair
x_7_18,x_13_39,8.0,crossing_pair
x_7_18,x_13_41,8.0,crossing_pair
x_7_18,x_13_42,8.0,crossing_pair
x_7_18,x_13_43,8.0,crossing_pair
x_7_18,x_14_20,8.0,crossing_pair
x_7_18,x_14_21,8.0,crossing_pair
x_7_18,x_14_22,8.0,crossing_pair
x_7_18,x_14_23,8.0,crossing_pair
x_7_18,x_14_24,8.0,crossing_pair
x_7_18,x_14_26,8.0,crossing_pair
x_7_18,x_14_27,8.0,crossing_pair
x_7_18,x_14_28,8.0,crossing_pair
x_7_18,x_14_29,8.0,crossing_pair
x_7_18,x_14_31,8.0,crossing_pair
x_7_18,x_14_33,8.0,crossing_pair
x_7_18,x_14_34,8.0,crossing_pair
x_7_18,x_14_35,8.0,crossing_pair
x_7_18,x_14_36,8.0,crossing_pair
x_7_18,x_14_40,8.0,crossing_pair
x_7_18,x_14_44,8.0,crossing_pair
x_7_18,x_15_20,8.0,crossing_pair
x_7_18,x_15_22,8.0,crossing_pair
x_7_18,x_15_34,8.0,crossing_pair
x_7_18,x_15_40,8.0,crossing_pair
x_7_18,x_15_44,8.0,crossing_pair
x_7_18,x_16_25,8.0,crossing_pair
x_7_18,x_16_30,8.0,crossing_pair
x_7_18,x_16_32,8.0,crossing_pair
x_7_18,x_16_37,8.0,crossing_pair
x_7_18,x_16_38,8.0,crossing_pair
x_7_18,x_16_39,8.0,crossing_pair
x_7_18,x_16_41,8.0,crossing_pair
x_7_18,x_16_42,8.0,crossing_pair
x_7_18,x_16_43,8.0,crossing_pair
x_7_18,x_17_30,8.0,crossing_pair
x_7_18,x_17_37,8.0,crossing_pair
x_7_18,x_17_38,8.0,crossing_pair
x_7_18,x_17_39,8.0,crossing_pair
x_7_18,x_17_42,8.0,crossing_pair
x_7_18,x_17_43,8.0,crossing_pair
x_7_18,x_18_22,8.0,shared_nucleotide
x_7_18,x_18_23,8.0,shared_nucleotide
x_7_18,x_18_24,8.0,shared_nucleotide
x_7_18,x_18_26,8.0,shared_nucleotide
x_7_18,x_18_27,8.0,shared_nucleotide
x_7_18,x_18_28,8.0,shared_nucleotide
x_7_18,x_18_29,8.0,shared_nucleotide
x_7_18,x_18_31,8.0,shared_nucleotide
x_7_18,x_18_33,8.0,shared_nucleotide
x_7_18,x_18_34,8.0,shared_nucleotide
x_7_18,x_18_35,8.0,shared_nucleotide
x_7_18,x_18_36,8.0,shared_nucleotide
x_7_18,x_18_40,8.0,shared_nucleotide
x_7_18,x_18_44,8.0,shared_nucleotide
x_7_19,x_7_30,8.0,shared_nucleotide
x_7_19,x_7_37,8.0,shared_nucleotide
x_7_19,x_7_38,8.0,shared_nucleotide
x_7_19,x_7_39,8.0,shared_nucleotide
x_7_19,x_7_42,8.0,shared_nucleotide
x_7_19,x_7_43,8.0,shared_nucleotide
x_7_19,x_8_19,8.0,shared_nucleotide
x_7_19,x_8_30,8.0,crossing_pair
x_7_19,x_8_37,8.0,crossing_pair
x_7_19,x_8_38,8.0,crossing_pair
x_7_19,x_8_39,8.0,crossing_pair
x_7_19,x_8_42,8.0,crossing_pair
x_7_19,x_8_43,8.0,crossing_pair
x_7_19,x_9_19,8.0,shared_nucleotide
x_7_19,x_9_30,8.0,crossing_pair
x_7_19,x_9_37,8.0,crossing_pair
x_7_19,x_9_38,8.0,crossing_pair
x_7_19,x_9_39,8.0,crossing_pair
x_7_19,x_9_42,8.0,crossing_pair
x_7_19,x_9_43,8.0,crossing_pair
x_7_19,x_10_20,8.0,crossing_pair
x_7_19,x_10_22,8.0,crossing_pair
x_7_19,x_10_34,8.0,crossing_pair
x_7_19,x_10_40,8.0,crossing_pair
x_7_19,x_10_44,8.0,crossing_pair
x_7_19,x_11_20,8.0,crossing_pair
x_7_19,x_11_21,8.0,crossing_pair
x_7_19,x_11_22,8.0,crossing_pair
x_7_19,x_11_23,8.0,crossing_pair
x_7_19,x_11_24,8.0,crossing_pair
x_7_19,x_11_26,8.0,crossing_pair
x_7_19,x_11_27,8.0,crossing_pair
x_7_19,x_11_28,8.0,crossing_pair
x_7_19,x_11_29,8.0,crossing_pair
x_7_19,x_11_31,8.0,crossing_pair
x_7_19,x_11_33,8.0,crossing_pair
x_7_19,x_11_34,8.0,crossing_pair
x_7_19,x_11_35,8.0,crossing_pair
x_7_19,x_11_36,8.0,crossing_pair
x_7_19,x_11_40,8.0,crossing_pair
x_7_19,x_11_44,8.0,crossing_pair
x_7_19,x_12_20,8.0,crossing_pair
x_7_19,x_12_21,8.0,crossing_pair
x_7_19,x_12_22,8.0,crossing_pair
x_7_19,x_12_23,8.0,crossing_pair
x_7_19,x_12_24,8.0,crossing_pair
x_7_19,x_12_26,8.0,crossing_pair
x_7_19,x_12_27,8.0,crossing_pair
x_7_19,x_12_28,8.0,crossing_pair
x_7_19,x_12_29,8.0,crossing_pair
x_7_19,x_12_31,8.0,crossing_pair
x_7_19,x_12_33,8.0,crossing_pair
x_7_19,x_12_34,8.0,crossing_pair
x_7_19,x_12_35,8.0,crossing_pair
x_7_19,x_12_36,8.0,crossing_pair
x_7_19,x_12_40,8.0,crossing_pair
x_7_19,x_12_44,8.0,crossing_pair
x_7_19,x_13_19,8.0,shared_nucleotide
x_7_19,x_13_25,8.0,crossing_pair
x_7_19,x_13_30,8.0,crossing_pair
x_7_19,x_13_32,8.0,crossing_pair
x_7_19,x_13_37,8.0,crossing_pair
x_7_19,x_13_38,8.0,crossing_pair
x_7_19,x_13_39,8.0,crossing_pair
x_7_19,x_13_41,8.0,crossing_pair
x_7_19,x_13_42,8.0,crossing_pair
x_7_19,x_13_43,8.0,crossing_pair
x_7_19,x_14_20,8.0,crossing_pair
x_7_19,x_14_21,8.0,crossing_pair
x_7_19,x_14_22,8.0,crossing_pair
x_7_19,x_14_23,8.0,crossing_pair
x_7_19,x_14_24,8.0,crossing_pair
x_7_19,x_14_26,8.0,crossing_pair
x_7_19,x_14_27,8.0,crossing_pair
x_7_19,x_14_28,8.0,crossing_pair
x_7_19,x_14_29,8.0,crossing_pair
x_7_19,x_14_31,8.0,crossing_pair
x_7_19,x_14_33,8.0,crossing_pair
x_7_19,x_14_34,8.0,crossing_pair
x_7_19,x_14_35,8.0,crossing_pair
x_7_19,x_14_36,8.0,crossing_pair
x_7_19,x_14_40,8.0,crossing_pair
x_7_19,x_14_44,8.0,crossing_pair
x_7_19,x_15_20,8.0,crossing_pair
x_7_19,x_15_22,8.0,crossing_pair
x_7_19,x_15_34,8.0,crossing_pair
x_7_19,x_15_40,8.0,crossing_pair
x_7_19,x_15_44,8.0,crossing_pair
x_7_19,x_16_25,8.0,crossing_pair
x_7_19,x_16_30,8.0,crossing_pair
x_7_19,x_16_32,8.0,crossing_pair
x_7_19,x_16_37,8.0,crossing_pair
x_7_19,x_16_38,8.0,crossing_pair
x_7_19,x_16_39,8.0,crossing_pair
x_7_19,x_16_41,8.0,crossing_pair
x_7_19,x_16_42,8.0,crossing_pair
x_7_19,x_16_43,8.0,crossing_pair
x_7_19,x_17_30,8.0,crossing_pair
x_7_19,x_17_37,8.0,crossing_pair
x_7_19,x_17_38,8.0,crossing_pair
x_7_19,x_17_39,8.0,crossing_pair
x_7_19,x_17_42,8.0,crossing_pair
x_7_19,x_17_43,8.0,crossing_pair
x_7_19,x_18_22,8.0,crossing_pair
x_7_19,x_18_23,8.0,crossing_pair
x_7_19,x_18_24,8.0,crossing_pair
x_7_19,x_18_26,8.0,crossing_pair
x_7_19,x_18_27,8.0,crossing_pair
x_7_19,x_18_28,8.0,crossing_pair
x_7_19,x_18_29,8.0,crossing_pair
x_7_19,x_18_31,8.0,crossing_pair
x_7_19,x_18_33,8.0,crossing_pair
x_7_19,x_18_34,8.0,crossing_pair
x_7_19,x_18_35,8.0,crossing_pair
x_7_19,x_18_36,8.0,crossing_pair
x_7_19,x_18_40,8.0,crossing_pair
x_7_19,x_18_44,8.0,crossing_pair
x_7_19,x_19_23,8.0,shared_nucleotide
x_7_19,x_19_24,8.0,shared_nucleotide
x_7_19,x_19_26,8.0,shared_nucleotide
x_7_19,x_19_27,8.0,shared_nucleotide
x_7_19,x_19_28,8.0,shared_nucleotide
x_7_19,x_19_29,8.0,shared_nucleotide
x_7_19,x_19_31,8.0,shared_nucleotide
x_7_19,x_19_33,8.0,shared_nucleotide
x_7_19,x_19_34,8.0,shared_nucleotide
x_7_19,x_19_35,8.0,shared_nucleotide
x_7_19,x_19_36,8.0,shared_nucleotide
x_7_19,x_19_40,8.0,shared_nucleotide
x_7_19,x_19_44,8.0,shared_nucleotide
x_7_30,x_7_37,8.0,shared_nucleotide
x_7_30,x_7_38,8.0,shared_nucleotide
x_7_30,x_7_39,8.0,shared_nucleotide
x_7_30,x_7_42,8.0,shared_nucleotide
x_7_30,x_7_43,8.0,shared_nucleotide
x_7_30,x_8_30,8.0,shared_nucleotide
x_7_30,x_8_37,8.0,crossing_pair
x_7_30,x_8_38,8.0,crossing_pair
x_7_30,x_8_39,8.0,crossing_pair
x_7_30,x_8_42,8.0,crossing_pair
x_7_30,x_8_43,8.0,crossing_pair
x_7_30,x_9_30,8.0,shared_nucleotide
x_7_30,x_9_37,8.0,crossing_pair
x_7_30,x_9_38,8.0,crossing_pair
x_7_30,x_9_39,8.0,crossing_pair
x_7_30,x_9_42,8.0,crossing_pair
x_7_30,x_9_43,8.0,crossing_pair
x_7_30,x_10_34,8.0,crossing_pair
x_7_30,x_10_40,8.0,crossing_pair
x_7_30,x_10_44,8.0,crossing_pair
x_7_30,x_11_31,8.0,crossing_pair
x_7_30,x_11_33,8.0,crossing_pair
x_7_30,x_11_34,8.0,crossing_pair
x_7_30,x_11_35,8.0,crossing_pair
x_7_30,x_11_36,8.0,crossing_pair
x_7_30,x_11_40,8.0,crossing_pair
x_7_30,x_11_44,8.0,crossing_pair
x_7_30,x_12_31,8.0,crossing_pair
x_7_30,x_12_33,8.0,crossing_pair
x_7_30,x_12_34,8.0,crossing_pair
x_7_30,x_12_35,8.0,crossing_pair
x_7_30,x_12_36,8.0,crossing_pair
x_7_30,x_12_40,8.0,crossing_pair
x_7_30,x_12_44,8.0,crossing_pair
x_7_30,x_13_30,8.0,shared_nucleotide
x_7_30,x_13_32,8.0,crossing_pair
x_7_30,x_13_37,8.0,crossing_pair
x_7_30,x_13_38,8.0,crossing_pair
x_7_30,x_13_39,8.0,crossing_pair
x_7_30,x_13_41,8.0,crossing_pair
x_7_30,x_13_42,8.0,crossing_pair
x_7_30,x_13_43,8.0,crossing_pair
x_7_30,x_14_31,8.0,crossing_pair
x_7_30,x_14_33,8.0,crossing_pair
x_7_30,x_14_34,8.0,crossing_pair
x_7_30,x_14_35,8.0,crossing_pair
x_7_30,x_14_36,8.0,crossing_pair
x_7_30,x_14_40,8.0,crossing_pair
x_7_30,x_14_44,8.0,crossing_pair
x_7_30,x_15_34,8.0,crossing_pair
x_7_30,x_15_40,8.0,crossing_pair
x_7_30,x_15_44,8.0,crossing_pair
x_7_30,x_16_30,8.0,shared_nucleotide
x_7_30,x_16_32,8.0,crossing_pair
x_7_30,x_16_37,8.0,crossing_pair
x_7_30,x_16_38,8.0,crossing_pair
x_7_30,x_16_39,8.0,crossing_pair
x_7_30,x_16_41,8.0,crossing_pair
x_7_30,x_16_42,8.0,crossing_pair
x_7_30,x_16_43,8.0,crossing_pair
x_7_30,x_17_30,8.0,shared_nucleotide
x_7_30,x_17_37,8.0,crossing_pair
x_7_30,x_17_38,8.0,crossing_pair
x_7_30,x_17_39,8.0,crossing_pair
x_7_30,x_17_42,8.0,crossing_pair
x_7_30,x_17_43,8.0,crossing_pair
x_7_30,x_18_31,8.0,crossing_pair
x_7_30,x_18_33,8.0,crossing_pair
x_7_30,x_18_34,8.0,crossing_pair
x_7_30,x_18_35,8.0,crossing_pair
x_7_30,x_18_36,8.0,crossing_pair
x_7_30,x_18_40,8.0,crossing_pair
x_7_30,x_18_44,8.0,crossing_pair
x_7_30,x_19_31,8.0,crossing_pair
x_7_30,x_19_33,8.0,crossing_pair
x_7_30,x_19_34,8.0,crossing_pair
x_7_30,x_19_35,8.0,crossing_pair
x_7_30,x_19_36,8.0,crossing_pair
x_7_30,x_19_40,8.0,crossing_pair
x_7_30,x_19_44,8.0,crossing_pair
x_7_30,x_20_30,8.0,shared_nucleotide
x_7_30,x_20_32,8.0,crossing_pair
x_7_30,x_20_37,8.0,crossing_pair
x_7_30,x_20_38,8.0,crossing_pair
x_7_30,x_20_39,8.0,crossing_pair
x_7_30,x_20_41,8.0,crossing_pair
x_7_30,x_20_42,8.0,crossing_pair
x_7_30,x_20_43,8.0,crossing_pair
x_7_30,x_21_30,8.0,shared_nucleotide
x_7_30,x_21_37,8.0,crossing_pair
x_7_30,x_21_38,8.0,crossing_pair
x_7_30,x_21_39,8.0,crossing_pair
x_7_30,x_21_42,8.0,crossing_pair
x_7_30,x_21_43,8.0,crossing_pair
x_7_30,x_22_30,8.0,shared_nucleotide
x_7_30,x_22_32,8.0,crossing_pair
x_7_30,x_22_37,8.0,crossing_pair
x_7_30,x_22_38,8.0,crossing_pair
x_7_30,x_22_39,8.0,crossing_pair
x_7_30,x_22_41,8.0,crossing_pair
x_7_30,x_22_42,8.0,crossing_pair
x_7_30,x_22_43,8.0,crossing_pair
x_7_30,x_23_30,8.0,shared_nucleotide
x_7_30,x_23_37,8.0,crossing_pair
x_7_30,x_23_38,8.0,crossing_pair
x_7_30,x_23_39,8.0,crossing_pair
x_7_30,x_23_42,8.0,crossing_pair
x_7_30,x_23_43,8.0,crossing_pair
x_7_30,x_24_30,8.0,shared_nucleotide
x_7_30,x_24_37,8.0,crossing_pair
x_7_30,x_24_38,8.0,crossing_pair
x_7_30,x_24_39,8.0,crossing_pair
x_7_30,x_24_42,8.0,crossing_pair
x_7_30,x_24_43,8.0,crossing_pair
x_7_30,x_25_34,8.0,crossing_pair
x_7_30,x_25_40,8.0,crossing_pair
x_7_30,x_25_44,8.0,crossing_pair
x_7_30,x_26_30,8.0,shared_nucleotide
x_7_30,x_26_37,8.0,crossing_pair
x_7_30,x_26_38,8.0,crossing_pair
x_7_30,x_26_39,8.0,crossing_pair
x_7_30,x_26_42,8.0,crossing_pair
x_7_30,x_26_43,8.0,crossing_pair
x_7_30,x_27_37,8.0,crossing_pair
x_7_30,x_27_38,8.0,crossing_pair
x_7_30,x_27_39,8.0,crossing_pair
x_7_30,x_27_42,8.0,crossing_pair
x_7_30,x_27_43,8.0,crossing_pair
x_7_30,x_28_37,8.0,crossing_pair
x_7_30,x_28_38,8.0,crossing_pair
x_7_30,x_28_39,8.0,crossing_pair
x_7_30,x_28_42,8.0,crossing_pair
x_7_30,x_28_43,8.0,crossing_pair
x_7_30,x_29_37,8.0,crossing_pair
x_7_30,x_29_38,8.0,crossing_pair
x_7_30,x_29_39,8.0,crossing_pair
x_7_30,x_29_42,8.0,crossing_pair
x_7_30,x_29_43,8.0,crossing_pair
x_7_30,x_30_34,8.0,shared_nucleotide
x_7_30,x_30_35,8.0,shared_nucleotide
x_7_30,x_30_36,8.0,shared_nucleotide
x_7_30,x_30_40,8.0,shared_nucleotide
x_7_30,x_30_44,8.0,shared_nucleotide
x_7_37,x_7_38,8.0,shared_nucleotide
x_7_37,x_7_39,8.0,shared_nucleotide
x_7_37,x_7_42,8.0,shared_nucleotide
x_7_37,x_7_43,8.0,shared_nucleotide
x_7_37,x_8_37,8.0,shared_nucleotide
x_7_37,x_8_38,8.0,crossing_pair
x_7_37,x_8_39,8.0,crossing_pair
x_7_37,x_8_42,8.0,crossing_pair
x_7_37,x_8_43,8.0,crossing_pair
x_7_37,x_9_37,8.0,shared_nucleotide
x_7_37,x_9_38,8.0,crossing_pair
x_7_37,x_9_39,8.0,crossing_pair
x_7_37,x_9_42,8.0,crossing_pair
x_7_37,x_9_43,8.0,crossing_pair
x_7_37,x_10_40,8.0,crossing_pair
x_7_37,x_10_44,8.0,crossing_pair
x_7_37,x_11_40,8.0,crossing_pair
x_7_37,x_11_44,8.0,crossing_pair
x_7_37,x_12_40,8.0,crossing_pair
x_7_37,x_12_44,8.0,crossing_pair
x_7_37,x_13_37,8.0,shared_nucleotide
x_7_37,x_13_38,8.0,crossing_pair
x_7_37,x_13_39,8.0,crossing_pair
x_7_37,x_13_41,8.0,crossing_pair
x_7_37,x_13_42,8.0,crossing_pair
x_7_37,x_13_43,8.0,crossing_pair
x_7_37,x_14_40,8.0,crossing_pair
x_7_37,x_14_44,8.0,crossing_pair
x_7_37,x_15_40,8.0,crossing_pair
x_7_37,x_15_44,8.0,crossing_pair
x_7_37,x_16_37,8.0,shared_nucleotide
x_7_37,x_16_38,8.0,crossing_pair
x_7_37,x_16_39,8.0,crossing_pair
x_7_37,x_16_41,8.0,crossing_pair
x_7_37,x_16_42,8.0,crossing_pair
x_7_37,x_16_43,8.0,crossing_pair
x_7_37,x_17_37,8.0,shared_nucleotide
x_7_37,x_17_38,8.0,crossing_pair
x_7_37,x_17_39,8.0,crossing_pair
x_7_37,x_17_42,8.0,crossing_pair
x_7_37,x_17_43,8.0,crossing_pair
x_7_37,x_18_40,8.0,crossing_pair
x_7_37,x_18_44,8.0,crossing_pair
x_7_37,x_19_40,8.0,crossing_pair
x_7_37,x_19_44,8.0,crossing_pair
x_7_37,x_20_37,8.0,shared_nucleotide
x_7_37,x_20_38,8.0,crossing_pair
x_7_37,x_20_39,8.0,crossing_pair
x_7_37,x_20_41,8.0,crossing_pair
x_7_37,x_20_42,8.0,crossing_pair
x_7_37,x_20_43,8.0,crossing_pair
x_7_37,x_21_37,8.0,shared_nucleotide
x_7_37,x_21_38,8.0,crossing_pair
x_7_37,x_21_39,8.0,crossing_pair
x_7_37,x_21_42,8.0,crossing_pair
x_7_37,x_21_43,8.0,crossing_pair
x_7_37,x_22_37,8.0,shared_nucleotide
x_7_37,x_22_38,8.0,crossing_pair
x_7_37,x_22_39,8.0,crossing_pair
x_7_37,x_22_41,8.0,crossing_pair
x_7_37,x_22_42,8.0,crossing_pair
x_7_37,x_22_43,8.0,crossing_pair
x_7_37,x_23_37,8.0,shared_nucleotide
x_7_37,x_23_38,8.0,crossing_pair
x_7_37,x_23_39,8.0,crossing_pair
x_7_37,x_23_42,8.0,crossing_pair
x_7_37,x_23_43,8.0,crossing_pair
x_7_37,x_24_37,8.0,shared_nucleotide
x_7_37,x_24_38,8.0,crossing_pair
x_7_37,x_24_39,8.0,crossing_pair
x_7_37,x_24_42,8.0,crossing_pair
x_7_37,x_24_43,8.0,crossing_pair
x_7_37,x_25_40,8.0,crossing_pair
x_7_37,x_25_44,8.0,crossing_pair
x_7_37,x_26_37,8.0,shared_nucleotide
x_7_37,x_26_38,8.0,crossing_pair
x_7_37,x_26_39,8.0,crossing_pair
x_7_37,x_26_42,8.0,crossing_pair
x_7_37,x_26_43,8.0,crossing_pair
x_7_37,x_27_37,8.0,shared_nucleotide
x_7_37,x_27_38,8.0,crossing_pair
x_7_37,x_27_39,8.0,crossing_pair
x_7_37,x_27_42,8.0,crossing_pair
x_7_37,x_27_43,8.0,crossing_pair
x_7_37,x_28_37,8.0,shared_nucleotide
x_7_37,x_28_38,8.0,crossing_pair
x_7_37,x_28_39,8.0,crossing_pair
x_7_37,x_28_42,8.0,crossing_pair
x_7_37,x_28_43,8.0,crossing_pair
x_7_37,x_29_37,8.0,shared_nucleotide
x_7_37,x_29_38,8.0,crossing_pair
x_7_37,x_29_39,8.0,crossing_pair
x_7_37,x_29_42,8.0,crossing_pair
x_7_37,x_29_43,8.0,crossing_pair
x_7_37,x_30_40,8.0,crossing_pair
x_7_37,x_30_44,8.0,crossing_pair
x_7_37,x_31_37,8.0,shared_nucleotide
x_7_37,x_31_38,8.0,crossing_pair
x_7_37,x_31_39,8.0,crossing_pair
x_7_37,x_31_42,8.0,crossing_pair
x_7_37,x_31_43,8.0,crossing_pair
x_7_37,x_32_40,8.0,crossing_pair
x_7_37,x_32_44,8.0,crossing_pair
x_7_37,x_33_37,8.0,shared_nucleotide
x_7_37,x_33_38,8.0,crossing_pair
x_7_37,x_33_39,8.0,crossing_pair
x_7_37,x_33_42,8.0,crossing_pair
x_7_37,x_33_43,8.0,crossing_pair
x_7_37,x_34_38,8.0,crossing_pair
x_7_37,x_34_39,8.0,crossing_pair
x_7_37,x_34_41,8.0,crossing_pair
x_7_37,x_34_42,8.0,crossing_pair
x_7_37,x_34_43,8.0,crossing_pair
x_7_37,x_35_39,8.0,crossing_pair
x_7_37,x_35_42,8.0,crossing_pair
x_7_37,x_35_43,8.0,crossing_pair
x_7_37,x_36_42,8.0,crossing_pair
x_7_37,x_36_43,8.0,crossing_pair
x_7_37,x_37_44,8.0,shared_nucleotide
x_7_38,x_7_39,8.0,shared_nucleotide
x_7_38,x_7_42,8.0,shared_nucleotide
x_7_38,x_7_43,8.0,shared_nucleotide
x_7_38,x_8_38,8.0,shared_nucleotide
x_7_38,x_8_39,8.0,crossing_pair
x_7_38,x_8_42,8.0,crossing_pair
x_7_38,x_8_43,8.0,crossing_pair
x_7_38,x_9_38,8.0,shared_nucleotide
x_7_38,x_9_39,8.0,crossing_pair
x_7_38,x_9_42,8.0,crossing_pair
x_7_38,x_9_43,8.0,crossing_pair
x_7_38,x_10_40,8.0,crossing_pair
x_7_38,x_10_44,8.0,crossing_pair
x_7_38,x_11_40,8.0,crossing_pair
x_7_38,x_11_44,8.0,crossing_pair
x_7_38,x_12_40,8.0,crossing_pair
x_7_38,x_12_44,8.0,crossing_pair
x_7_38,x_13_38,8.0,shared_nucleotide
x_7_38,x_13_39,8.0,crossing_pair
x_7_38,x_13_41,8.0,crossing_pair
x_7_38,x_13_42,8.0,crossing_pair
x_7_38,x_13_43,8.0,crossing_pair
x_7_38,x_14_40,8.0,crossing_pair
x_7_38,x_14_44,8.0,crossing_pair
x_7_38,x_15_40,8.0,crossing_pair
x_7_38,x_15_44,8.0,crossing_pair
x_7_38,x_16_38,8.0,shared_nucleotide
x_7_38,x_16_39,8.0,crossing_pair
x_7_38,x_16_41,8.0,crossing_pair
x_7_38,x_16_42,8.0,crossing_pair
x_7_38,x_16_43,8.0,crossing_pair
x_7_38,x_17_38,8.0,shared_nucleotide
x_7_38,x_17_39,8.0,crossing_pair
x_7_38,x_17_42,8.0,crossing_pair
x_7_38,x_17_43,8.0,crossing_pair
x_7_38,x_18_40,8.0,crossing_pair
x_7_38,x_18_44,8.0,crossing_pair
x_7_38,x_19_40,8.0,crossing_pair
x_7_38,x_19_44,8.0,crossing_pair
x_7_38,x_20_38,8.0,shared_nucleotide
x_7_38,x_20_39,8.0,crossing_pair
x_7_38,x_20_41,8.0,crossing_pair
x_7_38,x_20_42,8.0,crossing_pair
x_7_38,x_20_43,8.0,crossing_pair
x_7_38,x_21_38,8.0,shared_nucleotide
x_7_38,x_21_39,8.0,crossing_pair
x_7_38,x_21_42,8.0,crossing_pair
x_7_38,x_21_43,8.0,crossing_pair
x_7_38,x_22_38,8.0,shared_nucleotide
x_7_38,x_22_39,8.0,crossing_pair
x_7_38,x_22_41,8.0,crossing_pair
x_7_38,x_22_42,8.0,crossing_pair
x_7_38,x_22_43,8.0,crossing_pair
x_7_38,x_23_38,8.0,shared_nucleotide
x_7_38,x_23_39,8.0,crossing_pair
x_7_38,x_23_42,8.0,crossing_pair
x_7_38,x_23_43,8.0,crossing_pair
x_7_38,x_24_38,8.0,shared_nucleotide
x_7_38,x_24_39,8.0,crossing_pair
x_7_38,x_24_42,8.0,crossing_pair
x_7_38,x_24_43,8.0,crossing_pair
x_7_38,x_25_40,8.0,crossing_pair
x_7_38,x_25_44,8.0,crossing_pair
x_7_38,x_26_38,8.0,shared_nucleotide
x_7_38,x_26_39,8.0,crossing_pair
x_7_38,x_26_42,8.0,crossing_pair
x_7_38,x_26_43,8.0,crossing_pair
x_7_38,x_27_38,8.0,shared_nucleotide
x_7_38,x_27_39,8.0,crossing_pair
x_7_38,x_27_42,8.0,crossing_pair
x_7_38,x_27_43,8.0,crossing_pair
x_7_38,x_28_38,8.0,shared_nucleotide
x_7_38,x_28_39,8.0,crossing_pair
x_7_38,x_28_42,8.0,crossing_pair
x_7_38,x_28_43,8.0,crossing_pair
x_7_38,x_29_38,8.0,shared_nucleotide
x_7_38,x_29_39,8.0,crossing_pair
x_7_38,x_29_42,8.0,crossing_pair
x_7_38,x_29_43,8.0,crossing_pair
x_7_38,x_30_40,8.0,crossing_pair
x_7_38,x_30_44,8.0,crossing_pair
x_7_38,x_31_38,8.0,shared_nucleotide
x_7_38,x_31_39,8.0,crossing_pair
x_7_38,x_31_42,8.0,crossing_pair
x_7_38,x_31_43,8.0,crossing_pair
x_7_38,x_32_40,8.0,crossing_pair
x_7_38,x_32_44,8.0,crossing_pair
x_7_38,x_33_38,8.0,shared_nucleotide
x_7_38,x_33_39,8.0,crossing_pair
x_7_38,x_33_42,8.0,crossing_pair
x_7_38,x_33_43,8.0,crossing_pair
x_7_38,x_34_38,8.0,shared_nucleotide
x_7_38,x_34_39,8.0,crossing_pair
x_7_38,x_34_41,8.0,crossing_pair
x_7_38,x_34_42,8.0,crossing_pair
x_7_38,x_34_43,8.0,crossing_pair
x_7_38,x_35_39,8.0,crossing_pair
x_7_38,x_35_42,8.0,crossing_pair
x_7_38,x_35_43,8.0,crossing_pair
x_7_38,x_36_42,8.0,crossing_pair
x_7_38,x_36_43,8.0,crossing_pair
x_7_38,x_37_44,8.0,crossing_pair
x_7_38,x_38_44,8.0,shared_nucleotide
x_7_39,x_7_42,8.0,shared_nucleotide
x_7_39,x_7_43,8.0,shared_nucleotide
x_7_39,x_8_39,8.0,shared_nucleotide
x_7_39,x_8_42,8.0,crossing_pair
x_7_39,x_8_43,8.0,crossing_pair
x_7_39,x_9_39,8.0,shared_nucleotide
x_7_39,x_9_42,8.0,crossing_pair
x_7_39,x_9_43,8.0,crossing_pair
x_7_39,x_10_40,8.0,crossing_pair
x_7_39,x_10_44,8.0,crossing_pair
x_7_39,x_11_40,8.0,crossing_pair
x_7_39,x_11_44,8.0,crossing_pair
x_7_39,x_12_40,8.0,crossing_pair
x_7_39,x_12_44,8.0,crossing_pair
x_7_39,x_13_39,8.0,shared_nucleotide
x_7_39,x_13_41,8.0,crossing_pair
x_7_39,x_13_42,8.0,crossing_pair
x_7_39,x_13_43,8.0,crossing_pair
x_7_39,x_14_40,8.0,crossing_pair
x_7_39,x_14_44,8.0,crossing_pair
x_7_39,x_15_40,8.0,crossing_pair
x_7_39,x_15_44,8.0,crossing_pair
x_7_39,x_16_39,8.0,shared_nucleotide
x_7_39,x_16_41,8.0,crossing_pair
x_7_39,x_16_42,8.0,crossing_pair
x_7_39,x_16_43,8.0,crossing_pair
x_7_39,x_17_39,8.0,shared_nucleotide
x_7_39,x_17_42,8.0,crossing_pair
x_7_39,x_17_43,8.0,crossing_pair
x_7_39,x_18_40,8.0,crossing_pair
x_7_39,x_18_44,8.0,crossing_pair
x_7_39,x_19_40,8.0,crossing_pair
x_7_39,x_19_44,8.0,crossing_pair
x_7_39,x_20_39,8.0,shared_nucleotide
x_7_39,x_20_41,8.0,crossing_pair
x_7_39,x_20_42,8.0,crossing_pair
x_7_39,x_20_43,8.0,crossing_pair
x_7_39,x_21_39,8.0,shared_nucleotide
x_7_39,x_21_42,8.0,crossing_pair
x_7_39,x_21_43,8.0,crossing_pair
x_7_39,x_22_39,8.0,shared_nucleotide
x_7_39,x_22_41,8.0,crossing_pair
x_7_39,x_22_42,8.0,crossing_pair
x_7_39,x_22_43,8.0,crossing_pair
x_7_39,x_23_39,8.0,shared_nucleotide
x_7_39,x_23_42,8.0,crossing_pair
x_7_39,x_23_43,8.0,crossing_pair
x_7_39,x_24_39,8.0,shared_nucleotide
x_7_39,x_24_42,8.0,crossing_pair
x_7_39,x_24_43,8.0,crossing_pair
x_7_39,x_25_40,8.0,crossing_pair
x_7_39,x_25_44,8.0,crossing_pair
x_7_39,x_26_39,8.0,shared_nucleotide
x_7_39,x_26_42,8.0,crossing_pair
x_7_39,x_26_43,8.0,crossing_pair
x_7_39,x_27_39,8.0,shared_nucleotide
x_7_39,x_27_42,8.0,crossing_pair
x_7_39,x_27_43,8.0,crossing_pair
x_7_39,x_28_39,8.0,shared_nucleotide
x_7_39,x_28_42,8.0,crossing_pair
x_7_39,x_28_43,8.0,crossing_pair
x_7_39,x_29_39,8.0,shared_nucleotide
x_7_39,x_29_42,8.0,crossing_pair
x_7_39,x_29_43,8.0,crossing_pair
x_7_39,x_30_40,8.0,crossing_pair
x_7_39,x_30_44,8.0,crossing_pair
x_7_39,x_31_39,8.0,shared_nucleotide
x_7_39,x_31_42,8.0,crossing_pair
x_7_39,x_31_43,8.0,crossing_pair
x_7_39,x_32_40,8.0,crossing_pair
x_7_39,x_32_44,8.0,crossing_pair
x_7_39,x_33_39,8.0,shared_nucleotide
x_7_39,x_33_42,8.0,crossing_pair
x_7_39,x_33_43,8.0,crossing_pair
x_7_39,x_34_39,8.0,shared_nucleotide
x_7_39,x_34_41,8.0,crossing_pair
x_7_39,x_34_42,8.0,crossing_pair
x_7_39,x_34_43,8.0,crossing_pair
x_7_39,x_35_39,8.0,shared_nucleotide
x_7_39,x_35_42,8.0,crossing_pair
x_7_39,x_35_43,8.0,crossing_pair
x_7_39,x_36_42,8.0,crossing_pair
x_7_39,x_36_43,8.0,crossing_pair
x_7_39,x_37_44,8.0,crossing_pair
x_7_39,x_38_44,8.0,crossing_pair
x_7_39,x_39_44,8.0,shared_nucleotide
x_7_42,x_7_43,8.0,shared_nucleotide
x_7_42,x_8_42,8.0,shared_nucleotide
x_7_42,x_8_43,8.0,crossing_pair
x_7_42,x_9_42,8.0,shared_nucleotide
x_7_42,x_9_43,8.0,crossing_pair
x_7_42,x_10_44,8.0,crossing_pair
x_7_42,x_11_44,8.0,crossing_pair
x_7_42,x_12_44,8.0,crossing_pair
x_7_42,x_13_42,8.0,shared_nucleotide
x_7_42,x_13_43,8.0,crossing_pair
x_7_42,x_14_44,8.0,crossing_pair
x_7_42,x_15_44,8.0,crossing_pair
x_7_42,x_16_42,8.0,shared_nucleotide
x_7_42,x_16_43,8.0,crossing_pair
x_7_42,x_17_42,8.0,shared_nucleotide
x_7_42,x_17_43,8.0,crossing_pair
x_7_42,x_18_44,8.0,crossing_pair
x_7_42,x_19_44,8.0,crossing_pair
x_7_42,x_20_42,8.0,shared_nucleotide
x_7_42,x_20_43,8.0,crossing_pair
x_7_42,x_21_42,8.0,shared_nucleotide
x_7_42,x_21_43,8.0,crossing_pair
x_7_42,x_22_42,8.0,shared_nucleotide
x_7_42,x_22_43,8.0,crossing_pair
x_7_42,x_23_42,8.0,shared_nucleotide
x_7_42,x_23_43,8.0,crossing_pair
x_7_42,x_24_42,8.0,shared_nucleotide
x_7_42,x_24_43,8.0,crossing_pair
x_7_42,x_25_44,8.0,crossing_pair
x_7_42,x_26_42,8.0,shared_nucleotide
x_7_42,x_26_43,8.0,crossing_pair
x_7_42,x_27_42,8.0,shared_nucleotide
x_7_42,x_27_43,8.0,crossing_pair
x_7_42,x_28_42,8.0,shared_nucleotide
x_7_42,x_28_43,8.0,crossing_pair
x_7_42,x_29_42,8.0,shared_nucleotide
x_7_42,x_29_43,8.0,crossing_pair
x_7_42,x_30_44,8.0,crossing_pair
x_7_42,x_31_42,8.0,shared_nucleotide
x_7_42,x_31_43,8.0,crossing_pair
x_7_42,x_32_44,8.0,crossing_pair
x_7_42,x_33_42,8.0,shared_nucleotide
x_7_42,x_33_43,8.0,crossing_pair
x_7_42,x_34_42,8.0,shared_nucleotide
x_7_42,x_34_43,8.0,crossing_pair
x_7_42,x_35_42,8.0,shared_nucleotide
x_7_42,x_35_43,8.0,crossing_pair
x_7_42,x_36_42,8.0,shared_nucleotide
x_7_42,x_36_43,8.0,crossing_pair
x_7_42,x_37_44,8.0,crossing_pair
x_7_42,x_38_44,8.0,crossing_pair
x_7_42,x_39_44,8.0,crossing_pair
x_7_43,x_8_43,8.0,shared_nucleotide
x_7_43,x_9_43,8.0,shared_nucleotide
x_7_43,x_10_44,8.0,crossing_pair
x_7_43,x_11_44,8.0,crossing_pair
x_7_43,x_12_44,8.0,crossing_pair
x_7_43,x_13_43,8.0,shared_nucleotide
x_7_43,x_14_44,8.0,crossing_pair
x_7_43,x_15_44,8.0,crossing_pair
x_7_43,x_16_43,8.0,shared_nucleotide
x_7_43,x_17_43,8.0,shared_nucleotide
x_7_43,x_18_44,8.0,crossing_pair
x_7_43,x_19_44,8.0,crossing_pair
x_7_43,x_20_43,8.0,shared_nucleotide
x_7_43,x_21_43,8.0,shared_nucleotide
x_7_43,x_22_43,8.0,shared_nucleotide
x_7_43,x_23_43,8.0,shared_nucleotide
x_7_43,x_24_43,8.0,shared_nucleotide
x_7_43,x_25_44,8.0,crossing_pair
x_7_43,x_26_43,8.0,shared_nucleotide
x_7_43,x_27_43,8.0,shared_nucleotide
x_7_43,x_28_43,8.0,shared_nucleotide
x_7_43,x_29_43,8.0,shared_nucleotide
x_7_43,x_30_44,8.0,crossing_pair
x_7_43,x_31_43,8.0,shared_nucleotide
x_7_43,x_32_44,8.0,crossing_pair
x_7_43,x_33_43,8.0,shared_nucleotide
x_7_43,x_34_43,8.0,shared_nucleotide
x_7_43,x_35_43,8.0,shared_nucleotide
x_7_43,x_36_43,8.0,shared_nucleotide
x_7_43,x_37_44,8.0,crossing_pair
x_7_43,x_38_44,8.0,crossing_pair
x_7_43,x_39_44,8.0,crossing_pair
x_8_12,x_8_14,8.0,shared_nucleotide
x_8_12,x_8_18,8.0,shared_nucleotide
x_8_12,x_8_19,8.0,shared_nucleotide
x_8_12,x_8_30,8.0,shared_nucleotide
x_8_12,x_8_37,8.0,shared_nucleotide
x_8_12,x_8_38,8.0,shared_nucleotide
x_8_12,x_8_39,8.0,shared_nucleotide
x_8_12,x_8_42,8.0,shared_nucleotide
x_8_12,x_8_43,8.0,shared_nucleotide
x_8_12,x_9_14,8.0,crossing_pair
x_8_12,x_9_18,8.0,crossing_pair
x_8_12,x_9_19,8.0,crossing_pair
x_8_12,x_9_30,8.0,crossing_pair
x_8_12,x_9_37,8.0,crossing_pair
x_8_12,x_9_38,8.0,crossing_pair
x_8_12,x_9_39,8.0,crossing_pair
x_8_12,x_9_42,8.0,crossing_pair
x_8_12,x_9_43,8.0,crossing_pair
x_8_12,x_10_16,8.0,crossing_pair
x_8_12,x_10_20,8.0,crossing_pair
x_8_12,x_10_22,8.0,crossing_pair
x_8_12,x_10_34,8.0,crossing_pair
x_8_12,x_10_40,8.0,crossing_pair
x_8_12,x_10_44,8.0,crossing_pair
x_8_12,x_11_16,8.0,crossing_pair
x_8_12,x_11_17,8.0,crossing_pair
x_8_12,x_11_20,8.0,crossing_pair
x_8_12,x_11_21,8.0,crossing_pair
x_8_12,x_11_22,8.0,crossing_pair
x_8_12,x_11_23,8.0,crossing_pair
x_8_12,x_11_24,8.0,crossing_pair
x_8_12,x_11_26,8.0,crossing_pair
x_8_12,x_11_27,8.0,crossing_pair
x_8_12,x_11_28,8.0,crossing_pair
x_8_12,x_11_29,8.0,crossing_pair
x_8_12,x_11_31,8.0,crossing_pair
x_8_12,x_11_33,8.0,crossing_pair
x_8_12,x_11_34,8.0,crossing_pair
x_8_12,x_11_35,8.0,crossing_pair
x_8_12,x_11_36,8.0,crossing_pair
x_8_12,x_11_40,8.0,crossing_pair
x_8_12,x_11_44,8.0,crossing_pair
x_8_12,x_12_16,8.0,shared_nucleotide
x_8_12,x_12_17,8.0,shared_nucleotide
x_8_12,x_12_20,8.0,shared_nucleotide
x_8_12,x_12_21,8.0,shared_nucleotide
x_8_12,x_12_22,8.0,shared_nucleotide
x_8_12,x_12_23,8.0,shared_nucleotide
x_8_12,x_12_24,8.0,shared_nucleotide
x_8_12,x_12_26,8.0,shared_nucleotide
x_8_12,x_12_27,8.0,shared_nucleotide
x_8_12,x_12_28,8.0,shared_nucleotide
x_8_12,x_12_29,8.0,shared_nucleotide
x_8_12,x_12_31,8.0,shared_nucleotide
x_8_12,x_12_33,8.0,shared_nucleotide
x_8_12,x_12_34,8.0,shared_nucleotide
x_8_12,x_12_35,8.0,shared_nucleotide
x_8_12,x_12_36,8.0,shared_nucleotide
x_8_12,x_12_40,8.0,shared_nucleotide
x_8_12,x_12_44,8.0,shared_nucleotide
x_8_14,x_8_18,8.0,shared_nucleotide
x_8_14,x_8_19,8.0,shared_nucleotide
x_8_14,x_8_30,8.0,shared_nucleotide
x_8_14,x_8_37,8.0,shared_nucleotide
x_8_14,x_8_38,8.0,shared_nucleotide
x_8_14,x_8_39,8.0,shared_nucleotide
x_8_14,x_8_42,8.0,shared_nucleotide
x_8_14,x_8_43,8.0,shared_nucleotide
x_8_14,x_9_14,8.0,shared_nucleotide
x_8_14,x_9_18,8.0,crossing_pair
x_8_14,x_9_19,8.0,crossing_pair
x_8_14,x_9_30,8.0,crossing_pair
x_8_14,x_9_37,8.0,crossing_pair
x_8_14,x_9_38,8.0,crossing_pair
x_8_14,x_9_39,8.0,crossing_pair
x_8_14,x_9_42,8.0,crossing_pair
x_8_14,x_9_43,8.0,crossing_pair
x_8_14,x_10_16,8.0,crossing_pair
x_8_14,x_10_20,8.0,crossing_pair
x_8_14,x_10_22,8.0,crossing_pair
x_8_14,x_10_34,8.0,crossing_pair
x_8_14,x_10_40,8.0,crossing_pair
x_8_14,x_10_44,8.0,crossing_pair
x_8_14,x_11_16,8.0,crossing_pair
x_8_14,x_11_17,8.0,crossing_pair
x_8_14,x_11_20,8.0,crossing_pair
x_8_14,x_11_21,8.0,crossing_pair
x_8_14,x_11_22,8.0,crossing_pair
x_8_14,x_11_23,8.0,crossing_pair
x_8_14,x_11_24,8.0,crossing_pair
x_8_14,x_11_26,8.0,crossing_pair
x_8_14,x_11_27,8.0,crossing_pair
x_8_14,x_11_28,8.0,crossing_pair
x_8_14,x_11_29,8.0,crossing_pair
x_8_14,x_11_31,8.0,crossing_pair
x_8_14,x_11_33,8.0,crossing_pair
x_8_14,x_11_34,8.0,crossing_pair
x_8_14,x_11_35,8.0,crossing_pair
x_8_14,x_11_36,8.0,crossing_pair
x_8_14,x_11_40,8.0,crossing_pair
x_8_14,x_11_44,8.0,crossing_pair
x_8_14,x_12_16,8.0,crossing_pair
x_8_14,x_12_17,8.0,crossing_pair
x_8_14,x_12_20,8.0,crossing_pair
x_8_14,x_12_21,8.0,crossing_pair
x_8_14,x_12_22,8.0,crossing_pair
x_8_14,x_12_23,8.0,crossing_pair
x_8_14,x_12_24,8.0,crossing_pair
x_8_14,x_12_26,8.0,crossing_pair
x_8_14,x_12_27,8.0,crossing_pair
x_8_14,x_12_28,8.0,crossing_pair
x_8_14,x_12_29,8.0,crossing_pair
x_8_14,x_12_31,8.0,crossing_pair
x_8_14,x_12_33,8.0,crossing_pair
x_8_14,x_12_34,8.0,crossing_pair
x_8_14,x_12_35,8.0,crossing_pair
x_8_14,x_12_36,8.0,crossing_pair
x_8_14,x_12_40,8.0,crossing_pair
x_8_14,x_12_44,8.0,crossing_pair
x_8_14,x_13_18,8.0,crossing_pair
x_8_14,x_13_19,8.0,crossing_pair
x_8_14,x_13_25,8.0,crossing_pair
x_8_14,x_13_30,8.0,crossing_pair
x_8_14,x_13_32,8.0,crossing_pair
x_8_14,x_13_37,8.0,crossing_pair
x_8_14,x_13_38,8.0,crossing_pair
x_8_14,x_13_39,8.0,crossing_pair
x_8_14,x_13_41,8.0,crossing_pair
x_8_14,x_13_42,8.0,crossing_pair
x_8_14,x_13_43,8.0,crossing_pair
x_8_14,x_14_20,8.0,shared_nucleotide
x_8_14,x_14_21,8.0,shared_nucleotide
x_8_14,x_14_22,8.0,shared_nucleotide
x_8_14,x_14_23,8.0,shared_nucleotide
x_8_14,x_14_24,8.0,shared_nucleotide
x_8_14,x_14_26,8.0,shared_nucleotide
x_8_14,x_14_27,8.0,shared_nucleotide
x_8_14,x_14_28,8.0,shared_nucleotide
x_8_14,x_14_29,8.0,shared_nucleotide
x_8_14,x_14_31,8.0,shared_nucleotide
x_8_14,x_14_33,8.0,shared_nucleotide
x_8_14,x_14_34,8.0,shared_nucleotide
x_8_14,x_14_35,8.0,shared_nucleotide
x_8_14,x_14_36,8.0,shared_nucleotide
x_8_14,x_14_40,8.0,shared_nucleotide
x_8_14,x_14_44,8.0,shared_nucleotide
x_8_18,x_8_19,8.0,shared_nucleotide
x_8_18,x_8_30,8.0,shared_nucleotide
x_8_18,x_8_37,8.0,shared_nucleotide
x_8_18,x_8_38,8.0,shared_nucleotide
x_8_18,x_8_39,8.0,shared_nucleotide
x_8_18,x_8_42,8.0,shared_nucleotide
x_8_18,x_8_43,8.0,shared_nucleotide
x_8_18,x_9_18,8.0,shared_nucleotide
x_8_18,x_9_19,8.0,crossing_pair
x_8_18,x_9_30,8.0,crossing_pair
x_8_18,x_9_37,8.0,crossing_pair
x_8_18,x_9_38,8.0,crossing_pair
x_8_18,x_9_39,8.0,crossing_pair
x_8_18,x_9_42,8.0,crossing_pair
x_8_18,x_9_43,8.0,crossing_pair
x_8_18,x_10_20,8.0,crossing_pair
x_8_18,x_10_22,8.0,crossing_pair
x_8_18,x_10_34,8.0,crossing_pair
x_8_18,x_10_40,8.0,crossing_pair
x_8_18,x_10_44,8.0,crossing_pair
x_8_18,x_11_20,8.0,crossing_pair
x_8_18,x_11_21,8.0,crossing_pair
x_8_18,x_11_22,8.0,crossing_pair
x_8_18,x_11_23,8.0,crossing_pair
x_8_18,x_11_24,8.0,crossing_pair
x_8_18,x_11_26,8.0,crossing_pair
x_8_18,x_11_27,8.0,crossing_pair
x_8_18,x_11_28,8.0,crossing_pair
x_8_18,x_11_29,8.0,crossing_pair
x_8_18,x_11_31,8.0,crossing_pair
x_8_18,x_11_33,8.0,crossing_pair
x_8_18,x_11_34,8.0,crossing_pair
x_8_18,x_11_35,8.0,crossing_pair
x_8_18,x_11_36,8.0,crossing_pair
x_8_18,x_11_40,8.0,crossing_pair
x_8_18,x_11_44,8.0,crossing_pair
x_8_18,x_12_20,8.0,crossing_pair
x_8_18,x_12_21,8.0,crossing_pair
x_8_18,x_12_22,8.0,crossing_pair
x_8_18,x_12_23,8.0,crossing_pair
x_8_18,x_12_24,8.0,crossing_pair
x_8_18,x_12_26,8.0,crossing_pair
x_8_18,x_12_27,8.0,crossing_pair
x_8_18,x_12_28,8.0,crossing_pair
x_8_18,x_12_29,8.0,crossing_pair
x_8_18,x_12_31,8.0,crossing_pair
x_8_18,x_12_33,8.0,crossing_pair
x_8_18,x_12_34,8.0,crossing_pair
x_8_18,x_12_35,8.0,crossing_pair
x_8_18,x_12_36,8.0,crossing_pair
x_8_18,x_12_40,8.0,crossing_pair
x_8_18,x_12_44,8.0,crossing_pair
x_8_18,x_13_18,8.0,shared_nucleotide
x_8_18,x_13_19,8.0,crossing_pair
x_8_18,x_13_25,8.0,crossing_pair
x_8_18,x_13_30,8.0,crossing_pair
x_8_18,x_13_32,8.0,crossing_pair
x_8_18,x_13_37,8.0,crossing_pair
x_8_18,x_13_38,8.0,crossing_pair
x_8_18,x_13_39,8.0,crossing_pair
x_8_18,x_13_41,8.0,crossing_pair
x_8_18,x_13_42,8.0,crossing_pair
x_8_18,x_13_43,8.0,crossing_pair
x_8_18,x_14_20,8.0,crossing_pair
x_8_18,x_14_21,8.0,crossing_pair
x_8_18,x_14_22,8.0,crossing_pair
x_8_18,x_14_23,8.0,crossing_pair
x_8_18,x_14_24,8.0,crossing_pair
x_8_18,x_14_26,8.0,crossing_pair
x_8_18,x_14_27,8.0,crossing_pair
x_8_18,x_14_28,8.0,crossing_pair
x_8_18,x_14_29,8.0,crossing_pair
x_8_18,x_14_31,8.0,crossing_pair
x_8_18,x_14_33,8.0,crossing_pair
x_8_18,x_14_34,8.0,crossing_pair
x_8_18,x_14_35,8.0,crossing_pair
x_8_18,x_14_36,8.0,crossing_pair
x_8_18,x_14_40,8.0,crossing_pair
x_8_18,x_14_44,8.0,crossing_pair
x_8_18,x_15_20,8.0,crossing_pair
x_8_18,x_15_22,8.0,crossing_pair
x_8_18,x_15_34,8.0,crossing_pair
x_8_18,x_15_40,8.0,crossing_pair
x_8_18,x_15_44,8.0,crossing_pair
x_8_18,x_16_25,8.0,crossing_pair
x_8_18,x_16_30,8.0,crossing_pair
x_8_18,x_16_32,8.0,crossing_pair
x_8_18,x_16_37,8.0,crossing_pair
x_8_18,x_16_38,8.0,crossing_pair
x_8_18,x_16_39,8.0,crossing_pair
x_8_18,x_16_41,8.0,crossing_pair
x_8_18,x_16_42,8.0,crossing_pair
x_8_18,x_16_43,8.0,crossing_pair
x_8_18,x_17_30,8.0,crossing_pair
x_8_18,x_17_37,8.0,crossing_pair
x_8_18,x_17_38,8.0,crossing_pair
x_8_18,x_17_39,8.0,crossing_pair
x_8_18,x_17_42,8.0,crossing_pair
x_8_18,x_17_43,8.0,crossing_pair
x_8_18,x_18_22,8.0,shared_nucleotide
x_8_18,x_18_23,8.0,shared_nucleotide
x_8_18,x_18_24,8.0,shared_nucleotide
x_8_18,x_18_26,8.0,shared_nucleotide
x_8_18,x_18_27,8.0,shared_nucleotide
x_8_18,x_18_28,8.0,shared_nucleotide
x_8_18,x_18_29,8.0,shared_nucleotide
x_8_18,x_18_31,8.0,shared_nucleotide
x_8_18,x_18_33,8.0,shared_nucleotide
x_8_18,x_18_34,8.0,shared_nucleotide
x_8_18,x_18_35,8.0,shared_nucleotide
x_8_18,x_18_36,8.0,shared_nucleotide
x_8_18,x_18_40,8.0,shared_nucleotide
x_8_18,x_18_44,8.0,shared_nucleotide
x_8_19,x_8_30,8.0,shared_nucleotide
x_8_19,x_8_37,8.0,shared_nucleotide
x_8_19,x_8_38,8.0,shared_nucleotide
x_8_19,x_8_39,8.0,shared_nucleotide
x_8_19,x_8_42,8.0,shared_nucleotide
x_8_19,x_8_43,8.0,shared_nucleotide
x_8_19,x_9_19,8.0,shared_nucleotide
x_8_19,x_9_30,8.0,crossing_pair
x_8_19,x_9_37,8.0,crossing_pair
x_8_19,x_9_38,8.0,crossing_pair
x_8_19,x_9_39,8.0,crossing_pair
x_8_19,x_9_42,8.0,crossing_pair
x_8_19,x_9_43,8.0,crossing_pair
x_8_19,x_10_20,8.0,crossing_pair
x_8_19,x_10_22,8.0,crossing_pair
x_8_19,x_10_34,8.0,crossing_pair
x_8_19,x_10_40,8.0,crossing_pair
x_8_19,x_10_44,8.0,crossing_pair
x_8_19,x_11_20,8.0,crossing_pair
x_8_19,x_11_21,8.0,crossing_pair
x_8_19,x_11_22,8.0,crossing_pair
x_8_19,x_11_23,8.0,crossing_pair
x_8_19,x_11_24,8.0,crossing_pair
x_8_19,x_11_26,8.0,crossing_pair
x_8_19,x_11_27,8.0,crossing_pair
x_8_19,x_11_28,8.0,crossing_pair
x_8_19,x_11_29,8.0,crossing_pair
x_8_19,x_11_31,8.0,crossing_pair
x_8_19,x_11_33,8.0,crossing_pair
x_8_19,x_11_34,8.0,crossing_pair
x_8_19,x_11_35,8.0,crossing_pair
x_8_19,x_11_36,8.0,crossing_pair
x_8_19,x_11_40,8.0,crossing_pair
x_8_19,x_11_44,8.0,crossing_pair
x_8_19,x_12_20,8.0,crossing_pair
x_8_19,x_12_21,8.0,crossing_pair
x_8_19,x_12_22,8.0,crossing_pair
x_8_19,x_12_23,8.0,crossing_pair
x_8_19,x_12_24,8.0,crossing_pair
x_8_19,x_12_26,8.0,crossing_pair
x_8_19,x_12_27,8.0,crossing_pair
x_8_19,x_12_28,8.0,crossing_pair
x_8_19,x_12_29,8.0,crossing_pair
x_8_19,x_12_31,8.0,crossing_pair
x_8_19,x_12_33,8.0,crossing_pair
x_8_19,x_12_34,8.0,crossing_pair
x_8_19,x_12_35,8.0,crossing_pair
x_8_19,x_12_36,8.0,crossing_pair
x_8_19,x_12_40,8.0,crossing_pair
x_8_19,x_12_44,8.0,crossing_pair
x_8_19,x_13_19,8.0,shared_nucleotide
x_8_19,x_13_25,8.0,crossing_pair
x_8_19,x_13_30,8.0,crossing_pair
x_8_19,x_13_32,8.0,crossing_pair
x_8_19,x_13_37,8.0,crossing_pair
x_8_19,x_13_38,8.0,crossing_pair
x_8_19,x_13_39,8.0,crossing_pair
x_8_19,x_13_41,8.0,crossing_pair
x_8_19,x_13_42,8.0,crossing_pair
x_8_19,x_13_43,8.0,crossing_pair
x_8_19,x_14_20,8.0,crossing_pair
x_8_19,x_14_21,8.0,crossing_pair
x_8_19,x_14_22,8.0,crossing_pair
x_8_19,x_14_23,8.0,crossing_pair
x_8_19,x_14_24,8.0,crossing_pair
x_8_19,x_14_26,8.0,crossing_pair
x_8_19,x_14_27,8.0,crossing_pair
x_8_19,x_14_28,8.0,crossing_pair
x_8_19,x_14_29,8.0,crossing_pair
x_8_19,x_14_31,8.0,crossing_pair
x_8_19,x_14_33,8.0,crossing_pair
x_8_19,x_14_34,8.0,crossing_pair
x_8_19,x_14_35,8.0,crossing_pair
x_8_19,x_14_36,8.0,crossing_pair
x_8_19,x_14_40,8.0,crossing_pair
x_8_19,x_14_44,8.0,crossing_pair
x_8_19,x_15_20,8.0,crossing_pair
x_8_19,x_15_22,8.0,crossing_pair
x_8_19,x_15_34,8.0,crossing_pair
x_8_19,x_15_40,8.0,crossing_pair
x_8_19,x_15_44,8.0,crossing_pair
x_8_19,x_16_25,8.0,crossing_pair
x_8_19,x_16_30,8.0,crossing_pair
x_8_19,x_16_32,8.0,crossing_pair
x_8_19,x_16_37,8.0,crossing_pair
x_8_19,x_16_38,8.0,crossing_pair
x_8_19,x_16_39,8.0,crossing_pair
x_8_19,x_16_41,8.0,crossing_pair
x_8_19,x_16_42,8.0,crossing_pair
x_8_19,x_16_43,8.0,crossing_pair
x_8_19,x_17_30,8.0,crossing_pair
x_8_19,x_17_37,8.0,crossing_pair
x_8_19,x_17_38,8.0,crossing_pair
x_8_19,x_17_39,8.0,crossing_pair
x_8_19,x_17_42,8.0,crossing_pair
x_8_19,x_17_43,8.0,crossing_pair
x_8_19,x_18_22,8.0,crossing_pair
x_8_19,x_18_23,8.0,crossing_pair
x_8_19,x_18_24,8.0,crossing_pair
x_8_19,x_18_26,8.0,crossing_pair
x_8_19,x_18_27,8.0,crossing_pair
x_8_19,x_18_28,8.0,crossing_pair
x_8_19,x_18_29,8.0,crossing_pair
x_8_19,x_18_31,8.0,crossing_pair
x_8_19,x_18_33,8.0,crossing_pair
x_8_19,x_18_34,8.0,crossing_pair
x_8_19,x_18_35,8.0,crossing_pair
x_8_19,x_18_36,8.0,crossing_pair
x_8_19,x_18_40,8.0,crossing_pair
x_8_19,x_18_44,8.0,crossing_pair
x_8_19,x_19_23,8.0,shared_nucleotide
x_8_19,x_19_24,8.0,shared_nucleotide
x_8_19,x_19_26,8.0,shared_nucleotide
x_8_19,x_19_27,8.0,shared_nucleotide
x_8_19,x_19_28,8.0,shared_nucleotide
x_8_19,x_19_29,8.0,shared_nucleotide
x_8_19,x_19_31,8.0,shared_nucleotide
x_8_19,x_19_33,8.0,shared_nucleotide
x_8_19,x_19_34,8.0,shared_nucleotide
x_8_19,x_19_35,8.0,shared_nucleotide
x_8_19,x_19_36,8.0,shared_nucleotide
x_8_19,x_19_40,8.0,shared_nucleotide
x_8_19,x_19_44,8.0,shared_nucleotide
x_8_30,x_8_37,8.0,shared_nucleotide
x_8_30,x_8_38,8.0,shared_nucleotide
x_8_30,x_8_39,8.0,shared_nucleotide
x_8_30,x_8_42,8.0,shared_nucleotide
x_8_30,x_8_43,8.0,shared_nucleotide
x_8_30,x_9_30,8.0,shared_nucleotide
x_8_30,x_9_37,8.0,crossing_pair
x_8_30,x_9_38,8.0,crossing_pair
x_8_30,x_9_39,8.0,crossing_pair
x_8_30,x_9_42,8.0,crossing_pair
x_8_30,x_9_43,8.0,crossing_pair
x_8_30,x_10_34,8.0,crossing_pair
x_8_30,x_10_40,8.0,crossing_pair
x_8_30,x_10_44,8.0,crossing_pair
x_8_30,x_11_31,8.0,crossing_pair
x_8_30,x_11_33,8.0,crossing_pair
x_8_30,x_11_34,8.0,crossing_pair
x_8_30,x_11_35,8.0,crossing_pair
x_8_30,x_11_36,8.0,crossing_pair
x_8_30,x_11_40,8.0,crossing_pair
x_8_30,x_11_44,8.0,crossing_pair
x_8_30,x_12_31,8.0,crossing_pair
x_8_30,x_12_33,8.0,crossing_pair
x_8_30,x_12_34,8.0,crossing_pair
x_8_30,x_12_35,8.0,crossing_pair
x_8_30,x_12_36,8.0,crossing_pair
x_8_30,x_12_40,8.0,crossing_pair
x_8_30,x_12_44,8.0,crossing_pair
x_8_30,x_13_30,8.0,shared_nucleotide
x_8_30,x_13_32,8.0,crossing_pair
x_8_30,x_13_37,8.0,crossing_pair
x_8_30,x_13_38,8.0,crossing_pair
x_8_30,x_13_39,8.0,crossing_pair
x_8_30,x_13_41,8.0,crossing_pair
x_8_30,x_13_42,8.0,crossing_pair
x_8_30,x_13_43,8.0,crossing_pair
x_8_30,x_14_31,8.0,crossing_pair
x_8_30,x_14_33,8.0,crossing_pair
x_8_30,x_14_34,8.0,crossing_pair
x_8_30,x_14_35,8.0,crossing_pair
x_8_30,x_14_36,8.0,crossing_pair
x_8_30,x_14_40,8.0,crossing_pair
x_8_30,x_14_44,8.0,crossing_pair
x_8_30,x_15_34,8.0,crossing_pair
x_8_30,x_15_40,8.0,crossing_pair
x_8_30,x_15_44,8.0,crossing_pair
x_8_30,x_16_30,8.0,shared_nucleotide
x_8_30,x_16_32,8.0,crossing_pair
x_8_30,x_16_37,8.0,crossing_pair
x_8_30,x_16_38,8.0,crossing_pair
x_8_30,x_16_39,8.0,crossing_pair
x_8_30,x_16_41,8.0,crossing_pair
x_8_30,x_16_42,8.0,crossing_pair
x_8_30,x_16_43,8.0,crossing_pair
x_8_30,x_17_30,8.0,shared_nucleotide
x_8_30,x_17_37,8.0,crossing_pair
x_8_30,x_17_38,8.0,crossing_pair
x_8_30,x_17_39,8.0,crossing_pair
x_8_30,x_17_42,8.0,crossing_pair
x_8_30,x_17_43,8.0,crossing_pair
x_8_30,x_18_31,8.0,crossing_pair
x_8_30,x_18_33,8.0,crossing_pair
x_8_30,x_18_34,8.0,crossing_pair
x_8_30,x_18_35,8.0,crossing_pair
x_8_30,x_18_36,8.0,crossing_pair
x_8_30,x_18_40,8.0,crossing_pair
x_8_30,x_18_44,8.0,crossing_pair
x_8_30,x_19_31,8.0,crossing_pair
x_8_30,x_19_33,8.0,crossing_pair
x_8_30,x_19_34,8.0,crossing_pair
x_8_30,x_19_35,8.0,crossing_pair
x_8_30,x_19_36,8.0,crossing_pair
x_8_30,x_19_40,8.0,crossing_pair
x_8_30,x_19_44,8.0,crossing_pair
x_8_30,x_20_30,8.0,shared_nucleotide
x_8_30,x_20_32,8.0,crossing_pair
x_8_30,x_20_37,8.0,crossing_pair
x_8_30,x_20_38,8.0,crossing_pair
x_8_30,x_20_39,8.0,crossing_pair
x_8_30,x_20_41,8.0,crossing_pair
x_8_30,x_20_42,8.0,crossing_pair
x_8_30,x_20_43,8.0,crossing_pair
x_8_30,x_21_30,8.0,shared_nucleotide
x_8_30,x_21_37,8.0,crossing_pair
x_8_30,x_21_38,8.0,crossing_pair
x_8_30,x_21_39,8.0,crossing_pair
x_8_30,x_21_42,8.0,crossing_pair
x_8_30,x_21_43,8.0,crossing_pair
x_8_30,x_22_30,8.0,shared_nucleotide
x_8_30,x_22_32,8.0,crossing_pair
x_8_30,x_22_37,8.0,crossing_pair
x_8_30,x_22_38,8.0,crossing_pair
x_8_30,x_22_39,8.0,crossing_pair
x_8_30,x_22_41,8.0,crossing_pair
x_8_30,x_22_42,8.0,crossing_pair
x_8_30,x_22_43,8.0,crossing_pair
x_8_30,x_23_30,8.0,shared_nucleotide
x_8_30,x_23_37,8.0,crossing_pair
x_8_30,x_23_38,8.0,crossing_pair
x_8_30,x_23_39,8.0,crossing_pair
x_8_30,x_23_42,8.0,crossing_pair
x_8_30,x_23_43,8.0,crossing_pair
x_8_30,x_24_30,8.0,shared_nucleotide
x_8_30,x_24_37,8.0,crossing_pair
x_8_30,x_24_38,8.0,crossing_pair
x_8_30,x_24_39,8.0,crossing_pair
x_8_30,x_24_42,8.0,crossing_pair
x_8_30,x_24_43,8.0,crossing_pair
x_8_30,x_25_34,8.0,crossing_pair
x_8_30,x_25_40,8.0,crossing_pair
x_8_30,x_25_44,8.0,crossing_pair
x_8_30,x_26_30,8.0,shared_nucleotide
x_8_30,x_26_37,8.0,crossing_pair
x_8_30,x_26_38,8.0,crossing_pair
x_8_30,x_26_39,8.0,crossing_pair
x_8_30,x_26_42,8.0,crossing_pair
x_8_30,x_26_43,8.0,crossing_pair
x_8_30,x_27_37,8.0,crossing_pair
x_8_30,x_27_38,8.0,crossing_pair
x_8_30,x_27_39,8.0,crossing_pair
x_8_30,x_27_42,8.0,crossing_pair
x_8_30,x_27_43,8.0,crossing_pair
x_8_30,x_28_37,8.0,crossing_pair
x_8_30,x_28_38,8.0,crossing_pair
x_8_30,x_28_39,8.0,crossing_pair
x_8_30,x_28_42,8.0,crossing_pair
x_8_30,x_28_43,8.0,crossing_pair
x_8_30,x_29_37,8.0,crossing_pair
x_8_30,x_29_38,8.0,crossing_pair
x_8_30,x_29_39,8.0,crossing_pair
x_8_30,x_29_42,8.0,crossing_pair
x_8_30,x_29_43,8.0,crossing_pair
x_8_30,x_30_34,8.0,shared_nucleotide
x_8_30,x_30_35,8.0,shared_nucleotide
x_8_30,x_30_36,8.0,shared_nucleotide
x_8_30,x_30_40,8.0,shared_nucleotide
x_8_30,x_30_44,8.0,shared_nucleotide
x_8_37,x_8_38,8.0,shared_nucleotide
x_8_37,x_8_39,8.0,shared_nucleotide
x_8_37,x_8_42,8.0,shared_nucleotide
x_8_37,x_8_43,8.0,shared_nucleotide
x_8_37,x_9_37,8.0,shared_nucleotide
x_8_37,x_9_38,8.0,crossing_pair
x_8_37,x_9_39,8.0,crossing_pair
x_8_37,x_9_42,8.0,crossing_pair
x_8_37,x_9_43,8.0,crossing_pair
x_8_37,x_10_40,8.0,crossing_pair
x_8_37,x_10_44,8.0,crossing_pair
x_8_37,x_11_40,8.0,crossing_pair
x_8_37,x_11_44,8.0,crossing_pair
x_8_37,x_12_40,8.0,crossing_pair
x_8_37,x_12_44,8.0,crossing_pair
x_8_37,x_13_37,8.0,shared_nucleotide
x_8_37,x_13_38,8.0,crossing_pair
x_8_37,x_13_39,8.0,crossing_pair
x_8_37,x_13_41,8.0,crossing_pair
x_8_37,x_13_42,8.0,crossing_pair
x_8_37,x_13_43,8.0,crossing_pair
x_8_37,x_14_40,8.0,crossing_pair
x_8_37,x_14_44,8.0,crossing_pair
x_8_37,x_15_40,8.0,crossing_pair
x_8_37,x_15_44,8.0,crossing_pair
x_8_37,x_16_37,8.0,shared_nucleotide
x_8_37,x_16_38,8.0,crossing_pair
x_8_37,x_16_39,8.0,crossing_pair
x_8_37,x_16_41,8.0,crossing_pair
x_8_37,x_16_42,8.0,crossing_pair
x_8_37,x_16_43,8.0,crossing_pair
x_8_37,x_17_37,8.0,shared_nucleotide
x_8_37,x_17_38,8.0,crossing_pair
x_8_37,x_17_39,8.0,crossing_pair
x_8_37,x_17_42,8.0,crossing_pair
x_8_37,x_17_43,8.0,crossing_pair
x_8_37,x_18_40,8.0,crossing_pair
x_8_37,x_18_44,8.0,crossing_pair
x_8_37,x_19_40,8.0,crossing_pair
x_8_37,x_19_44,8.0,crossing_pair
x_8_37,x_20_37,8.0,shared_nucleotide
x_8_37,x_20_38,8.0,crossing_pair
x_8_37,x_20_39,8.0,crossing_pair
x_8_37,x_20_41,8.0,crossing_pair
x_8_37,x_20_42,8.0,crossing_pair
x_8_37,x_20_43,8.0,crossing_pair
x_8_37,x_21_37,8.0,shared_nucleotide
x_8_37,x_21_38,8.0,crossing_pair
x_8_37,x_21_39,8.0,crossing_pair
x_8_37,x_21_42,8.0,crossing_pair
x_8_37,x_21_43,8.0,crossing_pair
x_8_37,x_22_37,8.0,shared_nucleotide
x_8_37,x_22_38,8.0,crossing_pair
x_8_37,x_22_39,8.0,crossing_pair
x_8_37,x_22_41,8.0,crossing_pair
x_8_37,x_22_42,8.0,crossing_pair
x_8_37,x_22_43,8.0,crossing_pair
x_8_37,x_23_37,8.0,shared_nucleotide
x_8_37,x_23_38,8.0,crossing_pair
x_8_37,x_23_39,8.0,crossing_pair
x_8_37,x_23_42,8.0,crossing_pair
x_8_37,x_23_43,8.0,crossing_pair
x_8_37,x_24_37,8.0,shared_nucleotide
x_8_37,x_24_38,8.0,crossing_pair
x_8_37,x_24_39,8.0,crossing_pair
x_8_37,x_24_42,8.0,crossing_pair
x_8_37,x_24_43,8.0,crossing_pair
x_8_37,x_25_40,8.0,crossing_pair
x_8_37,x_25_44,8.0,crossing_pair
x_8_37,x_26_37,8.0,shared_nucleotide
x_8_37,x_26_38,8.0,crossing_pair
x_8_37,x_26_39,8.0,crossing_pair
x_8_37,x_26_42,8.0,crossing_pair
x_8_37,x_26_43,8.0,crossing_pair
x_8_37,x_27_37,8.0,shared_nucleotide
x_8_37,x_27_38,8.0,crossing_pair
x_8_37,x_27_39,8.0,crossing_pair
x_8_37,x_27_42,8.0,crossing_pair
x_8_37,x_27_43,8.0,crossing_pair
x_8_37,x_28_37,8.0,shared_nucleotide
x_8_37,x_28_38,8.0,crossing_pair
x_8_37,x_28_39,8.0,crossing_pair
x_8_37,x_28_42,8.0,crossing_pair
x_8_37,x_28_43,8.0,crossing_pair
x_8_37,x_29_37,8.0,shared_nucleotide
x_8_37,x_29_38,8.0,crossing_pair
x_8_37,x_29_39,8.0,crossing_pair
x_8_37,x_29_42,8.0,crossing_pair
x_8_37,x_29_43,8.0,crossing_pair
x_8_37,x_30_40,8.0,crossing_pair
x_8_37,x_30_44,8.0,crossing_pair
x_8_37,x_31_37,8.0,shared_nucleotide
x_8_37,x_31_38,8.0,crossing_pair
x_8_37,x_31_39,8.0,crossing_pair
x_8_37,x_31_42,8.0,crossing_pair
x_8_37,x_31_43,8.0,crossing_pair
x_8_37,x_32_40,8.0,crossing_pair
x_8_37,x_32_44,8.0,crossing_pair
x_8_37,x_33_37,8.0,shared_nucleotide
x_8_37,x_33_38,8.0,crossing_pair
x_8_37,x_33_39,8.0,crossing_pair
x_8_37,x_33_42,8.0,crossing_pair
x_8_37,x_33_43,8.0,crossing_pair
x_8_37,x_34_38,8.0,crossing_pair
x_8_37,x_34_39,8.0,crossing_pair
x_8_37,x_34_41,8.0,crossing_pair
x_8_37,x_34_42,8.0,crossing_pair
x_8_37,x_34_43,8.0,crossing_pair
x_8_37,x_35_39,8.0,crossing_pair
x_8_37,x_35_42,8.0,crossing_pair
x_8_37,x_35_43,8.0,crossing_pair
x_8_37,x_36_42,8.0,crossing_pair
x_8_37,x_36_43,8.0,crossing_pair
x_8_37,x_37_44,8.0,shared_nucleotide
x_8_38,x_8_39,8.0,shared_nucleotide
x_8_38,x_8_42,8.0,shared_nucleotide
x_8_38,x_8_43,8.0,shared_nucleotide
x_8_38,x_9_38,8.0,shared_nucleotide
x_8_38,x_9_39,8.0,crossing_pair
x_8_38,x_9_42,8.0,crossing_pair
x_8_38,x_9_43,8.0,crossing_pair
x_8_38,x_10_40,8.0,crossing_pair
x_8_38,x_10_44,8.0,crossing_pair
x_8_38,x_11_40,8.0,crossing_pair
x_8_38,x_11_44,8.0,crossing_pair
x_8_38,x_12_40,8.0,crossing_pair
x_8_38,x_12_44,8.0,crossing_pair
x_8_38,x_13_38,8.0,shared_nucleotide
x_8_38,x_13_39,8.0,crossing_pair
x_8_38,x_13_41,8.0,crossing_pair
x_8_38,x_13_42,8.0,crossing_pair
x_8_38,x_13_43,8.0,crossing_pair
x_8_38,x_14_40,8.0,crossing_pair
x_8_38,x_14_44,8.0,crossing_pair
x_8_38,x_15_40,8.0,crossing_pair
x_8_38,x_15_44,8.0,crossing_pair
x_8_38,x_16_38,8.0,shared_nucleotide
x_8_38,x_16_39,8.0,crossing_pair
x_8_38,x_16_41,8.0,crossing_pair
x_8_38,x_16_42,8.0,crossing_pair
x_8_38,x_16_43,8.0,crossing_pair
x_8_38,x_17_38,8.0,shared_nucleotide
x_8_38,x_17_39,8.0,crossing_pair
x_8_38,x_17_42,8.0,crossing_pair
x_8_38,x_17_43,8.0,crossing_pair
x_8_38,x_18_40,8.0,crossing_pair
x_8_38,x_18_44,8.0,crossing_pair
x_8_38,x_19_40,8.0,crossing_pair
x_8_38,x_19_44,8.0,crossing_pair
x_8_38,x_20_38,8.0,shared_nucleotide
x_8_38,x_20_39,8.0,crossing_pair
x_8_38,x_20_41,8.0,crossing_pair
x_8_38,x_20_42,8.0,crossing_pair
x_8_38,x_20_43,8.0,crossing_pair
x_8_38,x_21_38,8.0,shared_nucleotide
x_8_38,x_21_39,8.0,crossing_pair
x_8_38,x_21_42,8.0,crossing_pair
x_8_38,x_21_43,8.0,crossing_pair
x_8_38,x_22_38,8.0,shared_nucleotide
x_8_38,x_22_39,8.0,crossing_pair
x_8_38,x_22_41,8.0,crossing_pair
x_8_38,x_22_42,8.0,crossing_pair
x_8_38,x_22_43,8.0,crossing_pair
x_8_38,x_23_38,8.0,shared_nucleotide
x_8_38,x_23_39,8.0,crossing_pair
x_8_38,x_23_42,8.0,crossing_pair
x_8_38,x_23_43,8.0,crossing_pair
x_8_38,x_24_38,8.0,shared_nucleotide
x_8_38,x_24_39,8.0,crossing_pair
x_8_38,x_24_42,8.0,crossing_pair
x_8_38,x_24_43,8.0,crossing_pair
x_8_38,x_25_40,8.0,crossing_pair
x_8_38,x_25_44,8.0,crossing_pair
x_8_38,x_26_38,8.0,shared_nucleotide
x_8_38,x_26_39,8.0,crossing_pair
x_8_38,x_26_42,8.0,crossing_pair
x_8_38,x_26_43,8.0,crossing_pair
x_8_38,x_27_38,8.0,shared_nucleotide
x_8_38,x_27_39,8.0,crossing_pair
x_8_38,x_27_42,8.0,crossing_pair
x_8_38,x_27_43,8.0,crossing_pair
x_8_38,x_28_38,8.0,shared_nucleotide
x_8_38,x_28_39,8.0,crossing_pair
x_8_38,x_28_42,8.0,crossing_pair
x_8_38,x_28_43,8.0,crossing_pair
x_8_38,x_29_38,8.0,shared_nucleotide
x_8_38,x_29_39,8.0,crossing_pair
x_8_38,x_29_42,8.0,crossing_pair
x_8_38,x_29_43,8.0,crossing_pair
x_8_38,x_30_40,8.0,crossing_pair
x_8_38,x_30_44,8.0,crossing_pair
x_8_38,x_31_38,8.0,shared_nucleotide
x_8_38,x_31_39,8.0,crossing_pair
x_8_38,x_31_42,8.0,crossing_pair
x_8_38,x_31_43,8.0,crossing_pair
x_8_38,x_32_40,8.0,crossing_pair
x_8_38,x_32_44,8.0,crossing_pair
x_8_38,x_33_38,8.0,shared_nucleotide
x_8_38,x_33_39,8.0,crossing_pair
x_8_38,x_33_42,8.0,crossing_pair
x_8_38,x_33_43,8.0,crossing_pair
x_8_38,x_34_38,8.0,shared_nucleotide
x_8_38,x_34_39,8.0,crossing_pair
x_8_38,x_34_41,8.0,crossing_pair
x_8_38,x_34_42,8.0,crossing_pair
x_8_38,x_34_43,8.0,crossing_pair
x_8_38,x_35_39,8.0,crossing_pair
x_8_38,x_35_42,8.0,crossing_pair
x_8_38,x_35_43,8.0,crossing_pair
x_8_38,x_36_42,8.0,crossing_pair
x_8_38,x_36_43,8.0,crossing_pair
x_8_38,x_37_44,8.0,crossing_pair
x_8_38,x_38_44,8.0,shared_nucleotide
x_8_39,x_8_42,8.0,shared_nucleotide
x_8_39,x_8_43,8.0,shared_nucleotide
x_8_39,x_9_39,8.0,shared_nucleotide
x_8_39,x_9_42,8.0,crossing_pair
x_8_39,x_9_43,8.0,crossing_pair
x_8_39,x_10_40,8.0,crossing_pair
x_8_39,x_10_44,8.0,crossing_pair
x_8_39,x_11_40,8.0,crossing_pair
x_8_39,x_11_44,8.0,crossing_pair
x_8_39,x_12_40,8.0,crossing_pair
x_8_39,x_12_44,8.0,crossing_pair
x_8_39,x_13_39,8.0,shared_nucleotide
x_8_39,x_13_41,8.0,crossing_pair
x_8_39,x_13_42,8.0,crossing_pair
x_8_39,x_13_43,8.0,crossing_pair
x_8_39,x_14_40,8.0,crossing_pair
x_8_39,x_14_44,8.0,crossing_pair
x_8_39,x_15_40,8.0,crossing_pair
x_8_39,x_15_44,8.0,crossing_pair
x_8_39,x_16_39,8.0,shared_nucleotide
x_8_39,x_16_41,8.0,crossing_pair
x_8_39,x_16_42,8.0,crossing_pair
x_8_39,x_16_43,8.0,crossing_pair
x_8_39,x_17_39,8.0,shared_nucleotide
x_8_39,x_17_42,8.0,crossing_pair
x_8_39,x_17_43,8.0,crossing_pair
x_8_39,x_18_40,8.0,crossing_pair
x_8_39,x_18_44,8.0,crossing_pair
x_8_39,x_19_40,8.0,crossing_pair
x_8_39,x_19_44,8.0,crossing_pair
x_8_39,x_20_39,8.0,shared_nucleotide
x_8_39,x_20_41,8.0,crossing_pair
x_8_39,x_20_42,8.0,crossing_pair
x_8_39,x_20_43,8.0,crossing_pair
x_8_39,x_21_39,8.0,shared_nucleotide
x_8_39,x_21_42,8.0,crossing_pair
x_8_39,x_21_43,8.0,crossing_pair
x_8_39,x_22_39,8.0,shared_nucleotide
x_8_39,x_22_41,8.0,crossing_pair
x_8_39,x_22_42,8.0,crossing_pair
x_8_39,x_22_43,8.0,crossing_pair
x_8_39,x_23_39,8.0,shared_nucleotide
x_8_39,x_23_42,8.0,crossing_pair
x_8_39,x_23_43,8.0,crossing_pair
x_8_39,x_24_39,8.0,shared_nucleotide
x_8_39,x_24_42,8.0,crossing_pair
x_8_39,x_24_43,8.0,crossing_pair
x_8_39,x_25_40,8.0,crossing_pair
x_8_39,x_25_44,8.0,crossing_pair
x_8_39,x_26_39,8.0,shared_nucleotide
x_8_39,x_26_42,8.0,crossing_pair
x_8_39,x_26_43,8.0,crossing_pair
x_8_39,x_27_39,8.0,shared_nucleotide
x_8_39,x_27_42,8.0,crossing_pair
x_8_39,x_27_43,8.0,crossing_pair
x_8_39,x_28_39,8.0,shared_nucleotide
x_8_39,x_28_42,8.0,crossing_pair
x_8_39,x_28_43,8.0,crossing_pair
x_8_39,x_29_39,8.0,shared_nucleotide
x_8_39,x_29_42,8.0,crossing_pair
x_8_39,x_29_43,8.0,crossing_pair
x_8_39,x_30_40,8.0,crossing_pair
x_8_39,x_30_44,8.0,crossing_pair
x_8_39,x_31_39,8.0,shared_nucleotide
x_8_39,x_31_42,8.0,crossing_pair
x_8_39,x_31_43,8.0,crossing_pair
x_8_39,x_32_40,8.0,crossing_pair
x_8_39,x_32_44,8.0,crossing_pair
x_8_39,x_33_39,8.0,shared_nucleotide
x_8_39,x_33_42,8.0,crossing_pair
x_8_39,x_33_43,8.0,crossing_pair
x_8_39,x_34_39,8.0,shared_nucleotide
x_8_39,x_34_41,8.0,crossing_pair
x_8_39,x_34_42,8.0,crossing_pair
x_8_39,x_34_43,8.0,crossing_pair
x_8_39,x_35_39,8.0,shared_nucleotide
x_8_39,x_35_42,8.0,crossing_pair
x_8_39,x_35_43,8.0,crossing_pair
x_8_39,x_36_42,8.0,crossing_pair
x_8_39,x_36_43,8.0,crossing_pair
x_8_39,x_37_44,8.0,crossing_pair
x_8_39,x_38_44,8.0,crossing_pair
x_8_39,x_39_44,8.0,shared_nucleotide
x_8_42,x_8_43,8.0,shared_nucleotide
x_8_42,x_9_42,8.0,shared_nucleotide
x_8_42,x_9_43,8.0,crossing_pair
x_8_42,x_10_44,8.0,crossing_pair
x_8_42,x_11_44,8.0,crossing_pair
x_8_42,x_12_44,8.0,crossing_pair
x_8_42,x_13_42,8.0,shared_nucleotide
x_8_42,x_13_43,8.0,crossing_pair
x_8_42,x_14_44,8.0,crossing_pair
x_8_42,x_15_44,8.0,crossing_pair
x_8_42,x_16_42,8.0,shared_nucleotide
x_8_42,x_16_43,8.0,crossing_pair
x_8_42,x_17_42,8.0,shared_nucleotide
x_8_42,x_17_43,8.0,crossing_pair
x_8_42,x_18_44,8.0,crossing_pair
x_8_42,x_19_44,8.0,crossing_pair
x_8_42,x_20_42,8.0,shared_nucleotide
x_8_42,x_20_43,8.0,crossing_pair
x_8_42,x_21_42,8.0,shared_nucleotide
x_8_42,x_21_43,8.0,crossing_pair
x_8_42,x_22_42,8.0,shared_nucleotide
x_8_42,x_22_43,8.0,crossing_pair
x_8_42,x_23_42,8.0,shared_nucleotide
x_8_42,x_23_43,8.0,crossing_pair
x_8_42,x_24_42,8.0,shared_nucleotide
x_8_42,x_24_43,8.0,crossing_pair
x_8_42,x_25_44,8.0,crossing_pair
x_8_42,x_26_42,8.0,shared_nucleotide
x_8_42,x_26_43,8.0,crossing_pair
x_8_42,x_27_42,8.0,shared_nucleotide
x_8_42,x_27_43,8.0,crossing_pair
x_8_42,x_28_42,8.0,shared_nucleotide
x_8_42,x_28_43,8.0,crossing_pair
x_8_42,x_29_42,8.0,shared_nucleotide
x_8_42,x_29_43,8.0,crossing_pair
x_8_42,x_30_44,8.0,crossing_pair
x_8_42,x_31_42,8.0,shared_nucleotide
x_8_42,x_31_43,8.0,crossing_pair
x_8_42,x_32_44,8.0,crossing_pair
x_8_42,x_33_42,8.0,shared_nucleotide
x_8_42,x_33_43,8.0,crossing_pair
x_8_42,x_34_42,8.0,shared_nucleotide
x_8_42,x_34_43,8.0,crossing_pair
x_8_42,x_35_42,8.0,shared_nucleotide
x_8_42,x_35_43,8.0,crossing_pair
x_8_42,x_36_42,8.0,shared_nucleotide
x_8_42,x_36_43,8.0,crossing_pair
x_8_42,x_37_44,8.0,crossing_pair
x_8_42,x_38_44,8.0,crossing_pair
x_8_42,x_39_44,8.0,crossing_pair
x_8_43,x_9_43,8.0,shared_nucleotide
x_8_43,x_10_44,8.0,crossing_pair
x_8_43,x_11_44,8.0,crossing_pair
x_8_43,x_12_44,8.0,crossing_pair
x_8_43,x_13_43,8.0,shared_nucleotide
x_8_43,x_14_44,8.0,crossing_pair
x_8_43,x_15_44,8.0,crossing_pair
x_8_43,x_16_43,8.0,shared_nucleotide
x_8_43,x_17_43,8.0,shared_nucleotide
x_8_43,x_18_44,8.0,crossing_pair
x_8_43,x_19_44,8.0,crossing_pair
x_8_43,x_20_43,8.0,shared_nucleotide
x_8_43,x_21_43,8.0,shared_nucleotide
x_8_43,x_22_43,8.0,shared_nucleotide
x_8_43,x_23_43,8.0,shared_nucleotide
x_8_43,x_24_43,8.0,shared_nucleotide
x_8_43,x_25_44,8.0,crossing_pair
x_8_43,x_26_43,8.0,shared_nucleotide
x_8_43,x_27_43,8.0,shared_nucleotide
x_8_43,x_28_43,8.0,shared_nucleotide
x_8_43,x_29_43,8.0,shared_nucleotide
x_8_43,x_30_44,8.0,crossing_pair
x_8_43,x_31_43,8.0,shared_nucleotide
x_8_43,x_32_44,8.0,crossing_pair
x_8_43,x_33_43,8.0,shared_nucleotide
x_8_43,x_34_43,8.0,shared_nucleotide
x_8_43,x_35_43,8.0,shared_nucleotide
x_8_43,x_36_43,8.0,shared_nucleotide
x_8_43,x_37_44,8.0,crossing_pair
x_8_43,x_38_44,8.0,crossing_pair
x_8_43,x_39_44,8.0,crossing_pair
x_9_14,x_9_18,8.0,shared_nucleotide
x_9_14,x_9_19,8.0,shared_nucleotide
x_9_14,x_9_30,8.0,shared_nucleotide
x_9_14,x_9_37,8.0,shared_nucleotide
x_9_14,x_9_38,8.0,shared_nucleotide
x_9_14,x_9_39,8.0,shared_nucleotide
x_9_14,x_9_42,8.0,shared_nucleotide
x_9_14,x_9_43,8.0,shared_nucleotide
x_9_14,x_10_16,8.0,crossing_pair
x_9_14,x_10_20,8.0,crossing_pair
x_9_14,x_10_22,8.0,crossing_pair
x_9_14,x_10_34,8.0,crossing_pair
x_9_14,x_10_40,8.0,crossing_pair
x_9_14,x_10_44,8.0,crossing_pair
x_9_14,x_11_16,8.0,crossing_pair
x_9_14,x_11_17,8.0,crossing_pair
x_9_14,x_11_20,8.0,crossing_pair
x_9_14,x_11_21,8.0,crossing_pair
x_9_14,x_11_22,8.0,crossing_pair
x_9_14,x_11_23,8.0,crossing_pair
x_9_14,x_11_24,8.0,crossing_pair
x_9_14,x_11_26,8.0,crossing_pair
x_9_14,x_11_27,8.0,crossing_pair
x_9_14,x_11_28,8.0,crossing_pair
x_9_14,x_11_29,8.0,crossing_pair
x_9_14,x_11_31,8.0,crossing_pair
x_9_14,x_11_33,8.0,crossing_pair
x_9_14,x_11_34,8.0,crossing_pair
x_9_14,x_11_35,8.0,crossing_pair
x_9_14,x_11_36,8.0,crossing_pair
x_9_14,x_11_40,8.0,crossing_pair
x_9_14,x_11_44,8.0,crossing_pair
x_9_14,x_12_16,8.0,crossing_pair
x_9_14,x_12_17,8.0,crossing_pair
x_9_14,x_12_20,8.0,crossing_pair
x_9_14,x_12_21,8.0,crossing_pair
x_9_14,x_12_22,8.0,crossing_pair
x_9_14,x_12_23,8.0,crossing_pair
x_9_14,x_12_24,8.0,crossing_pair
x_9_14,x_12_26,8.0,crossing_pair
x_9_14,x_12_27,8.0,crossing_pair
x_9_14,x_12_28,8.0,crossing_pair
x_9_14,x_12_29,8.0,crossing_pair
x_9_14,x_12_31,8.0,crossing_pair
x_9_14,x_12_33,8.0,crossing_pair
x_9_14,x_12_34,8.0,crossing_pair
x_9_14,x_12_35,8.0,crossing_pair
x_9_14,x_12_36,8.0,crossing_pair
x_9_14,x_12_40,8.0,crossing_pair
x_9_14,x_12_44,8.0,crossing_pair
x_9_14,x_13_18,8.0,crossing_pair
x_9_14,x_13_19,8.0,crossing_pair
x_9_14,x_13_25,8.0,crossing_pair
x_9_14,x_13_30,8.0,crossing_pair
x_9_14,x_13_32,8.0,crossing_pair
x_9_14,x_13_37,8.0,crossing_pair
x_9_14,x_13_38,8.0,crossing_pair
x_9_14,x_13_39,8.0,crossing_pair
x_9_14,x_13_41,8.0,crossing_pair
x_9_14,x_13_42,8.0,crossing_pair
x_9_14,x_13_43,8.0,crossing_pair
x_9_14,x_14_20,8.0,shared_nucleotide
x_9_14,x_14_21,8.0,shared_nucleotide
x_9_14,x_14_22,8.0,shared_nucleotide
x_9_14,x_14_23,8.0,shared_nucleotide
x_9_14,x_14_24,8.0,shared_nucleotide
x_9_14,x_14_26,8.0,shared_nucleotide
x_9_14,x_14_27,8.0,shared_nucleotide
x_9_14,x_14_28,8.0,shared_nucleotide
x_9_14,x_14_29,8.0,shared_nucleotide
x_9_14,x_14_31,8.0,shared_nucleotide
x_9_14,x_14_33,8.0,shared_nucleotide
x_9_14,x_14_34,8.0,shared_nucleotide
x_9_14,x_14_35,8.0,shared_nucleotide
x_9_14,x_14_36,8.0,shared_nucleotide
x_9_14,x_14_40,8.0,shared_nucleotide
x_9_14,x_14_44,8.0,shared_nucleotide
x_9_18,x_9_19,8.0,shared_nucleotide
x_9_18,x_9_30,8.0,shared_nucleotide
x_9_18,x_9_37,8.0,shared_nucleotide
x_9_18,x_9_38,8.0,shared_nucleotide
x_9_18,x_9_39,8.0,shared_nucleotide
x_9_18,x_9_42,8.0,shared_nucleotide
x_9_18,x_9_43,8.0,shared_nucleotide
x_9_18,x_10_20,8.0,crossing_pair
x_9_18,x_10_22,8.0,crossing_pair
x_9_18,x_10_34,8.0,crossing_pair
x_9_18,x_10_40,8.0,crossing_pair
x_9_18,x_10_44,8.0,crossing_pair
x_9_18,x_11_20,8.0,crossing_pair
x_9_18,x_11_21,8.0,crossing_pair
x_9_18,x_11_22,8.0,crossing_pair
x_9_18,x_11_23,8.0,crossing_pair
x_9_18,x_11_24,8.0,crossing_pair
x_9_18,x_11_26,8.0,crossing_pair
x_9_18,x_11_27,8.0,crossing_pair
x_9_18,x_11_28,8.0,crossing_pair
x_9_18,x_11_29,8.0,crossing_pair
x_9_18,x_11_31,8.0,crossing_pair
x_9_18,x_11_33,8.0,crossing_pair
x_9_18,x_11_34,8.0,crossing_pair
x_9_18,x_11_35,8.0,crossing_pair
x_9_18,x_11_36,8.0,crossing_pair
x_9_18,x_11_40,8.0,crossing_pair
x_9_18,x_11_44,8.0,crossing_pair
x_9_18,x_12_20,8.0,crossing_pair
x_9_18,x_12_21,8.0,crossing_pair
x_9_18,x_12_22,8.0,crossing_pair
x_9_18,x_12_23,8.0,crossing_pair
x_9_18,x_12_24,8.0,crossing_pair
x_9_18,x_12_26,8.0,crossing_pair
x_9_18,x_12_27,8.0,crossing_pair
x_9_18,x_12_28,8.0,crossing_pair
x_9_18,x_12_29,8.0,crossing_pair
x_9_18,x_12_31,8.0,crossing_pair
x_9_18,x_12_33,8.0,crossing_pair
x_9_18,x_12_34,8.0,crossing_pair
x_9_18,x_12_35,8.0,crossing_pair
x_9_18,x_12_36,8.0,crossing_pair
x_9_18,x_12_40,8.0,crossing_pair
x_9_18,x_12_44,8.0,crossing_pair
x_9_18,x_13_18,8.0,shared_nucleotide
x_9_18,x_13_19,8.0,crossing_pair
x_9_18,x_13_25,8.0,crossing_pair
x_9_18,x_13_30,8.0,crossing_pair
x_9_18,x_13_32,8.0,crossing_pair
x_9_18,x_13_37,8.0,crossing_pair
x_9_18,x_13_38,8.0,crossing_pair
x_9_18,x_13_39,8.0,crossing_pair
x_9_18,x_13_41,8.0,crossing_pair
x_9_18,x_13_42,8.0,crossing_pair
x_9_18,x_13_43,8.0,crossing_pair
x_9_18,x_14_20,8.0,crossing_pair
x_9_18,x_14_21,8.0,crossing_pair
x_9_18,x_14_22,8.0,crossing_pair
x_9_18,x_14_23,8.0,crossing_pair
x_9_18,x_14_24,8.0,crossing_pair
x_9_18,x_14_26,8.0,crossing_pair
x_9_18,x_14_27,8.0,crossing_pair
x_9_18,x_14_28,8.0,crossing_pair
x_9_18,x_14_29,8.0,crossing_pair
x_9_18,x_14_31,8.0,crossing_pair
x_9_18,x_14_33,8.0,crossing_pair
x_9_18,x_14_34,8.0,crossing_pair
x_9_18,x_14_35,8.0,crossing_pair
x_9_18,x_14_36,8.0,crossing_pair
x_9_18,x_14_40,8.0,crossing_pair
x_9_18,x_14_44,8.0,crossing_pair
x_9_18,x_15_20,8.0,crossing_pair
x_9_18,x_15_22,8.0,crossing_pair
x_9_18,x_15_34,8.0,crossing_pair
x_9_18,x_15_40,8.0,crossing_pair
x_9_18,x_15_44,8.0,crossing_pair
x_9_18,x_16_25,8.0,crossing_pair
x_9_18,x_16_30,8.0,crossing_pair
x_9_18,x_16_32,8.0,crossing_pair
x_9_18,x_16_37,8.0,crossing_pair
x_9_18,x_16_38,8.0,crossing_pair
x_9_18,x_16_39,8.0,crossing_pair
x_9_18,x_16_41,8.0,crossing_pair
x_9_18,x_16_42,8.0,crossing_pair
x_9_18,x_16_43,8.0,crossing_pair
x_9_18,x_17_30,8.0,crossing_pair
x_9_18,x_17_37,8.0,crossing_pair
x_9_18,x_17_38,8.0,crossing_pair
x_9_18,x_17_39,8.0,crossing_pair
x_9_18,x_17_42,8.0,crossing_pair
x_9_18,x_17_43,8.0,crossing_pair
x_9_18,x_18_22,8.0,shared_nucleotide
x_9_18,x_18_23,8.0,shared_nucleotide
x_9_18,x_18_24,8.0,shared_nucleotide
x_9_18,x_18_26,8.0,shared_nucleotide
x_9_18,x_18_27,8.0,shared_nucleotide
x_9_18,x_18_28,8.0,shared_nucleotide
x_9_18,x_18_29,8.0,shared_nucleotide
x_9_18,x_18_31,8.0,shared_nucleotide
x_9_18,x_18_33,8.0,shared_nucleotide
x_9_18,x_18_34,8.0,shared_nucleotide
x_9_18,x_18_35,8.0,shared_nucleotide
x_9_18,x_18_36,8.0,shared_nucleotide
x_9_18,x_18_40,8.0,shared_nucleotide
x_9_18,x_18_44,8.0,shared_nucleotide
x_9_19,x_9_30,8.0,shared_nucleotide
x_9_19,x_9_37,8.0,shared_nucleotide
x_9_19,x_9_38,8.0,shared_nucleotide
x_9_19,x_9_39,8.0,shared_nucleotide
x_9_19,x_9_42,8.0,shared_nucleotide
x_9_19,x_9_43,8.0,shared_nucleotide
x_9_19,x_10_20,8.0,crossing_pair
x_9_19,x_10_22,8.0,crossing_pair
x_9_19,x_10_34,8.0,crossing_pair
x_9_19,x_10_40,8.0,crossing_pair
x_9_19,x_10_44,8.0,crossing_pair
x_9_19,x_11_20,8.0,crossing_pair
x_9_19,x_11_21,8.0,crossing_pair
x_9_19,x_11_22,8.0,crossing_pair
x_9_19,x_11_23,8.0,crossing_pair
x_9_19,x_11_24,8.0,crossing_pair
x_9_19,x_11_26,8.0,crossing_pair
x_9_19,x_11_27,8.0,crossing_pair
x_9_19,x_11_28,8.0,crossing_pair
x_9_19,x_11_29,8.0,crossing_pair
x_9_19,x_11_31,8.0,crossing_pair
x_9_19,x_11_33,8.0,crossing_pair
x_9_19,x_11_34,8.0,crossing_pair
x_9_19,x_11_35,8.0,crossing_pair
x_9_19,x_11_36,8.0,crossing_pair
x_9_19,x_11_40,8.0,crossing_pair
x_9_19,x_11_44,8.0,crossing_pair
x_9_19,x_12_20,8.0,crossing_pair
x_9_19,x_12_21,8.0,crossing_pair
x_9_19,x_12_22,8.0,crossing_pair
x_9_19,x_12_23,8.0,crossing_pair
x_9_19,x_12_24,8.0,crossing_pair
x_9_19,x_12_26,8.0,crossing_pair
x_9_19,x_12_27,8.0,crossing_pair
x_9_19,x_12_28,8.0,crossing_pair
x_9_19,x_12_29,8.0,crossing_pair
x_9_19,x_12_31,8.0,crossing_pair
x_9_19,x_12_33,8.0,crossing_pair
x_9_19,x_12_34,8.0,crossing_pair
x_9_19,x_12_35,8.0,crossing_pair
x_9_19,x_12_36,8.0,crossing_pair
x_9_19,x_12_40,8.0,crossing_pair
x_9_19,x_12_44,8.0,crossing_pair
x_9_19,x_13_19,8.0,shared_nucleotide
x_9_19,x_13_25,8.0,crossing_pair
x_9_19,x_13_30,8.0,crossing_pair
x_9_19,x_13_32,8.0,crossing_pair
x_9_19,x_13_37,8.0,crossing_pair
x_9_19,x_13_38,8.0,crossing_pair
x_9_19,x_13_39,8.0,crossing_pair
x_9_19,x_13_41,8.0,crossing_pair
x_9_19,x_13_42,8.0,crossing_pair
x_9_19,x_13_43,8.0,crossing_pair
x_9_19,x_14_20,8.0,crossing_pair
x_9_19,x_14_21,8.0,crossing_pair
x_9_19,x_14_22,8.0,crossing_pair
x_9_19,x_14_23,8.0,crossing_pair
x_9_19,x_14_24,8.0,crossing_pair
x_9_19,x_14_26,8.0,crossing_pair
x_9_19,x_14_27,8.0,crossing_pair
x_9_19,x_14_28,8.0,crossing_pair
x_9_19,x_14_29,8.0,crossing_pair
x_9_19,x_14_31,8.0,crossing_pair
x_9_19,x_14_33,8.0,crossing_pair
x_9_19,x_14_34,8.0,crossing_pair
x_9_19,x_14_35,8.0,crossing_pair
x_9_19,x_14_36,8.0,crossing_pair
x_9_19,x_14_40,8.0,crossing_pair
x_9_19,x_14_44,8.0,crossing_pair
x_9_19,x_15_20,8.0,crossing_pair
x_9_19,x_15_22,8.0,crossing_pair
x_9_19,x_15_34,8.0,crossing_pair
x_9_19,x_15_40,8.0,crossing_pair
x_9_19,x_15_44,8.0,crossing_pair
x_9_19,x_16_25,8.0,crossing_pair
x_9_19,x_16_30,8.0,crossing_pair
x_9_19,x_16_32,8.0,crossing_pair
x_9_19,x_16_37,8.0,crossing_pair
x_9_19,x_16_38,8.0,crossing_pair
x_9_19,x_16_39,8.0,crossing_pair
x_9_19,x_16_41,8.0,crossing_pair
x_9_19,x_16_42,8.0,crossing_pair
x_9_19,x_16_43,8.0,crossing_pair
x_9_19,x_17_30,8.0,crossing_pair
x_9_19,x_17_37,8.0,crossing_pair
x_9_19,x_17_38,8.0,crossing_pair
x_9_19,x_17_39,8.0,crossing_pair
x_9_19,x_17_42,8.0,crossing_pair
x_9_19,x_17_43,8.0,crossing_pair
x_9_19,x_18_22,8.0,crossing_pair
x_9_19,x_18_23,8.0,crossing_pair
x_9_19,x_18_24,8.0,crossing_pair
x_9_19,x_18_26,8.0,crossing_pair
x_9_19,x_18_27,8.0,crossing_pair
x_9_19,x_18_28,8.0,crossing_pair
x_9_19,x_18_29,8.0,crossing_pair
x_9_19,x_18_31,8.0,crossing_pair
x_9_19,x_18_33,8.0,crossing_pair
x_9_19,x_18_34,8.0,crossing_pair
x_9_19,x_18_35,8.0,crossing_pair
x_9_19,x_18_36,8.0,crossing_pair
x_9_19,x_18_40,8.0,crossing_pair
x_9_19,x_18_44,8.0,crossing_pair
x_9_19,x_19_23,8.0,shared_nucleotide
x_9_19,x_19_24,8.0,shared_nucleotide
x_9_19,x_19_26,8.0,shared_nucleotide
x_9_19,x_19_27,8.0,shared_nucleotide
x_9_19,x_19_28,8.0,shared_nucleotide
x_9_19,x_19_29,8.0,shared_nucleotide
x_9_19,x_19_31,8.0,shared_nucleotide
x_9_19,x_19_33,8.0,shared_nucleotide
x_9_19,x_19_34,8.0,shared_nucleotide
x_9_19,x_19_35,8.0,shared_nucleotide
x_9_19,x_19_36,8.0,shared_nucleotide
x_9_19,x_19_40,8.0,shared_nucleotide
x_9_19,x_19_44,8.0,shared_nucleotide
x_9_30,x_9_37,8.0,shared_nucleotide
x_9_30,x_9_38,8.0,shared_nucleotide
x_9_30,x_9_39,8.0,shared_nucleotide
x_9_30,x_9_42,8.0,shared_nucleotide
x_9_30,x_9_43,8.0,shared_nucleotide
x_9_30,x_10_34,8.0,crossing_pair
x_9_30,x_10_40,8.0,crossing_pair
x_9_30,x_10_44,8.0,crossing_pair
x_9_30,x_11_31,8.0,crossing_pair
x_9_30,x_11_33,8.0,crossing_pair
x_9_30,x_11_34,8.0,crossing_pair
x_9_30,x_11_35,8.0,crossing_pair
x_9_30,x_11_36,8.0,crossing_pair
x_9_30,x_11_40,8.0,crossing_pair
x_9_30,x_11_44,8.0,crossing_pair
x_9_30,x_12_31,8.0,crossing_pair
x_9_30,x_12_33,8.0,crossing_pair
x_9_30,x_12_34,8.0,crossing_pair
x_9_30,x_12_35,8.0,crossing_pair
x_9_30,x_12_36,8.0,crossing_pair
x_9_30,x_12_40,8.0,crossing_pair
x_9_30,x_12_44,8.0,crossing_pair
x_9_30,x_13_30,8.0,shared_nucleotide
x_9_30,x_13_32,8.0,crossing_pair
x_9_30,x_13_37,8.0,crossing_pair
x_9_30,x_13_38,8.0,crossing_pair
x_9_30,x_13_39,8.0,crossing_pair
x_9_30,x_13_41,8.0,crossing_pair
x_9_30,x_13_42,8.0,crossing_pair
x_9_30,x_13_43,8.0,crossing_pair
x_9_30,x_14_31,8.0,crossing_pair
x_9_30,x_14_33,8.0,crossing_pair
x_9_30,x_14_34,8.0,crossing_pair
x_9_30,x_14_35,8.0,crossing_pair
x_9_30,x_14_36,8.0,crossing_pair
x_9_30,x_14_40,8.0,crossing_pair
x_9_30,x_14_44,8.0,crossing_pair
x_9_30,x_15_34,8.0,crossing_pair
x_9_30,x_15_40,8.0,crossing_pair
x_9_30,x_15_44,8.0,crossing_pair
x_9_30,x_16_30,8.0,shared_nucleotide
x_9_30,x_16_32,8.0,crossing_pair
x_9_30,x_16_37,8.0,crossing_pair
x_9_30,x_16_38,8.0,crossing_pair
x_9_30,x_16_39,8.0,crossing_pair
x_9_30,x_16_41,8.0,crossing_pair
x_9_30,x_16_42,8.0,crossing_pair
x_9_30,x_16_43,8.0,crossing_pair
x_9_30,x_17_30,8.0,shared_nucleotide
x_9_30,x_17_37,8.0,crossing_pair
x_9_30,x_17_38,8.0,crossing_pair
x_9_30,x_17_39,8.0,crossing_pair
x_9_30,x_17_42,8.0,crossing_pair
x_9_30,x_17_43,8.0,crossing_pair
x_9_30,x_18_31,8.0,crossing_pair
x_9_30,x_18_33,8.0,crossing_pair
x_9_30,x_18_34,8.0,crossing_pair
x_9_30,x_18_35,8.0,crossing_pair
x_9_30,x_18_36,8.0,crossing_pair
x_9_30,x_18_40,8.0,crossing_pair
x_9_30,x_18_44,8.0,crossing_pair
x_9_30,x_19_31,8.0,crossing_pair
x_9_30,x_19_33,8.0,crossing_pair
x_9_30,x_19_34,8.0,crossing_pair
x_9_30,x_19_35,8.0,crossing_pair
x_9_30,x_19_36,8.0,crossing_pair
x_9_30,x_19_40,8.0,crossing_pair
x_9_30,x_19_44,8.0,crossing_pair
x_9_30,x_20_30,8.0,shared_nucleotide
x_9_30,x_20_32,8.0,crossing_pair
x_9_30,x_20_37,8.0,crossing_pair
x_9_30,x_20_38,8.0,crossing_pair
x_9_30,x_20_39,8.0,crossing_pair
x_9_30,x_20_41,8.0,crossing_pair
x_9_30,x_20_42,8.0,crossing_pair
x_9_30,x_20_43,8.0,crossing_pair
x_9_30,x_21_30,8.0,shared_nucleotide
x_9_30,x_21_37,8.0,crossing_pair
x_9_30,x_21_38,8.0,crossing_pair
x_9_30,x_21_39,8.0,crossing_pair
x_9_30,x_21_42,8.0,crossing_pair
x_9_30,x_21_43,8.0,crossing_pair
x_9_30,x_22_30,8.0,shared_nucleotide
x_9_30,x_22_32,8.0,crossing_pair
x_9_30,x_22_37,8.0,crossing_pair
x_9_30,x_22_38,8.0,crossing_pair
x_9_30,x_22_39,8.0,crossing_pair
x_9_30,x_22_41,8.0,crossing_pair
x_9_30,x_22_42,8.0,crossing_pair
x_9_30,x_22_43,8.0,crossing_pair
x_9_30,x_23_30,8.0,shared_nucleotide
x_9_30,x_23_37,8.0,crossing_pair
x_9_30,x_23_38,8.0,crossing_pair
x_9_30,x_23_39,8.0,crossing_pair
x_9_30,x_23_42,8.0,crossing_pair
x_9_30,x_23_43,8.0,crossing_pair
x_9_30,x_24_30,8.0,shared_nucleotide
x_9_30,x_24_37,8.0,crossing_pair
x_9_30,x_24_38,8.0,crossing_pair
x_9_30,x_24_39,8.0,crossing_pair
x_9_30,x_24_42,8.0,crossing_pair
x_9_30,x_24_43,8.0,crossing_pair
x_9_30,x_25_34,8.0,crossing_pair
x_9_30,x_25_40,8.0,crossing_pair
x_9_30,x_25_44,8.0,crossing_pair
x_9_30,x_26_30,8.0,shared_nucleotide
x_9_30,x_26_37,8.0,crossing_pair
x_9_30,x_26_38,8.0,crossing_pair
x_9_30,x_26_39,8.0,crossing_pair
x_9_30,x_26_42,8.0,crossing_pair
x_9_30,x_26_43,8.0,crossing_pair
x_9_30,x_27_37,8.0,crossing_pair
x_9_30,x_27_38,8.0,crossing_pair
x_9_30,x_27_39,8.0,crossing_pair
x_9_30,x_27_42,8.0,crossing_pair
x_9_30,x_27_43,8.0,crossing_pair
x_9_30,x_28_37,8.0,crossing_pair
x_9_30,x_28_38,8.0,crossing_pair
x_9_30,x_28_39,8.0,crossing_pair
x_9_30,x_28_42,8.0,crossing_pair
x_9_30,x_28_43,8.0,crossing_pair
x_9_30,x_29_37,8.0,crossing_pair
x_9_30,x_29_38,8.0,crossing_pair
x_9_30,x_29_39,8.0,crossing_pair
x_9_30,x_29_42,8.0,crossing_pair
x_9_30,x_29_43,8.0,crossing_pair
x_9_30,x_30_34,8.0,shared_nucleotide
x_9_30,x_30_35,8.0,shared_nucleotide
x_9_30,x_30_36,8.0,shared_nucleotide
x_9_30,x_30_40,8.0,shared_nucleotide
x_9_30,x_30_44,8.0,shared_nucleotide
x_9_37,x_9_38,8.0,shared_nucleotide
x_9_37,x_9_39,8.0,shared_nucleotide
x_9_37,x_9_42,8.0,shared_nucleotide
x_9_37,x_9_43,8.0,shared_nucleotide
x_9_37,x_10_40,8.0,crossing_pair
x_9_37,x_10_44,8.0,crossing_pair
x_9_37,x_11_40,8.0,crossing_pair
x_9_37,x_11_44,8.0,crossing_pair
x_9_37,x_12_40,8.0,crossing_pair
x_9_37,x_12_44,8.0,crossing_pair
x_9_37,x_13_37,8.0,shared_nucleotide
x_9_37,x_13_38,8.0,crossing_pair
x_9_37,x_13_39,8.0,crossing_pair
x_9_37,x_13_41,8.0,crossing_pair
x_9_37,x_13_42,8.0,crossing_pair
x_9_37,x_13_43,8.0,crossing_pair
x_9_37,x_14_40,8.0,crossing_pair
x_9_37,x_14_44,8.0,crossing_pair
x_9_37,x_15_40,8.0,crossing_pair
x_9_37,x_15_44,8.0,crossing_pair
x_9_37,x_16_37,8.0,shared_nucleotide
x_9_37,x_16_38,8.0,crossing_pair
x_9_37,x_16_39,8.0,crossing_pair
x_9_37,x_16_41,8.0,crossing_pair
x_9_37,x_16_42,8.0,crossing_pair
x_9_37,x_16_43,8.0,crossing_pair
x_9_37,x_17_37,8.0,shared_nucleotide
x_9_37,x_17_38,8.0,crossing_pair
x_9_37,x_17_39,8.0,crossing_pair
x_9_37,x_17_42,8.0,crossing_pair
x_9_37,x_17_43,8.0,crossing_pair
x_9_37,x_18_40,8.0,crossing_pair
x_9_37,x_18_44,8.0,crossing_pair
x_9_37,x_19_40,8.0,crossing_pair
x_9_37,x_19_44,8.0,crossing_pair
x_9_37,x_20_37,8.0,shared_nucleotide
x_9_37,x_20_38,8.0,crossing_pair
x_9_37,x_20_39,8.0,crossing_pair
x_9_37,x_20_41,8.0,crossing_pair
x_9_37,x_20_42,8.0,crossing_pair
x_9_37,x_20_43,8.0,crossing_pair
x_9_37,x_21_37,8.0,shared_nucleotide
x_9_37,x_21_38,8.0,crossing_pair
x_9_37,x_21_39,8.0,crossing_pair
x_9_37,x_21_42,8.0,crossing_pair
x_9_37,x_21_43,8.0,crossing_pair
x_9_37,x_22_37,8.0,shared_nucleotide
x_9_37,x_22_38,8.0,crossing_pair
x_9_37,x_22_39,8.0,crossing_pair
x_9_37,x_22_41,8.0,crossing_pair
x_9_37,x_22_42,8.0,crossing_pair
x_9_37,x_22_43,8.0,crossing_pair
x_9_37,x_23_37,8.0,shared_nucleotide
x_9_37,x_23_38,8.0,crossing_pair
x_9_37,x_23_39,8.0,crossing_pair
x_9_37,x_23_42,8.0,crossing_pair
x_9_37,x_23_43,8.0,crossing_pair
x_9_37,x_24_37,8.0,shared_nucleotide
x_9_37,x_24_38,8.0,crossing_pair
x_9_37,x_24_39,8.0,crossing_pair
x_9_37,x_24_42,8.0,crossing_pair
x_9_37,x_24_43,8.0,crossing_pair
x_9_37,x_25_40,8.0,crossing_pair
x_9_37,x_25_44,8.0,crossing_pair
x_9_37,x_26_37,8.0,shared_nucleotide
x_9_37,x_26_38,8.0,crossing_pair
x_9_37,x_26_39,8.0,crossing_pair
x_9_37,x_26_42,8.0,crossing_pair
x_9_37,x_26_43,8.0,crossing_pair
x_9_37,x_27_37,8.0,shared_nucleotide
x_9_37,x_27_38,8.0,crossing_pair
x_9_37,x_27_39,8.0,crossing_pair
x_9_37,x_27_42,8.0,crossing_pair
x_9_37,x_27_43,8.0,crossing_pair
x_9_37,x_28_37,8.0,shared_nucleotide
x_9_37,x_28_38,8.0,crossing_pair
x_9_37,x_28_39,8.0,crossing_pair
x_9_37,x_28_42,8.0,crossing_pair
x_9_37,x_28_43,8.0,crossing_pair
x_9_37,x_29_37,8.0,shared_nucleotide
x_9_37,x_29_38,8.0,crossing_pair
x_9_37,x_29_39,8.0,crossing_pair
x_9_37,x_29_42,8.0,crossing_pair
x_9_37,x_29_43,8.0,crossing_pair
x_9_37,x_30_40,8.0,crossing_pair
x_9_37,x_30_44,8.0,crossing_pair
x_9_37,x_31_37,8.0,shared_nucleotide
x_9_37,x_31_38,8.0,crossing_pair
x_9_37,x_31_39,8.0,crossing_pair
x_9_37,x_31_42,8.0,crossing_pair
x_9_37,x_31_43,8.0,crossing_pair
x_9_37,x_32_40,8.0,crossing_pair
x_9_37,x_32_44,8.0,crossing_pair
x_9_37,x_33_37,8.0,shared_nucleotide
x_9_37,x_33_38,8.0,crossing_pair
x_9_37,x_33_39,8.0,crossing_pair
x_9_37,x_33_42,8.0,crossing_pair
x_9_37,x_33_43,8.0,crossing_pair
x_9_37,x_34_38,8.0,crossing_pair
x_9_37,x_34_39,8.0,crossing_pair
x_9_37,x_34_41,8.0,crossing_pair
x_9_37,x_34_42,8.0,crossing_pair
x_9_37,x_34_43,8.0,crossing_pair
x_9_37,x_35_39,8.0,crossing_pair
x_9_37,x_35_42,8.0,crossing_pair
x_9_37,x_35_43,8.0,crossing_pair
x_9_37,x_36_42,8.0,crossing_pair
x_9_37,x_36_43,8.0,crossing_pair
x_9_37,x_37_44,8.0,shared_nucleotide
x_9_38,x_9_39,8.0,shared_nucleotide
x_9_38,x_9_42,8.0,shared_nucleotide
x_9_38,x_9_43,8.0,shared_nucleotide
x_9_38,x_10_40,8.0,crossing_pair
x_9_38,x_10_44,8.0,crossing_pair
x_9_38,x_11_40,8.0,crossing_pair
x_9_38,x_11_44,8.0,crossing_pair
x_9_38,x_12_40,8.0,crossing_pair
x_9_38,x_12_44,8.0,crossing_pair
x_9_38,x_13_38,8.0,shared_nucleotide
x_9_38,x_13_39,8.0,crossing_pair
x_9_38,x_13_41,8.0,crossing_pair
x_9_38,x_13_42,8.0,crossing_pair
x_9_38,x_13_43,8.0,crossing_pair
x_9_38,x_14_40,8.0,crossing_pair
x_9_38,x_14_44,8.0,crossing_pair
x_9_38,x_15_40,8.0,crossing_pair
x_9_38,x_15_44,8.0,crossing_pair
x_9_38,x_16_38,8.0,shared_nucleotide
x_9_38,x_16_39,8.0,crossing_pair
x_9_38,x_16_41,8.0,crossing_pair
x_9_38,x_16_42,8.0,crossing_pair
x_9_38,x_16_43,8.0,crossing_pair
x_9_38,x_17_38,8.0,shared_nucleotide
x_9_38,x_17_39,8.0,crossing_pair
x_9_38,x_17_42,8.0,crossing_pair
x_9_38,x_17_43,8.0,crossing_pair
x_9_38,x_18_40,8.0,crossing_pair
x_9_38,x_18_44,8.0,crossing_pair
x_9_38,x_19_40,8.0,crossing_pair
x_9_38,x_19_44,8.0,crossing_pair
x_9_38,x_20_38,8.0,shared_nucleotide
x_9_38,x_20_39,8.0,crossing_pair
x_9_38,x_20_41,8.0,crossing_pair
x_9_38,x_20_42,8.0,crossing_pair
x_9_38,x_20_43,8.0,crossing_pair
x_9_38,x_21_38,8.0,shared_nucleotide
x_9_38,x_21_39,8.0,crossing_pair
x_9_38,x_21_42,8.0,crossing_pair
x_9_38,x_21_43,8.0,crossing_pair
x_9_38,x_22_38,8.0,shared_nucleotide
x_9_38,x_22_39,8.0,crossing_pair
x_9_38,x_22_41,8.0,crossing_pair
x_9_38,x_22_42,8.0,crossing_pair
x_9_38,x_22_43,8.0,crossing_pair
x_9_38,x_23_38,8.0,shared_nucleotide
x_9_38,x_23_39,8.0,crossing_pair
x_9_38,x_23_42,8.0,crossing_pair
x_9_38,x_23_43,8.0,crossing_pair
x_9_38,x_24_38,8.0,shared_nucleotide
x_9_38,x_24_39,8.0,crossing_pair
x_9_38,x_24_42,8.0,crossing_pair
x_9_38,x_24_43,8.0,crossing_pair
x_9_38,x_25_40,8.0,crossing_pair
x_9_38,x_25_44,8.0,crossing_pair
x_9_38,x_26_38,8.0,shared_nucleotide
x_9_38,x_26_39,8.0,crossing_pair
x_9_38,x_26_42,8.0,crossing_pair
x_9_38,x_26_43,8.0,crossing_pair
x_9_38,x_27_38,8.0,shared_nucleotide
x_9_38,x_27_39,8.0,crossing_pair
x_9_38,x_27_42,8.0,crossing_pair
x_9_38,x_27_43,8.0,crossing_pair
x_9_38,x_28_38,8.0,shared_nucleotide
x_9_38,x_28_39,8.0,crossing_pair
x_9_38,x_28_42,8.0,crossing_pair
x_9_38,x_28_43,8.0,crossing_pair
x_9_38,x_29_38,8.0,shared_nucleotide
x_9_38,x_29_39,8.0,crossing_pair
x_9_38,x_29_42,8.0,crossing_pair
x_9_38,x_29_43,8.0,crossing_pair
x_9_38,x_30_40,8.0,crossing_pair
x_9_38,x_30_44,8.0,crossing_pair
x_9_38,x_31_38,8.0,shared_nucleotide
x_9_38,x_31_39,8.0,crossing_pair
x_9_38,x_31_42,8.0,crossing_pair
x_9_38,x_31_43,8.0,crossing_pair
x_9_38,x_32_40,8.0,crossing_pair
x_9_38,x_32_44,8.0,crossing_pair
x_9_38,x_33_38,8.0,shared_nucleotide
x_9_38,x_33_39,8.0,crossing_pair
x_9_38,x_33_42,8.0,crossing_pair
x_9_38,x_33_43,8.0,crossing_pair
x_9_38,x_34_38,8.0,shared_nucleotide
x_9_38,x_34_39,8.0,crossing_pair
x_9_38,x_34_41,8.0,crossing_pair
x_9_38,x_34_42,8.0,crossing_pair
x_9_38,x_34_43,8.0,crossing_pair
x_9_38,x_35_39,8.0,crossing_pair
x_9_38,x_35_42,8.0,crossing_pair
x_9_38,x_35_43,8.0,crossing_pair
x_9_38,x_36_42,8.0,crossing_pair
x_9_38,x_36_43,8.0,crossing_pair
x_9_38,x_37_44,8.0,crossing_pair
x_9_38,x_38_44,8.0,shared_nucleotide
x_9_39,x_9_42,8.0,shared_nucleotide
x_9_39,x_9_43,8.0,shared_nucleotide
x_9_39,x_10_40,8.0,crossing_pair
x_9_39,x_10_44,8.0,crossing_pair
x_9_39,x_11_40,8.0,crossing_pair
x_9_39,x_11_44,8.0,crossing_pair
x_9_39,x_12_40,8.0,crossing_pair
x_9_39,x_12_44,8.0,crossing_pair
x_9_39,x_13_39,8.0,shared_nucleotide
x_9_39,x_13_41,8.0,crossing_pair
x_9_39,x_13_42,8.0,crossing_pair
x_9_39,x_13_43,8.0,crossing_pair
x_9_39,x_14_40,8.0,crossing_pair
x_9_39,x_14_44,8.0,crossing_pair
x_9_39,x_15_40,8.0,crossing_pair
x_9_39,x_15_44,8.0,crossing_pair
x_9_39,x_16_39,8.0,shared_nucleotide
x_9_39,x_16_41,8.0,crossing_pair
x_9_39,x_16_42,8.0,crossing_pair
x_9_39,x_16_43,8.0,crossing_pair
x_9_39,x_17_39,8.0,shared_nucleotide
x_9_39,x_17_42,8.0,crossing_pair
x_9_39,x_17_43,8.0,crossing_pair
x_9_39,x_18_40,8.0,crossing_pair
x_9_39,x_18_44,8.0,crossing_pair
x_9_39,x_19_40,8.0,crossing_pair
x_9_39,x_19_44,8.0,crossing_pair
x_9_39,x_20_39,8.0,shared_nucleotide
x_9_39,x_20_41,8.0,crossing_pair
x_9_39,x_20_42,8.0,crossing_pair
x_9_39,x_20_43,8.0,crossing_pair
x_9_39,x_21_39,8.0,shared_nucleotide
x_9_39,x_21_42,8.0,crossing_pair
x_9_39,x_21_43,8.0,crossing_pair
x_9_39,x_22_39,8.0,shared_nucleotide
x_9_39,x_22_41,8.0,crossing_pair
x_9_39,x_22_42,8.0,crossing_pair
x_9_39,x_22_43,8.0,crossing_pair
x_9_39,x_23_39,8.0,shared_nucleotide
x_9_39,x_23_42,8.0,crossing_pair
x_9_39,x_23_43,8.0,crossing_pair
x_9_39,x_24_39,8.0,shared_nucleotide
x_9_39,x_24_42,8.0,crossing_pair
x_9_39,x_24_43,8.0,crossing_pair
x_9_39,x_25_40,8.0,crossing_pair
x_9_39,x_25_44,8.0,crossing_pair
x_9_39,x_26_39,8.0,shared_nucleotide
x_9_39,x_26_42,8.0,crossing_pair
x_9_39,x_26_43,8.0,crossing_pair
x_9_39,x_27_39,8.0,shared_nucleotide
x_9_39,x_27_42,8.0,crossing_pair
x_9_39,x_27_43,8.0,crossing_pair
x_9_39,x_28_39,8.0,shared_nucleotide
x_9_39,x_28_42,8.0,crossing_pair
x_9_39,x_28_43,8.0,crossing_pair
x_9_39,x_29_39,8.0,shared_nucleotide
x_9_39,x_29_42,8.0,crossing_pair
x_9_39,x_29_43,8.0,crossing_pair
x_9_39,x_30_40,8.0,crossing_pair
x_9_39,x_30_44,8.0,crossing_pair
x_9_39,x_31_39,8.0,shared_nucleotide
x_9_39,x_31_42,8.0,crossing_pair
x_9_39,x_31_43,8.0,crossing_pair
x_9_39,x_32_40,8.0,crossing_pair
x_9_39,x_32_44,8.0,crossing_pair
x_9_39,x_33_39,8.0,shared_nucleotide
x_9_39,x_33_42,8.0,crossing_pair
x_9_39,x_33_43,8.0,crossing_pair
x_9_39,x_34_39,8.0,shared_nucleotide
x_9_39,x_34_41,8.0,crossing_pair
x_9_39,x_34_42,8.0,crossing_pair
x_9_39,x_34_43,8.0,crossing_pair
x_9_39,x_35_39,8.0,shared_nucleotide
x_9_39,x_35_42,8.0,crossing_pair
x_9_39,x_35_43,8.0,crossing_pair
x_9_39,x_36_42,8.0,crossing_pair
x_9_39,x_36_43,8.0,crossing_pair
x_9_39,x_37_44,8.0,crossing_pair
x_9_39,x_38_44,8.0,crossing_pair
x_9_39,x_39_44,8.0,shared_nucleotide
x_9_42,x_9_43,8.0,shared_nucleotide
x_9_42,x_10_44,8.0,crossing_pair
x_9_42,x_11_44,8.0,crossing_pair
x_9_42,x_12_44,8.0,crossing_pair
x_9_42,x_13_42,8.0,shared_nucleotide
x_9_42,x_13_43,8.0,crossing_pair
x_9_42,x_14_44,8.0,crossing_pair
x_9_42,x_15_44,8.0,crossing_pair
x_9_42,x_16_42,8.0,shared_nucleotide
x_9_42,x_16_43,8.0,crossing_pair
x_9_42,x_17_42,8.0,shared_nucleotide
x_9_42,x_17_43,8.0,crossing_pair
x_9_42,x_18_44,8.0,crossing_pair
x_9_42,x_19_44,8.0,crossing_pair
x_9_42,x_20_42,8.0,shared_nucleotide
x_9_42,x_20_43,8.0,crossing_pair
x_9_42,x_21_42,8.0,shared_nucleotide
x_9_42,x_21_43,8.0,crossing_pair
x_9_42,x_22_42,8.0,shared_nucleotide
x_9_42,x_22_43,8.0,crossing_pair
x_9_42,x_23_42,8.0,shared_nucleotide
x_9_42,x_23_43,8.0,crossing_pair
x_9_42,x_24_42,8.0,shared_nucleotide
x_9_42,x_24_43,8.0,crossing_pair
x_9_42,x_25_44,8.0,crossing_pair
x_9_42,x_26_42,8.0,shared_nucleotide
x_9_42,x_26_43,8.0,crossing_pair
x_9_42,x_27_42,8.0,shared_nucleotide
x_9_42,x_27_43,8.0,crossing_pair
x_9_42,x_28_42,8.0,shared_nucleotide
x_9_42,x_28_43,8.0,crossing_pair
x_9_42,x_29_42,8.0,shared_nucleotide
x_9_42,x_29_43,8.0,crossing_pair
x_9_42,x_30_44,8.0,crossing_pair
x_9_42,x_31_42,8.0,shared_nucleotide
x_9_42,x_31_43,8.0,crossing_pair
x_9_42,x_32_44,8.0,crossing_pair
x_9_42,x_33_42,8.0,shared_nucleotide
x_9_42,x_33_43,8.0,crossing_pair
x_9_42,x_34_42,8.0,shared_nucleotide
x_9_42,x_34_43,8.0,crossing_pair
x_9_42,x_35_42,8.0,shared_nucleotide
x_9_42,x_35_43,8.0,crossing_pair
x_9_42,x_36_42,8.0,shared_nucleotide
x_9_42,x_36_43,8.0,crossing_pair
x_9_42,x_37_44,8.0,crossing_pair
x_9_42,x_38_44,8.0,crossing_pair
x_9_42,x_39_44,8.0,crossing_pair
x_9_43,x_10_44,8.0,crossing_pair
x_9_43,x_11_44,8.0,crossing_pair
x_9_43,x_12_44,8.0,crossing_pair
x_9_43,x_13_43,8.0,shared_nucleotide
x_9_43,x_14_44,8.0,crossing_pair
x_9_43,x_15_44,8.0,crossing_pair
x_9_43,x_16_43,8.0,shared_nucleotide
x_9_43,x_17_43,8.0,shared_nucleotide
x_9_43,x_18_44,8.0,crossing_pair
x_9_43,x_19_44,8.0,crossing_pair
x_9_43,x_20_43,8.0,shared_nucleotide
x_9_43,x_21_43,8.0,shared_nucleotide
x_9_43,x_22_43,8.0,shared_nucleotide
x_9_43,x_23_43,8.0,shared_nucleotide
x_9_43,x_24_43,8.0,shared_nucleotide
x_9_43,x_25_44,8.0,crossing_pair
x_9_43,x_26_43,8.0,shared_nucleotide
x_9_43,x_27_43,8.0,shared_nucleotide
x_9_43,x_28_43,8.0,shared_nucleotide
x_9_43,x_29_43,8.0,shared_nucleotide
x_9_43,x_30_44,8.0,crossing_pair
x_9_43,x_31_43,8.0,shared_nucleotide
x_9_43,x_32_44,8.0,crossing_pair
x_9_43,x_33_43,8.0,shared_nucleotide
x_9_43,x_34_43,8.0,shared_nucleotide
x_9_43,x_35_43,8.0,shared_nucleotide
x_9_43,x_36_43,8.0,shared_nucleotide
x_9_43,x_37_44,8.0,crossing_pair
x_9_43,x_38_44,8.0,crossing_pair
x_9_43,x_39_44,8.0,crossing_pair
x_10_16,x_10_20,8.0,shared_nucleotide
x_10_16,x_10_22,8.0,shared_nucleotide
x_10_16,x_10_34,8.0,shared_nucleotide
x_10_16,x_10_40,8.0,shared_nucleotide
x_10_16,x_10_44,8.0,shared_nucleotide
x_10_16,x_11_16,8.0,shared_nucleotide
x_10_16,x_11_17,8.0,crossing_pair
x_10_16,x_11_20,8.0,crossing_pair
x_10_16,x_11_21,8.0,crossing_pair
x_10_16,x_11_22,8.0,crossing_pair
x_10_16,x_11_23,8.0,crossing_pair
x_10_16,x_11_24,8.0,crossing_pair
x_10_16,x_11_26,8.0,crossing_pair
x_10_16,x_11_27,8.0,crossing_pair
x_10_16,x_11_28,8.0,crossing_pair
x_10_16,x_11_29,8.0,crossing_pair
x_10_16,x_11_31,8.0,crossing_pair
x_10_16,x_11_33,8.0,crossing_pair
x_10_16,x_11_34,8.0,crossing_pair
x_10_16,x_11_35,8.0,crossing_pair
x_10_16,x_11_36,8.0,crossing_pair
x_10_16,x_11_40,8.0,crossing_pair
x_10_16,x_11_44,8.0,crossing_pair
x_10_16,x_12_16,8.0,shared_nucleotide
x_10_16,x_12_17,8.0,crossing_pair
x_10_16,x_12_20,8.0,crossing_pair
x_10_16,x_12_21,8.0,crossing_pair
x_10_16,x_12_22,8.0,crossing_pair
x_10_16,x_12_23,8.0,crossing_pair
x_10_16,x_12_24,8.0,crossing_pair
x_10_16,x_12_26,8.0,crossing_pair
x_10_16,x_12_27,8.0,crossing_pair
x_10_16,x_12_28,8.0,crossing_pair
x_10_16,x_12_29,8.0,crossing_pair
x_10_16,x_12_31,8.0,crossing_pair
x_10_16,x_12_33,8.0,crossing_pair
x_10_16,x_12_34,8.0,crossing_pair
x_10_16,x_12_35,8.0,crossing_pair
x_10_16,x_12_36,8.0,crossing_pair
x_10_16,x_12_40,8.0,crossing_pair
x_10_16,x_12_44,8.0,crossing_pair
x_10_16,x_13_18,8.0,crossing_pair
x_10_16,x_13_19,8.0,crossing_pair
x_10_16,x_13_25,8.0,crossing_pair
x_10_16,x_13_30,8.0,crossing_pair
x_10_16,x_13_32,8.0,crossing_pair
x_10_16,x_13_37,8.0,crossing_pair
x_10_16,x_13_38,8.0,crossing_pair
x_10_16,x_13_39,8.0,crossing_pair
x_10_16,x_13_41,8.0,crossing_pair
x_10_16,x_13_42,8.0,crossing_pair
x_10_16,x_13_43,8.0,crossing_pair
x_10_16,x_14_20,8.0,crossing_pair
x_10_16,x_14_21,8.0,crossing_pair
x_10_16,x_14_22,8.0,crossing_pair
x_10_16,x_14_23,8.0,crossing_pair
x_10_16,x_14_24,8.0,crossing_pair
x_10_16,x_14_26,8.0,crossing_pair
x_10_16,x_14_27,8.0,crossing_pair
x_10_16,x_14_28,8.0,crossing_pair
x_10_16,x_14_29,8.0,crossing_pair
x_10_16,x_14_31,8.0,crossing_pair
x_10_16,x_14_33,8.0,crossing_pair
x_10_16,x_14_34,8.0,crossing_pair
x_10_16,x_14_35,8.0,crossing_pair
x_10_16,x_14_36,8.0,crossing_pair
x_10_16,x_14_40,8.0,crossing_pair
x_10_16,x_14_44,8.0,crossing_pair
x_10_16,x_15_20,8.0,crossing_pair
x_10_16,x_15_22,8.0,crossing_pair
x_10_16,x_15_34,8.0,crossing_pair
x_10_16,x_15_40,8.0,crossing_pair
x_10_16,x_15_44,8.0,crossing_pair
x_10_16,x_16_25,8.0,shared_nucleotide
x_10_16,x_16_30,8.0,shared_nucleotide
x_10_16,x_16_32,8.0,shared_nucleotide
x_10_16,x_16_37,8.0,shared_nucleotide
x_10_16,x_16_38,8.0,shared_nucleotide
x_10_16,x_16_39,8.0,shared_nucleotide
x_10_16,x_16_41,8.0,shared_nucleotide
x_10_16,x_16_42,8.0,shared_nucleotide
x_10_16,x_16_43,8.0,shared_nucleotide
x_10_20,x_10_22,8.0,shared_nucleotide
x_10_20,x_10_34,8.0,shared_nucleotide
x_10_20,x_10_40,8.0,shared_nucleotide
x_10_20,x_10_44,8.0,shared_nucleotide
x_10_20,x_11_20,8.0,shared_nucleotide
x_10_20,x_11_21,8.0,crossing_pair
x_10_20,x_11_22,8.0,crossing_pair
x_10_20,x_11_23,8.0,crossing_pair
x_10_20,x_11_24,8.0,crossing_pair
x_10_20,x_11_26,8.0,crossing_pair
x_10_20,x_11_27,8.0,crossing_pair
x_10_20,x_11_28,8.0,crossing_pair
x_10_20,x_11_29,8.0,crossing_pair
x_10_20,x_11_31,8.0,crossing_pair
x_10_20,x_11_33,8.0,crossing_pair
x_10_20,x_11_34,8.0,crossing_pair
x_10_20,x_11_35,8.0,crossing_pair
x_10_20,x_11_36,8.0,crossing_pair
x_10_20,x_11_40,8.0,crossing_pair
x_10_20,x_11_44,8.0,crossing_pair
x_10_20,x_12_20,8.0,shared_nucleotide
x_10_20,x_12_21,8.0,crossing_pair
x_10_20,x_12_22,8.0,crossing_pair
x_10_20,x_12_23,8.0,crossing_pair
x_10_20,x_12_24,8.0,crossing_pair
x_10_20,x_12_26,8.0,crossing_pair
x_10_20,x_12_27,8.0,crossing_pair
x_10_20,x_12_28,8.0,crossing_pair
x_10_20,x_12_29,8.0,crossing_pair
x_10_20,x_12_31,8.0,crossing_pair
x_10_20,x_12_33,8.0,crossing_pair
x_10_20,x_12_34,8.0,crossing_pair
x_10_20,x_12_35,8.0,crossing_pair
x_10_20,x_12_36,8.0,crossing_pair
x_10_20,x_12_40,8.0,crossing_pair
x_10_20,x_12_44,8.0,crossing_pair
x_10_20,x_13_25,8.0,crossing_pair
x_10_20,x_13_30,8.0,crossing_pair
x_10_20,x_13_32,8.0,crossing_pair
x_10_20,x_13_37,8.0,crossing_pair
x_10_20,x_13_38,8.0,crossing_pair
x_10_20,x_13_39,8.0,crossing_pair
x_10_20,x_13_41,8.0,crossing_pair
x_10_20,x_13_42,8.0,crossing_pair
x_10_20,x_13_43,8.0,crossing_pair
x_10_20,x_14_20,8.0,shared_nucleotide
x_10_20,x_14_21,8.0,crossing_pair
x_10_20,x_14_22,8.0,crossing_pair
x_10_20,x_14_23,8.0,crossing_pair
x_10_20,x_14_24,8.0,crossing_pair
x_10_20,x_14_26,8.0,crossing_pair
x_10_20,x_14_27,8.0,crossing_pair
x_10_20,x_14_28,8.0,crossing_pair
x_10_20,x_14_29,8.0,crossing_pair
x_10_20,x_14_31,8.0,crossing_pair
x_10_20,x_14_33,8.0,crossing_pair
x_10_20,x_14_34,8.0,crossing_pair
x_10_20,x_14_35,8.0,crossing_pair
x_10_20,x_14_36,8.0,crossing_pair
x_10_20,x_14_40,8.0,crossing_pair
x_10_20,x_14_44,8.0,crossing_pair
x_10_20,x_15_20,8.0,shared_nucleotide
x_10_20,x_15_22,8.0,crossing_pair
x_10_20,x_15_34,8.0,crossing_pair
x_10_20,x_15_40,8.0,crossing_pair
x_10_20,x_15_44,8.0,crossing_pair
x_10_20,x_16_25,8.0,crossing_pair
x_10_20,x_16_30,8.0,crossing_pair
x_10_20,x_16_32,8.0,crossing_pair
x_10_20,x_16_37,8.0,crossing_pair
x_10_20,x_16_38,8.0,crossing_pair
x_10_20,x_16_39,8.0,crossing_pair
x_10_20,x_16_41,8.0,crossing_pair
x_10_20,x_16_42,8.0,crossing_pair
x_10_20,x_16_43,8.0,crossing_pair
x_10_20,x_17_30,8.0,crossing_pair
x_10_20,x_17_37,8.0,crossing_pair
x_10_20,x_17_38,8.0,crossing_pair
x_10_20,x_17_39,8.0,crossing_pair
x_10_20,x_17_42,8.0,crossing_pair
x_10_20,x_17_43,8.0,crossing_pair
x_10_20,x_18_22,8.0,crossing_pair
x_10_20,x_18_23,8.0,crossing_pair
x_10_20,x_18_24,8.0,crossing_pair
x_10_20,x_18_26,8.0,crossing_pair
x_10_20,x_18_27,8.0,crossing_pair
x_10_20,x_18_28,8.0,crossing_pair
x_10_20,x_18_29,8.0,crossing_pair
x_10_20,x_18_31,8.0,crossing_pair
x_10_20,x_18_33,8.0,crossing_pair
x_10_20,x_18_34,8.0,crossing_pair
x_10_20,x_18_35,8.0,crossing_pair
x_10_20,x_18_36,8.0,crossing_pair
x_10_20,x_18_40,8.0,crossing_pair
x_10_20,x_18_44,8.0,crossing_pair
x_10_20,x_19_23,8.0,crossing_pair
x_10_20,x_19_24,8.0,crossing_pair
x_10_20,x_19_26,8.0,crossing_pair
x_10_20,x_19_27,8.0,crossing_pair
x_10_20,x_19_28,8.0,crossing_pair
x_10_20,x_19_29,8.0,crossing_pair
x_10_20,x_19_31,8.0,crossing_pair
x_10_20,x_19_33,8.0,crossing_pair
x_10_20,x_19_34,8.0,crossing_pair
x_10_20,x_19_35,8.0,crossing_pair
x_10_20,x_19_36,8.0,crossing_pair
x_10_20,x_19_40,8.0,crossing_pair
x_10_20,x_19_44,8.0,crossing_pair
x_10_20,x_20_25,8.0,shared_nucleotide
x_10_20,x_20_30,8.0,shared_nucleotide
x_10_20,x_20_32,8.0,shared_nucleotide
x_10_20,x_20_37,8.0,shared_nucleotide
x_10_20,x_20_38,8.0,shared_nucleotide
x_10_20,x_20_39,8.0,shared_nucleotide
x_10_20,x_20_41,8.0,shared_nucleotide
x_10_20,x_20_42,8.0,shared_nucleotide
x_10_20,x_20_43,8.0,shared_nucleotide
x_10_22,x_10_34,8.0,shared_nucleotide
x_10_22,x_10_40,8.0,shared_nucleotide
x_10_22,x_10_44,8.0,shared_nucleotide
x_10_22,x_11_22,8.0,shared_nucleotide
x_10_22,x_11_23,8.0,crossing_pair
x_10_22,x_11_24,8.0,crossing_pair
x_10_22,x_11_26,8.0,crossing_pair
x_10_22,x_11_27,8.0,crossing_pair
x_10_22,x_11_28,8.0,crossing_pair
x_10_22,x_11_29,8.0,crossing_pair
x_10_22,x_11_31,8.0,crossing_pair
x_10_22,x_11_33,8.0,crossing_pair
x_10_22,x_11_34,8.0,crossing_pair
x_10_22,x_11_35,8.0,crossing_pair
x_10_22,x_11_36,8.0,crossing_pair
x_10_22,x_11_40,8.0,crossing_pair
x_10_22,x_11_44,8.0,crossing_pair
x_10_22,x_12_22,8.0,shared_nucleotide
x_10_22,x_12_23,8.0,crossing_pair
x_10_22,x_12_24,8.0,crossing_pair
x_10_22,x_12_26,8.0,crossing_pair
x_10_22,x_12_27,8.0,crossing_pair
x_10_22,x_12_28,8.0,crossing_pair
x_10_22,x_12_29,8.0,crossing_pair
x_10_22,x_12_31,8.0,crossing_pair
x_10_22,x_12_33,8.0,crossing_pair
x_10_22,x_12_34,8.0,crossing_pair
x_10_22,x_12_35,8.0,crossing_pair
x_10_22,x_12_36,8.0,crossing_pair
x_10_22,x_12_40,8.0,crossing_pair
x_10_22,x_12_44,8.0,crossing_pair
x_10_22,x_13_25,8.0,crossing_pair
x_10_22,x_13_30,8.0,crossing_pair
x_10_22,x_13_32,8.0,crossing_pair
x_10_22,x_13_37,8.0,crossing_pair
x_10_22,x_13_38,8.0,crossing_pair
x_10_22,x_13_39,8.0,crossing_pair
x_10_22,x_13_41,8.0,crossing_pair
x_10_22,x_13_42,8.0,crossing_pair
x_10_22,x_13_43,8.0,crossing_pair
x_10_22,x_14_22,8.0,shared_nucleotide
x_10_22,x_14_23,8.0,crossing_pair
x_10_22,x_14_24,8.0,crossing_pair
x_10_22,x_14_26,8.0,crossing_pair
x_10_22,x_14_27,8.0,crossing_pair
x_10_22,x_14_28,8.0,crossing_pair
x_10_22,x_14_29,8.0,crossing_pair
x_10_22,x_14_31,8.0,crossing_pair
x_10_22,x_14_33,8.0,crossing_pair
x_10_22,x_14_34,8.0,crossing_pair
x_10_22,x_14_35,8.0,crossing_pair
x_10_22,x_14_36,8.0,crossing_pair
x_10_22,x_14_40,8.0,crossing_pair
x_10_22,x_14_44,8.0,crossing_pair
x_10_22,x_15_22,8.0,shared_nucleotide
x_10_22,x_15_34,8.0,crossing_pair
x_10_22,x_15_40,8.0,crossing_pair
x_10_22,x_15_44,8.0,crossing_pair
x_10_22,x_16_25,8.0,crossing_pair
x_10_22,x_16_30,8.0,crossing_pair
x_10_22,x_16_32,8.0,crossing_pair
x_10_22,x_16_37,8.0,crossing_pair
x_10_22,x_16_38,8.0,crossing_pair
x_10_22,x_16_39,8.0,crossing_pair
x_10_22,x_16_41,8.0,crossing_pair
x_10_22,x_16_42,8.0,crossing_pair
x_10_22,x_16_43,8.0,crossing_pair
x_10_22,x_17_30,8.0,crossing_pair
x_10_22,x_17_37,8.0,crossing_pair
x_10_22,x_17_38,8.0,crossing_pair
x_10_22,x_17_39,8.0,crossing_pair
x_10_22,x_17_42,8.0,crossing_pair
x_10_22,x_17_43,8.0,crossing_pair
x_10_22,x_18_22,8.0,shared_nucleotide
x_10_22,x_18_23,8.0,crossing_pair
x_10_22,x_18_24,8.0,crossing_pair
x_10_22,x_18_26,8.0,crossing_pair
x_10_22,x_18_27,8.0,crossing_pair
x_10_22,x_18_28,8.0,crossing_pair
x_10_22,x_18_29,8.0,crossing_pair
x_10_22,x_18_31,8.0,crossing_pair
x_10_22,x_18_33,8.0,crossing_pair
x_10_22,x_18_34,8.0,crossing_pair
x_10_22,x_18_35,8.0,crossing_pair
x_10_22,x_18_36,8.0,crossing_pair
x_10_22,x_18_40,8.0,crossing_pair
x_10_22,x_18_44,8.0,crossing_pair
x_10_22,x_19_23,8.0,crossing_pair
x_10_22,x_19_24,8.0,crossing_pair
x_10_22,x_19_26,8.0,crossing_pair
x_10_22,x_19_27,8.0,crossing_pair
x_10_22,x_19_28,8.0,crossing_pair
x_10_22,x_19_29,8.0,crossing_pair
x_10_22,x_19_31,8.0,crossing_pair
x_10_22,x_19_33,8.0,crossing_pair
x_10_22,x_19_34,8.0,crossing_pair
x_10_22,x_19_35,8.0,crossing_pair
x_10_22,x_19_36,8.0,crossing_pair
x_10_22,x_19_40,8.0,crossing_pair
x_10_22,x_19_44,8.0,crossing_pair
x_10_22,x_20_25,8.0,crossing_pair
x_10_22,x_20_30,8.0,crossing_pair
x_10_22,x_20_32,8.0,crossing_pair
x_10_22,x_20_37,8.0,crossing_pair
x_10_22,x_20_38,8.0,crossing_pair
x_10_22,x_20_39,8.0,crossing_pair
x_10_22,x_20_41,8.0,crossing_pair
x_10_22,x_20_42,8.0,crossing_pair
x_10_22,x_20_43,8.0,crossing_pair
x_10_22,x_21_30,8.0,crossing_pair
x_10_22,x_21_37,8.0,crossing_pair
x_10_22,x_21_38,8.0,crossing_pair
x_10_22,x_21_39,8.0,crossing_pair
x_10_22,x_21_42,8.0,crossing_pair
x_10_22,x_21_43,8.0,crossing_pair
x_10_22,x_22_30,8.0,shared_nucleotide
x_10_22,x_22_32,8.0,shared_nucleotide
x_10_22,x_22_37,8.0,shared_nucleotide
x_10_22,x_22_38,8.0,shared_nucleotide
x_10_22,x_22_39,8.0,shared_nucleotide
x_10_22,x_22_41,8.0,shared_nucleotide
x_10_22,x_22_42,8.0,shared_nucleotide
x_10_22,x_22_43,8.0,shared_nucleotide
x_10_34,x_10_40,8.0,shared_nucleotide
x_10_34,x_10_44,8.0,shared_nucleotide
x_10_34,x_11_34,8.0,shared_nucleotide
x_10_34,x_11_35,8.0,crossing_pair
x_10_34,x_11_36,8.0,crossing_pair
x_10_34,x_11_40,8.0,crossing_pair
x_10_34,x_11_44,8.0,crossing_pair
x_10_34,x_12_34,8.0,shared_nucleotide
x_10_34,x_12_35,8.0,crossing_pair
x_10_34,x_12_36,8.0,crossing_pair
x_10_34,x_12_40,8.0,crossing_pair
x_10_34,x_12_44,8.0,crossing_pair
x_10_34,x_13_37,8.0,crossing_pair
x_10_34,x_13_38,8.0,crossing_pair
x_10_34,x_13_39,8.0,crossing_pair
x_10_34,x_13_41,8.0,crossing_pair
x_10_34,x_13_42,8.0,crossing_pair
x_10_34,x_13_43,8.0,crossing_pair
x_10_34,x_14_34,8.0,shared_nucleotide
x_10_34,x_14_35,8.0,crossing_pair
x_10_34,x_14_36,8.0,crossing_pair
x_10_34,x_14_40,8.0,crossing_pair
x_10_34,x_14_44,8.0,crossing_pair
x_10_34,x_15_34,8.0,shared_nucleotide
x_10_34,x_15_40,8.0,crossing_pair
x_10_34,x_15_44,8.0,crossing_pair
x_10_34,x_16_37,8.0,crossing_pair
x_10_34,x_16_38,8.0,crossing_pair
x_10_34,x_16_39,8.0,crossing_pair
x_10_34,x_16_41,8.0,crossing_pair
x_10_34,x_16_42,8.0,crossing_pair
x_10_34,x_16_43,8.0,crossing_pair
x_10_34,x_17_37,8.0,crossing_pair
x_10_34,x_17_38,8.0,crossing_pair
x_10_34,x_17_39,8.0,crossing_pair
x_10_34,x_17_42,8.0,crossing_pair
x_10_34,x_17_43,8.0,crossing_pair
x_10_34,x_18_34,8.0,shared_nucleotide
x_10_34,x_18_35,8.0,crossing_pair
x_10_34,x_18_36,8.0,crossing_pair
x_10_34,x_18_40,8.0,crossing_pair
x_10_34,x_18_44,8.0,crossing_pair
x_10_34,x_19_34,8.0,shared_nucleotide
x_10_34,x_19_35,8.0,crossing_pair
x_10_34,x_19_36,8.0,crossing_pair
x_10_34,x_19_40,8.0,crossing_pair
x_10_34,x_19_44,8.0,crossing_pair
x_10_34,x_20_37,8.0,crossing_pair
x_10_34,x_20_38,8.0,crossing_pair
x_10_34,x_20_39,8.0,crossing_pair
x_10_34,x_20_41,8.0,crossing_pair
x_10_34,x_20_42,8.0,crossing_pair
x_10_34,x_20_43,8.0,crossing_pair
x_10_34,x_21_37,8.0,crossing_pair
x_10_34,x_21_38,8.0,crossing_pair
x_10_34,x_21_39,8.0,crossing_pair
x_10_34,x_21_42,8.0,crossing_pair
x_10_34,x_21_43,8.0,crossing_pair
x_10_34,x_22_37,8.0,crossing_pair
x_10_34,x_22_38,8.0,crossing_pair
x_10_34,x_22_39,8.0,crossing_pair
x_10_34,x_22_41,8.0,crossing_pair
x_10_34,x_22_42,8.0,crossing_pair
x_10_34,x_22_43,8.0,crossing_pair
x_10_34,x_23_37,8.0,crossing_pair
x_10_34,x_23_38,8.0,crossing_pair
x_10_34,x_23_39,8.0,crossing_pair
x_10_34,x_23_42,8.0,crossing_pair
x_10_34,x_23_43,8.0,crossing_pair
x_10_34,x_24_37,8.0,crossing_pair
x_10_34,x_24_38,8.0,crossing_pair
x_10_34,x_24_39,8.0,crossing_pair
x_10_34,x_24_42,8.0,crossing_pair
x_10_34,x_24_43,8.0,crossing_pair
x_10_34,x_25_34,8.0,shared_nucleotide
x_10_34,x_25_40,8.0,crossing_pair
x_10_34,x_25_44,8.0,crossing_pair
x_10_34,x_26_37,8.0,crossing_pair
x_10_34,x_26_38,8.0,crossing_pair
x_10_34,x_26_39,8.0,crossing_pair
x_10_34,x_26_42,8.0,crossing_pair
x_10_34,x_26_43,8.0,crossing_pair
x_10_34,x_27_37,8.0,crossing_pair
x_10_34,x_27_38,8.0,crossing_pair
x_10_34,x_27_39,8.0,crossing_pair
x_10_34,x_27_42,8.0,crossing_pair
x_10_34,x_27_43,8.0,crossing_pair
x_10_34,x_28_37,8.0,crossing_pair
x_10_34,x_28_38,8.0,crossing_pair
x_10_34,x_28_39,8.0,crossing_pair
x_10_34,x_28_42,8.0,crossing_pair
x_10_34,x_28_43,8.0,crossing_pair
x_10_34,x_29_37,8.0,crossing_pair
x_10_34,x_29_38,8.0,crossing_pair
x_10_34,x_29_39,8.0,crossing_pair
x_10_34,x_29_42,8.0,crossing_pair
x_10_34,x_29_43,8.0,crossing_pair
x_10_34,x_30_34,8.0,shared_nucleotide
x_10_34,x_30_35,8.0,crossing_pair
x_10_34,x_30_36,8.0,crossing_pair
x_10_34,x_30_40,8.0,crossing_pair
x_10_34,x_30_44,8.0,crossing_pair
x_10_34,x_31_37,8.0,crossing_pair
x_10_34,x_31_38,8.0,crossing_pair
x_10_34,x_31_39,8.0,crossing_pair
x_10_34,x_31_42,8.0,crossing_pair
x_10_34,x_31_43,8.0,crossing_pair
x_10_34,x_32_40,8.0,crossing_pair
x_10_34,x_32_44,8.0,crossing_pair
x_10_34,x_33_37,8.0,crossing_pair
x_10_34,x_33_38,8.0,crossing_pair
x_10_34,x_33_39,8.0,crossing_pair
x_10_34,x_33_42,8.0,crossing_pair
x_10_34,x_33_43,8.0,crossing_pair
x_10_34,x_34_38,8.0,shared_nucleotide
x_10_34,x_34_39,8.0,shared_nucleotide
x_10_34,x_34_41,8.0,shared_nucleotide
x_10_34,x_34_42,8.0,shared_nucleotide
x_10_34,x_34_43,8.0,shared_nucleotide
x_10_40,x_10_44,8.0,shared_nucleotide
x_10_40,x_11_40,8.0,shared_nucleotide
x_10_40,x_11_44,8.0,crossing_pair
x_10_40,x_12_40,8.0,shared_nucleotide
x_10_40,x_12_44,8.0,crossing_pair
x_10_40,x_13_41,8.0,crossing_pair
x_10_40,x_13_42,8.0,crossing_pair
x_10_40,x_13_43,8.0,crossing_pair
x_10_40,x_14_40,8.0,shared_nucleotide
x_10_40,x_14_44,8.0,crossing_pair
x_10_40,x_15_40,8.0,shared_nucleotide
x_10_40,x_15_44,8.0,crossing_pair
x_10_40,x_16_41,8.0,crossing_pair
x_10_40,x_16_42,8.0,crossing_pair
x_10_40,x_16_43,8.0,crossing_pair
x_10_40,x_17_42,8.0,crossing_pair
x_10_40,x_17_43,8.0,crossing_pair
x_10_40,x_18_40,8.0,shared_nucleotide
x_10_40,x_18_44,8.0,crossing_pair
x_10_40,x_19_40,8.0,shared_nucleotide
x_10_40,x_19_44,8.0,crossing_pair
x_10_40,x_20_41,8.0,crossing_pair
x_10_40,x_20_42,8.0,crossing_pair
x_10_40,x_20_43,8.0,crossing_pair
x_10_40,x_21_42,8.0,crossing_pair
x_10_40,x_21_43,8.0,crossing_pair
x_10_40,x_22_41,8.0,crossing_pair
x_10_40,x_22_42,8.0,crossing_pair
x_10_40,x_22_43,8.0,crossing_pair
x_10_40,x_23_42,8.0,crossing_pair
x_10_40,x_23_43,8.0,crossing_pair
x_10_40,x_24_42,8.0,crossing_pair
x_10_40,x_24_43,8.0,crossing_pair
x_10_40,x_25_40,8.0,shared_nucleotide
x_10_40,x_25_44,8.0,crossing_pair
x_10_40,x_26_42,8.0,crossing_pair
x_10_40,x_26_43,8.0,crossing_pair
x_10_40,x_27_42,8.0,crossing_pair
x_10_40,x_27_43,8.0,crossing_pair
x_10_40,x_28_42,8.0,crossing_pair
x_10_40,x_28_43,8.0,crossing_pair
x_10_40,x_29_42,8.0,crossing_pair
x_10_40,x_29_43,8.0,crossing_pair
x_10_40,x_30_40,8.0,shared_nucleotide
x_10_40,x_30_44,8.0,crossing_pair
x_10_40,x_31_42,8.0,crossing_pair
x_10_40,x_31_43,8.0,crossing_pair
x_10_40,x_32_40,8.0,shared_nucleotide
x_10_40,x_32_44,8.0,crossing_pair
x_10_40,x_33_42,8.0,crossing_pair
x_10_40,x_33_43,8.0,crossing_pair
x_10_40,x_34_41,8.0,crossing_pair
x_10_40,x_34_42,8.0,crossing_pair
x_10_40,x_34_43,8.0,crossing_pair
x_10_40,x_35_42,8.0,crossing_pair
x_10_40,x_35_43,8.0,crossing_pair
x_10_40,x_36_42,8.0,crossing_pair
x_10_40,x_36_43,8.0,crossing_pair
x_10_40,x_37_44,8.0,crossing_pair
x_10_40,x_38_44,8.0,crossing_pair
x_10_40,x_39_44,8.0,crossing_pair
x_10_44,x_11_44,8.0,shared_nucleotide
x_10_44,x_12_44,8.0,shared_nucleotide
x_10_44,x_14_44,8.0,shared_nucleotide
x_10_44,x_15_44,8.0,shared_nucleotide
x_10_44,x_18_44,8.0,shared_nucleotide
x_10_44,x_19_44,8.0,shared_nucleotide
x_10_44,x_25_44,8.0,shared_nucleotide
x_10_44,x_30_44,8.0,shared_nucleotide
x_10_44,x_32_44,8.0,shared_nucleotide
x_10_44,x_37_44,8.0,shared_nucleotide
x_10_44,x_38_44,8.0,shared_nucleotide
x_10_44,x_39_44,8.0,shared_nucleotide
x_11_16,x_11_17,8.0,shared_nucleotide
x_11_16,x_11_20,8.0,shared_nucleotide
x_11_16,x_11_21,8.0,shared_nucleotide
x_11_16,x_11_22,8.0,shared_nucleotide
x_11_16,x_11_23,8.0,shared_nucleotide
x_11_16,x_11_24,8.0,shared_nucleotide
x_11_16,x_11_26,8.0,shared_nucleotide
x_11_16,x_11_27,8.0,shared_nucleotide
x_11_16,x_11_28,8.0,shared_nucleotide
x_11_16,x_11_29,8.0,shared_nucleotide
x_11_16,x_11_31,8.0,shared_nucleotide
x_11_16,x_11_33,8.0,shared_nucleotide
x_11_16,x_11_34,8.0,shared_nucleotide
x_11_16,x_11_35,8.0,shared_nucleotide
x_11_16,x_11_36,8.0,shared_nucleotide
x_11_16,x_11_40,8.0,shared_nucleotide
x_11_16,x_11_44,8.0,shared_nucleotide
x_11_16,x_12_16,8.0,shared_nucleotide
x_11_16,x_12_17,8.0,crossing_pair
x_11_16,x_12_20,8.0,crossing_pair
x_11_16,x_12_21,8.0,crossing_pair
x_11_16,x_12_22,8.0,crossing_pair
x_11_16,x_12_23,8.0,crossing_pair
x_11_16,x_12_24,8.0,crossing_pair
x_11_16,x_12_26,8.0,crossing_pair
x_11_16,x_12_27,8.0,crossing_pair
x_11_16,x_12_28,8.0,crossing_pair
x_11_16,x_12_29,8.0,crossing_pair
x_11_16,x_12_31,8.0,crossing_pair
x_11_16,x_12_33,8.0,crossing_pair
x_11_16,x_12_34,8.0,crossing_pair
x_11_16,x_12_35,8.0,crossing_pair
x_11_16,x_12_36,8.0,crossing_pair
x_11_16,x_12_40,8.0,crossing_pair
x_11_16,x_12_44,8.0,crossing_pair
x_11_16,x_13_18,8.0,crossing_pair
x_11_16,x_13_19,8.0,crossing_pair
x_11_16,x_13_25,8.0,crossing_pair
x_11_16,x_13_30,8.0,crossing_pair
x_11_16,x_13_32,8.0,crossing_pair
x_11_16,x_13_37,8.0,crossing_pair
x_11_16,x_13_38,8.0,crossing_pair
x_11_16,x_13_39,8.0,crossing_pair
x_11_16,x_13_41,8.0,crossing_pair
x_11_16,x_13_42,8.0,crossing_pair
x_11_16,x_13_43,8.0,crossing_pair
x_11_16,x_14_20,8.0,crossing_pair
x_11_16,x_14_21,8.0,crossing_pair
x_11_16,x_14_22,8.0,crossing_pair
x_11_16,x_14_23,8.0,crossing_pair
x_11_16,x_14_24,8.0,crossing_pair
x_11_16,x_14_26,8.0,crossing_pair
x_11_16,x_14_27,8.0,crossing_pair
x_11_16,x_14_28,8.0,crossing_pair
x_11_16,x_14_29,8.0,crossing_pair
x_11_16,x_14_31,8.0,crossing_pair
x_11_16,x_14_33,8.0,crossing_pair
x_11_16,x_14_34,8.0,crossing_pair
x_11_16,x_14_35,8.0,crossing_pair
x_11_16,x_14_36,8.0,crossing_pair
x_11_16,x_14_40,8.0,crossing_pair
x_11_16,x_14_44,8.0,crossing_pair
x_11_16,x_15_20,8.0,crossing_pair
x_11_16,x_15_22,8.0,crossing_pair
x_11_16,x_15_34,8.0,crossing_pair
x_11_16,x_15_40,8.0,crossing_pair
x_11_16,x_15_44,8.0,crossing_pair
x_11_16,x_16_25,8.0,shared_nucleotide
x_11_16,x_16_30,8.0,shared_nucleotide
x_11_16,x_16_32,8.0,shared_nucleotide
x_11_16,x_16_37,8.0,shared_nucleotide
x_11_16,x_16_38,8.0,shared_nucleotide
x_11_16,x_16_39,8.0,shared_nucleotide
x_11_16,x_16_41,8.0,shared_nucleotide
x_11_16,x_16_42,8.0,shared_nucleotide
x_11_16,x_16_43,8.0,shared_nucleotide
x_11_17,x_11_20,8.0,shared_nucleotide
x_11_17,x_11_21,8.0,shared_nucleotide
x_11_17,x_11_22,8.0,shared_nucleotide
x_11_17,x_11_23,8.0,shared_nucleotide
x_11_17,x_11_24,8.0,shared_nucleotide
x_11_17,x_11_26,8.0,shared_nucleotide
x_11_17,x_11_27,8.0,shared_nucleotide
x_11_17,x_11_28,8.0,shared_nucleotide
x_11_17,x_11_29,8.0,shared_nucleotide
x_11_17,x_11_31,8.0,shared_nucleotide
x_11_17,x_11_33,8.0,shared_nucleotide
x_11_17,x_11_34,8.0,shared_nucleotide
x_11_17,x_11_35,8.0,shared_nucleotide
x_11_17,x_11_36,8.0,shared_nucleotide
x_11_17,x_11_40,8.0,shared_nucleotide
x_11_17,x_11_44,8.0,shared_nucleotide
x_11_17,x_12_17,8.0,shared_nucleotide
x_11_17,x_12_20,8.0,crossing_pair
x_11_17,x_12_21,8.0,crossing_pair
x_11_17,x_12_22,8.0,crossing_pair
x_11_17,x_12_23,8.0,crossing_pair
x_11_17,x_12_24,8.0,crossing_pair
x_11_17,x_12_26,8.0,crossing_pair
x_11_17,x_12_27,8.0,crossing_pair
x_11_17,x_12_28,8.0,crossing_pair
x_11_17,x_12_29,8.0,crossing_pair
x_11_17,x_12_31,8.0,crossing_pair
x_11_17,x_12_33,8.0,crossing_pair
x_11_17,x_12_34,8.0,crossing_pair
x_11_17,x_12_35,8.0,crossing_pair
x_11_17,x_12_36,8.0,crossing_pair
x_11_17,x_12_40,8.0,crossing_pair
x_11_17,x_12_44,8.0,crossing_pair
x_11_17,x_13_18,8.0,crossing_pair
x_11_17,x_13_19,8.0,crossing_pair
x_11_17,x_13_25,8.0,crossing_pair
x_11_17,x_13_30,8.0,crossing_pair
x_11_17,x_13_32,8.0,crossing_pair
x_11_17,x_13_37,8.0,crossing_pair
x_11_17,x_13_38,8.0,crossing_pair
x_11_17,x_13_39,8.0,crossing_pair
x_11_17,x_13_41,8.0,crossing_pair
x_11_17,x_13_42,8.0,crossing_pair
x_11_17,x_13_43,8.0,crossing_pair
x_11_17,x_14_20,8.0,crossing_pair
x_11_17,x_14_21,8.0,crossing_pair
x_11_17,x_14_22,8.0,crossing_pair
x_11_17,x_14_23,8.0,crossing_pair
x_11_17,x_14_24,8.0,crossing_pair
x_11_17,x_14_26,8.0,crossing_pair
x_11_17,x_14_27,8.0,crossing_pair
x_11_17,x_14_28,8.0,crossing_pair
x_11_17,x_14_29,8.0,crossing_pair
x_11_17,x_14_31,8.0,crossing_pair
x_11_17,x_14_33,8.0,crossing_pair
x_11_17,x_14_34,8.0,crossing_pair
x_11_17,x_14_35,8.0,crossing_pair
x_11_17,x_14_36,8.0,crossing_pair
x_11_17,x_14_40,8.0,crossing_pair
x_11_17,x_14_44,8.0,crossing_pair
x_11_17,x_15_20,8.0,crossing_pair
x_11_17,x_15_22,8.0,crossing_pair
x_11_17,x_15_34,8.0,crossing_pair
x_11_17,x_15_40,8.0,crossing_pair
x_11_17,x_15_44,8.0,crossing_pair
x_11_17,x_16_25,8.0,crossing_pair
x_11_17,x_16_30,8.0,crossing_pair
x_11_17,x_16_32,8.0,crossing_pair
x_11_17,x_16_37,8.0,crossing_pair
x_11_17,x_16_38,8.0,crossing_pair
x_11_17,x_16_39,8.0,crossing_pair
x_11_17,x_16_41,8.0,crossing_pair
x_11_17,x_16_42,8.0,crossing_pair
x_11_17,x_16_43,8.0,crossing_pair
x_11_17,x_17_30,8.0,shared_nucleotide
x_11_17,x_17_37,8.0,shared_nucleotide
x_11_17,x_17_38,8.0,shared_nucleotide
x_11_17,x_17_39,8.0,shared_nucleotide
x_11_17,x_17_42,8.0,shared_nucleotide
x_11_17,x_17_43,8.0,shared_nucleotide
x_11_20,x_11_21,8.0,shared_nucleotide
x_11_20,x_11_22,8.0,shared_nucleotide
x_11_20,x_11_23,8.0,shared_nucleotide
x_11_20,x_11_24,8.0,shared_nucleotide
x_11_20,x_11_26,8.0,shared_nucleotide
x_11_20,x_11_27,8.0,shared_nucleotide
x_11_20,x_11_28,8.0,shared_nucleotide
x_11_20,x_11_29,8.0,shared_nucleotide
x_11_20,x_11_31,8.0,shared_nucleotide
x_11_20,x_11_33,8.0,shared_nucleotide
x_11_20,x_11_34,8.0,shared_nucleotide
x_11_20,x_11_35,8.0,shared_nucleotide
x_11_20,x_11_36,8.0,shared_nucleotide
x_11_20,x_11_40,8.0,shared_nucleotide
x_11_20,x_11_44,8.0,shared_nucleotide
x_11_20,x_12_20,8.0,shared_nucleotide
x_11_20,x_12_21,8.0,crossing_pair
x_11_20,x_12_22,8.0,crossing_pair
x_11_20,x_12_23,8.0,crossing_pair
x_11_20,x_12_24,8.0,crossing_pair
x_11_20,x_12_26,8.0,crossing_pair
x_11_20,x_12_27,8.0,crossing_pair
x_11_20,x_12_28,8.0,crossing_pair
x_11_20,x_12_29,8.0,crossing_pair
x_11_20,x_12_31,8.0,crossing_pair
x_11_20,x_12_33,8.0,crossing_pair
x_11_20,x_12_34,8.0,crossing_pair
x_11_20,x_12_35,8.0,crossing_pair
x_11_20,x_12_36,8.0,crossing_pair
x_11_20,x_12_40,8.0,crossing_pair
x_11_20,x_12_44,8.0,crossing_pair
x_11_20,x_13_25,8.0,crossing_pair
x_11_20,x_13_30,8.0,crossing_pair
x_11_20,x_13_32,8.0,crossing_pair
x_11_20,x_13_37,8.0,crossing_pair
x_11_20,x_13_38,8.0,crossing_pair
x_11_20,x_13_39,8.0,crossing_pair
x_11_20,x_13_41,8.0,crossing_pair
x_11_20,x_13_42,8.0,crossing_pair
x_11_20,x_13_43,8.0,crossing_pair
x_11_20,x_14_20,8.0,shared_nucleotide
x_11_20,x_14_21,8.0,crossing_pair
x_11_20,x_14_22,8.0,crossing_pair
x_11_20,x_14_23,8.0,crossing_pair
x_11_20,x_14_24,8.0,crossing_pair
x_11_20,x_14_26,8.0,crossing_pair
x_11_20,x_14_27,8.0,crossing_pair
x_11_20,x_14_28,8.0,crossing_pair
x_11_20,x_14_29,8.0,crossing_pair
x_11_20,x_14_31,8.0,crossing_pair
x_11_20,x_14_33,8.0,crossing_pair
x_11_20,x_14_34,8.0,crossing_pair
x_11_20,x_14_35,8.0,crossing_pair
x_11_20,x_14_36,8.0,crossing_pair
x_11_20,x_14_40,8.0,crossing_pair
x_11_20,x_14_44,8.0,crossing_pair
x_11_20,x_15_20,8.0,shared_nucleotide
x_11_20,x_15_22,8.0,crossing_pair
x_11_20,x_15_34,8.0,crossing_pair
x_11_20,x_15_40,8.0,crossing_pair
x_11_20,x_15_44,8.0,crossing_pair
x_11_20,x_16_25,8.0,crossing_pair
x_11_20,x_16_30,8.0,crossing_pair
x_11_20,x_16_32,8.0,crossing_pair
x_11_20,x_16_37,8.0,crossing_pair
x_11_20,x_16_38,8.0,crossing_pair
x_11_20,x_16_39,8.0,crossing_pair
x_11_20,x_16_41,8.0,crossing_pair
x_11_20,x_16_42,8.0,crossing_pair
x_11_20,x_16_43,8.0,crossing_pair
x_11_20,x_17_30,8.0,crossing_pair
x_11_20,x_17_37,8.0,crossing_pair
x_11_20,x_17_38,8.0,crossing_pair
x_11_20,x_17_39,8.0,crossing_pair
x_11_20,x_17_42,8.0,crossing_pair
x_11_20,x_17_43,8.0,crossing_pair
x_11_20,x_18_22,8.0,crossing_pair
x_11_20,x_18_23,8.0,crossing_pair
x_11_20,x_18_24,8.0,crossing_pair
x_11_20,x_18_26,8.0,crossing_pair
x_11_20,x_18_27,8.0,crossing_pair
x_11_20,x_18_28,8.0,crossing_pair
x_11_20,x_18_29,8.0,crossing_pair
x_11_20,x_18_31,8.0,crossing_pair
x_11_20,x_18_33,8.0,crossing_pair
x_11_20,x_18_34,8.0,crossing_pair
x_11_20,x_18_35,8.0,crossing_pair
x_11_20,x_18_36,8.0,crossing_pair
x_11_20,x_18_40,8.0,crossing_pair
x_11_20,x_18_44,8.0,crossing_pair
x_11_20,x_19_23,8.0,crossing_pair
x_11_20,x_19_24,8.0,crossing_pair
x_11_20,x_19_26,8.0,crossing_pair
x_11_20,x_19_27,8.0,crossing_pair
x_11_20,x_19_28,8.0,crossing_pair
x_11_20,x_19_29,8.0,crossing_pair
x_11_20,x_19_31,8.0,crossing_pair
x_11_20,x_19_33,8.0,crossing_pair
x_11_20,x_19_34,8.0,crossing_pair
x_11_20,x_19_35,8.0,crossing_pair
x_11_20,x_19_36,8.0,crossing_pair
x_11_20,x_19_40,8.0,crossing_pair
x_11_20,x_19_44,8.0,crossing_pair
x_11_20,x_20_25,8.0,shared_nucleotide
x_11_20,x_20_30,8.0,shared_nucleotide
x_11_20,x_20_32,8.0,shared_nucleotide
x_11_20,x_20_37,8.0,shared_nucleotide
x_11_20,x_20_38,8.0,shared_nucleotide
x_11_20,x_20_39,8.0,shared_nucleotide
x_11_20,x_20_41,8.0,shared_nucleotide
x_11_20,x_20_42,8.0,shared_nucleotide
x_11_20,x_20_43,8.0,shared_nucleotide
x_11_21,x_11_22,8.0,shared_nucleotide
x_11_21,x_11_23,8.0,shared_nucleotide
x_11_21,x_11_24,8.0,shared_nucleotide
x_11_21,x_11_26,8.0,shared_nucleotide
x_11_21,x_11_27,8.0,shared_nucleotide
x_11_21,x_11_28,8.0,shared_nucleotide
x_11_21,x_11_29,8.0,shared_nucleotide
x_11_21,x_11_31,8.0,shared_nucleotide
x_11_21,x_11_33,8.0,shared_nucleotide
x_11_21,x_11_34,8.0,shared_nucleotide
x_11_21,x_11_35,8.0,shared_nucleotide
x_11_21,x_11_36,8.0,shared_nucleotide
x_11_21,x_11_40,8.0,shared_nucleotide
x_11_21,x_11_44,8.0,shared_nucleotide
x_11_21,x_12_21,8.0,shared_nucleotide
x_11_21,x_12_22,8.0,crossing_pair
x_11_21,x_12_23,8.0,crossing_pair
x_11_21,x_12_24,8.0,crossing_pair
x_11_21,x_12_26,8.0,crossing_pair
x_11_21,x_12_27,8.0,crossing_pair
x_11_21,x_12_28,8.0,crossing_pair
x_11_21,x_12_29,8.0,crossing_pair
x_11_21,x_12_31,8.0,crossing_pair
x_11_21,x_12_33,8.0,crossing_pair
x_11_21,x_12_34,8.0,crossing_pair
x_11_21,x_12_35,8.0,crossing_pair
x_11_21,x_12_36,8.0,crossing_pair
x_11_21,x_12_40,8.0,crossing_pair
x_11_21,x_12_44,8.0,crossing_pair
x_11_21,x_13_25,8.0,crossing_pair
x_11_21,x_13_30,8.0,crossing_pair
x_11_21,x_13_32,8.0,crossing_pair
x_11_21,x_13_37,8.0,crossing_pair
x_11_21,x_13_38,8.0,crossing_pair
x_11_21,x_13_39,8.0,crossing_pair
x_11_21,x_13_41,8.0,crossing_pair
x_11_21,x_13_42,8.0,crossing_pair
x_11_21,x_13_43,8.0,crossing_pair
x_11_21,x_14_21,8.0,shared_nucleotide
x_11_21,x_14_22,8.0,crossing_pair
x_11_21,x_14_23,8.0,crossing_pair
x_11_21,x_14_24,8.0,crossing_pair
x_11_21,x_14_26,8.0,crossing_pair
x_11_21,x_14_27,8.0,crossing_pair
x_11_21,x_14_28,8.0,crossing_pair
x_11_21,x_14_29,8.0,crossing_pair
x_11_21,x_14_31,8.0,crossing_pair
x_11_21,x_14_33,8.0,crossing_pair
x_11_21,x_14_34,8.0,crossing_pair
x_11_21,x_14_35,8.0,crossing_pair
x_11_21,x_14_36,8.0,crossing_pair
x_11_21,x_14_40,8.0,crossing_pair
x_11_21,x_14_44,8.0,crossing_pair
x_11_21,x_15_22,8.0,crossing_pair
x_11_21,x_15_34,8.0,crossing_pair
x_11_21,x_15_40,8.0,crossing_pair
x_11_21,x_15_44,8.0,crossing_pair
x_11_21,x_16_25,8.0,crossing_pair
x_11_21,x_16_30,8.0,crossing_pair
x_11_21,x_16_32,8.0,crossing_pair
x_11_21,x_16_37,8.0,crossing_pair
x_11_21,x_16_38,8.0,crossing_pair
x_11_21,x_16_39,8.0,crossing_pair
x_11_21,x_16_41,8.0,crossing_pair
x_11_21,x_16_42,8.0,crossing_pair
x_11_21,x_16_43,8.0,crossing_pair
x_11_21,x_17_30,8.0,crossing_pair
x_11_21,x_17_37,8.0,crossing_pair
x_11_21,x_17_38,8.0,crossing_pair
x_11_21,x_17_39,8.0,crossing_pair
x_11_21,x_17_42,8.0,crossing_pair
x_11_21,x_17_43,8.0,crossing_pair
x_11_21,x_18_22,8.0,crossing_pair
x_11_21,x_18_23,8.0,crossing_pair
x_11_21,x_18_24,8.0,crossing_pair
x_11_21,x_18_26,8.0,crossing_pair
x_11_21,x_18_27,8.0,crossing_pair
x_11_21,x_18_28,8.0,crossing_pair
x_11_21,x_18_29,8.0,crossing_pair
x_11_21,x_18_31,8.0,crossing_pair
x_11_21,x_18_33,8.0,crossing_pair
x_11_21,x_18_34,8.0,crossing_pair
x_11_21,x_18_35,8.0,crossing_pair
x_11_21,x_18_36,8.0,crossing_pair
x_11_21,x_18_40,8.0,crossing_pair
x_11_21,x_18_44,8.0,crossing_pair
x_11_21,x_19_23,8.0,crossing_pair
x_11_21,x_19_24,8.0,crossing_pair
x_11_21,x_19_26,8.0,crossing_pair
x_11_21,x_19_27,8.0,crossing_pair
x_11_21,x_19_28,8.0,crossing_pair
x_11_21,x_19_29,8.0,crossing_pair
x_11_21,x_19_31,8.0,crossing_pair
x_11_21,x_19_33,8.0,crossing_pair
x_11_21,x_19_34,8.0,crossing_pair
x_11_21,x_19_35,8.0,crossing_pair
x_11_21,x_19_36,8.0,crossing_pair
x_11_21,x_19_40,8.0,crossing_pair
x_11_21,x_19_44,8.0,crossing_pair
x_11_21,x_20_25,8.0,crossing_pair
x_11_21,x_20_30,8.0,crossing_pair
x_11_21,x_20_32,8.0,crossing_pair
x_11_21,x_20_37,8.0,crossing_pair
x_11_21,x_20_38,8.0,crossing_pair
x_11_21,x_20_39,8.0,crossing_pair
x_11_21,x_20_41,8.0,crossing_pair
x_11_21,x_20_42,8.0,crossing_pair
x_11_21,x_20_43,8.0,crossing_pair
x_11_21,x_21_30,8.0,shared_nucleotide
x_11_21,x_21_37,8.0,shared_nucleotide
x_11_21,x_21_38,8.0,shared_nucleotide
x_11_21,x_21_39,8.0,shared_nucleotide
x_11_21,x_21_42,8.0,shared_nucleotide
x_11_21,x_21_43,8.0,shared_nucleotide
x_11_22,x_11_23,8.0,shared_nucleotide
x_11_22,x_11_24,8.0,shared_nucleotide
x_11_22,x_11_26,8.0,shared_nucleotide
x_11_22,x_11_27,8.0,shared_nucleotide
x_11_22,x_11_28,8.0,shared_nucleotide
x_11_22,x_11_29,8.0,shared_nucleotide
x_11_22,x_11_31,8.0,shared_nucleotide
x_11_22,x_11_33,8.0,shared_nucleotide
x_11_22,x_11_34,8.0,shared_nucleotide
x_11_22,x_11_35,8.0,shared_nucleotide
x_11_22,x_11_36,8.0,shared_nucleotide
x_11_22,x_11_40,8.0,shared_nucleotide
x_11_22,x_11_44,8.0,shared_nucleotide
x_11_22,x_12_22,8.0,shared_nucleotide
x_11_22,x_12_23,8.0,crossing_pair
x_11_22,x_12_24,8.0,crossing_pair
x_11_22,x_12_26,8.0,crossing_pair
x_11_22,x_12_27,8.0,crossing_pair
x_11_22,x_12_28,8.0,crossing_pair
x_11_22,x_12_29,8.0,crossing_pair
x_11_22,x_12_31,8.0,crossing_pair
x_11_22,x_12_33,8.0,crossing_pair
x_11_22,x_12_34,8.0,crossing_pair
x_11_22,x_12_35,8.0,crossing_pair
x_11_22,x_12_36,8.0,crossing_pair
x_11_22,x_12_40,8.0,crossing_pair
x_11_22,x_12_44,8.0,crossing_pair
x_11_22,x_13_25,8.0,crossing_pair
x_11_22,x_13_30,8.0,crossing_pair
x_11_22,x_13_32,8.0,crossing_pair
x_11_22,x_13_37,8.0,crossing_pair
x_11_22,x_13_38,8.0,crossing_pair
x_11_22,x_13_39,8.0,crossing_pair
x_11_22,x_13_41,8.0,crossing_pair
x_11_22,x_13_42,8.0,crossing_pair
x_11_22,x_13_43,8.0,crossing_pair
x_11_22,x_14_22,8.0,shared_nucleotide
x_11_22,x_14_23,8.0,crossing_pair
x_11_22,x_14_24,8.0,crossing_pair
x_11_22,x_14_26,8.0,crossing_pair
x_11_22,x_14_27,8.0,crossing_pair
x_11_22,x_14_28,8.0,crossing_pair
x_11_22,x_14_29,8.0,crossing_pair
x_11_22,x_14_31,8.0,crossing_pair
x_11_22,x_14_33,8.0,crossing_pair
x_11_22,x_14_34,8.0,crossing_pair
x_11_22,x_14_35,8.0,crossing_pair
x_11_22,x_14_36,8.0,crossing_pair
x_11_22,x_14_40,8.0,crossing_pair
x_11_22,x_14_44,8.0,crossing_pair
x_11_22,x_15_22,8.0,shared_nucleotide
x_11_22,x_15_34,8.0,crossing_pair
x_11_22,x_15_40,8.0,crossing_pair
x_11_22,x_15_44,8.0,crossing_pair
x_11_22,x_16_25,8.0,crossing_pair
x_11_22,x_16_30,8.0,crossing_pair
x_11_22,x_16_32,8.0,crossing_pair
x_11_22,x_16_37,8.0,crossing_pair
x_11_22,x_16_38,8.0,crossing_pair
x_11_22,x_16_39,8.0,crossing_pair
x_11_22,x_16_41,8.0,crossing_pair
x_11_22,x_16_42,8.0,crossing_pair
x_11_22,x_16_43,8.0,crossing_pair
x_11_22,x_17_30,8.0,crossing_pair
x_11_22,x_17_37,8.0,crossing_pair
x_11_22,x_17_38,8.0,crossing_pair
x_11_22,x_17_39,8.0,crossing_pair
x_11_22,x_17_42,8.0,crossing_pair
x_11_22,x_17_43,8.0,crossing_pair
x_11_22,x_18_22,8.0,shared_nucleotide
x_11_22,x_18_23,8.0,crossing_pair
x_11_22,x_18_24,8.0,crossing_pair
x_11_22,x_18_26,8.0,crossing_pair
x_11_22,x_18_27,8.0,crossing_pair
x_11_22,x_18_28,8.0,crossing_pair
x_11_22,x_18_29,8.0,crossing_pair
x_11_22,x_18_31,8.0,crossing_pair
x_11_22,x_18_33,8.0,crossing_pair
x_11_22,x_18_34,8.0,crossing_pair
x_11_22,x_18_35,8.0,crossing_pair
x_11_22,x_18_36,8.0,crossing_pair
x_11_22,x_18_40,8.0,crossing_pair
x_11_22,x_18_44,8.0,crossing_pair
x_11_22,x_19_23,8.0,crossing_pair
x_11_22,x_19_24,8.0,crossing_pair
x_11_22,x_19_26,8.0,crossing_pair
x_11_22,x_19_27,8.0,crossing_pair
x_11_22,x_19_28,8.0,crossing_pair
x_11_22,x_19_29,8.0,crossing_pair
x_11_22,x_19_31,8.0,crossing_pair
x_11_22,x_19_33,8.0,crossing_pair
x_11_22,x_19_34,8.0,crossing_pair
x_11_22,x_19_35,8.0,crossing_pair
x_11_22,x_19_36,8.0,crossing_pair
x_11_22,x_19_40,8.0,crossing_pair
x_11_22,x_19_44,8.0,crossing_pair
x_11_22,x_20_25,8.0,crossing_pair
x_11_22,x_20_30,8.0,crossing_pair
x_11_22,x_20_32,8.0,crossing_pair
x_11_22,x_20_37,8.0,crossing_pair
x_11_22,x_20_38,8.0,crossing_pair
x_11_22,x_20_39,8.0,crossing_pair
x_11_22,x_20_41,8.0,crossing_pair
x_11_22,x_20_42,8.0,crossing_pair
x_11_22,x_20_43,8.0,crossing_pair
x_11_22,x_21_30,8.0,crossing_pair
x_11_22,x_21_37,8.0,crossing_pair
x_11_22,x_21_38,8.0,crossing_pair
x_11_22,x_21_39,8.0,crossing_pair
x_11_22,x_21_42,8.0,crossing_pair
x_11_22,x_21_43,8.0,crossing_pair
x_11_22,x_22_30,8.0,shared_nucleotide
x_11_22,x_22_32,8.0,shared_nucleotide
x_11_22,x_22_37,8.0,shared_nucleotide
x_11_22,x_22_38,8.0,shared_nucleotide
x_11_22,x_22_39,8.0,shared_nucleotide
x_11_22,x_22_41,8.0,shared_nucleotide
x_11_22,x_22_42,8.0,shared_nucleotide
x_11_22,x_22_43,8.0,shared_nucleotide
x_11_23,x_11_24,8.0,shared_nucleotide
x_11_23,x_11_26,8.0,shared_nucleotide
x_11_23,x_11_27,8.0,shared_nucleotide
x_11_23,x_11_28,8.0,shared_nucleotide
x_11_23,x_11_29,8.0,shared_nucleotide
x_11_23,x_11_31,8.0,shared_nucleotide
x_11_23,x_11_33,8.0,shared_nucleotide
x_11_23,x_11_34,8.0,shared_nucleotide
x_11_23,x_11_35,8.0,shared_nucleotide
x_11_23,x_11_36,8.0,shared_nucleotide
x_11_23,x_11_40,8.0,shared_nucleotide
x_11_23,x_11_44,8.0,shared_nucleotide
x_11_23,x_12_23,8.0,shared_nucleotide
x_11_23,x_12_24,8.0,crossing_pair
x_11_23,x_12_26,8.0,crossing_pair
x_11_23,x_12_27,8.0,crossing_pair
x_11_23,x_12_28,8.0,crossing_pair
x_11_23,x_12_29,8.0,crossing_pair
x_11_23,x_12_31,8.0,crossing_pair
x_11_23,x_12_33,8.0,crossing_pair
x_11_23,x_12_34,8.0,crossing_pair
x_11_23,x_12_35,8.0,crossing_pair
x_11_23,x_12_36,8.0,crossing_pair
x_11_23,x_12_40,8.0,crossing_pair
x_11_23,x_12_44,8.0,crossing_pair
x_11_23,x_13_25,8.0,crossing_pair
x_11_23,x_13_30,8.0,crossing_pair
x_11_23,x_13_32,8.0,crossing_pair
x_11_23,x_13_37,8.0,crossing_pair
x_11_23,x_13_38,8.0,crossing_pair
x_11_23,x_13_39,8.0,crossing_pair
x_11_23,x_13_41,8.0,crossing_pair
x_11_23,x_13_42,8.0,crossing_pair
x_11_23,x_13_43,8.0,crossing_pair
x_11_23,x_14_23,8.0,shared_nucleotide
x_11_23,x_14_24,8.0,crossing_pair
x_11_23,x_14_26,8.0,crossing_pair
x_11_23,x_14_27,8.0,crossing_pair
x_11_23,x_14_28,8.0,crossing_pair
x_11_23,x_14_29,8.0,crossing_pair
x_11_23,x_14_31,8.0,crossing_pair
x_11_23,x_14_33,8.0,crossing_pair
x_11_23,x_14_34,8.0,crossing_pair
x_11_23,x_14_35,8.0,crossing_pair
x_11_23,x_14_36,8.0,crossing_pair
x_11_23,x_14_40,8.0,crossing_pair
x_11_23,x_14_44,8.0,crossing_pair
x_11_23,x_15_34,8.0,crossing_pair
x_11_23,x_15_40,8.0,crossing_pair
x_11_23,x_15_44,8.0,crossing_pair
x_11_23,x_16_25,8.0,crossing_pair
x_11_23,x_16_30,8.0,crossing_pair
x_11_23,x_16_32,8.0,crossing_pair
x_11_23,x_16_37,8.0,crossing_pair
x_11_23,x_16_38,8.0,crossing_pair
x_11_23,x_16_39,8.0,crossing_pair
x_11_23,x_16_41,8.0,crossing_pair
x_11_23,x_16_42,8.0,crossing_pair
x_11_23,x_16_43,8.0,crossing_pair
x_11_23,x_17_30,8.0,crossing_pair
x_11_23,x_17_37,8.0,crossing_pair
x_11_23,x_17_38,8.0,crossing_pair
x_11_23,x_17_39,8.0,crossing_pair
x_11_23,x_17_42,8.0,crossing_pair
x_11_23,x_17_43,8.0,crossing_pair
x_11_23,x_18_23,8.0,shared_nucleotide
x_11_23,x_18_24,8.0,crossing_pair
x_11_23,x_18_26,8.0,crossing_pair
x_11_23,x_18_27,8.0,crossing_pair
x_11_23,x_18_28,8.0,crossing_pair
x_11_23,x_18_29,8.0,crossing_pair
x_11_23,x_18_31,8.0,crossing_pair
x_11_23,x_18_33,8.0,crossing_pair
x_11_23,x_18_34,8.0,crossing_pair
x_11_23,x_18_35,8.0,crossing_pair
x_11_23,x_18_36,8.0,crossing_pair
x_11_23,x_18_40,8.0,crossing_pair
x_11_23,x_18_44,8.0,crossing_pair
x_11_23,x_19_23,8.0,shared_nucleotide
x_11_23,x_19_24,8.0,crossing_pair
x_11_23,x_19_26,8.0,crossing_pair
x_11_23,x_19_27,8.0,crossing_pair
x_11_23,x_19_28,8.0,crossing_pair
x_11_23,x_19_29,8.0,crossing_pair
x_11_23,x_19_31,8.0,crossing_pair
x_11_23,x_19_33,8.0,crossing_pair
x_11_23,x_19_34,8.0,crossing_pair
x_11_23,x_19_35,8.0,crossing_pair
x_11_23,x_19_36,8.0,crossing_pair
x_11_23,x_19_40,8.0,crossing_pair
x_11_23,x_19_44,8.0,crossing_pair
x_11_23,x_20_25,8.0,crossing_pair
x_11_23,x_20_30,8.0,crossing_pair
x_11_23,x_20_32,8.0,crossing_pair
x_11_23,x_20_37,8.0,crossing_pair
x_11_23,x_20_38,8.0,crossing_pair
x_11_23,x_20_39,8.0,crossing_pair
x_11_23,x_20_41,8.0,crossing_pair
x_11_23,x_20_42,8.0,crossing_pair
x_11_23,x_20_43,8.0,crossing_pair
x_11_23,x_21_30,8.0,crossing_pair
x_11_23,x_21_37,8.0,crossing_pair
x_11_23,x_21_38,8.0,crossing_pair
x_11_23,x_21_39,8.0,crossing_pair
x_11_23,x_21_42,8.0,crossing_pair
x_11_23,x_21_43,8.0,crossing_pair
x_11_23,x_22_30,8.0,crossing_pair
x_11_23,x_22_32,8.0,crossing_pair
x_11_23,x_22_37,8.0,crossing_pair
x_11_23,x_22_38,8.0,crossing_pair
x_11_23,x_22_39,8.0,crossing_pair
x_11_23,x_22_41,8.0,crossing_pair
x_11_23,x_22_42,8.0,crossing_pair
x_11_23,x_22_43,8.0,crossing_pair
x_11_23,x_23_30,8.0,shared_nucleotide
x_11_23,x_23_37,8.0,shared_nucleotide
x_11_23,x_23_38,8.0,shared_nucleotide
x_11_23,x_23_39,8.0,shared_nucleotide
x_11_23,x_23_42,8.0,shared_nucleotide
x_11_23,x_23_43,8.0,shared_nucleotide
x_11_24,x_11_26,8.0,shared_nucleotide
x_11_24,x_11_27,8.0,shared_nucleotide
x_11_24,x_11_28,8.0,shared_nucleotide
x_11_24,x_11_29,8.0,shared_nucleotide
x_11_24,x_11_31,8.0,shared_nucleotide
x_11_24,x_11_33,8.0,shared_nucleotide
x_11_24,x_11_34,8.0,shared_nucleotide
x_11_24,x_11_35,8.0,shared_nucleotide
x_11_24,x_11_36,8.0,shared_nucleotide
x_11_24,x_11_40,8.0,shared_nucleotide
x_11_24,x_11_44,8.0,shared_nucleotide
x_11_24,x_12_24,8.0,shared_nucleotide
x_11_24,x_12_26,8.0,crossing_pair
x_11_24,x_12_27,8.0,crossing_pair
x_11_24,x_12_28,8.0,crossing_pair
x_11_24,x_12_29,8.0,crossing_pair
x_11_24,x_12_31,8.0,crossing_pair
x_11_24,x_12_33,8.0,crossing_pair
x_11_24,x_12_34,8.0,crossing_pair
x_11_24,x_12_35,8.0,crossing_pair
x_11_24,x_12_36,8.0,crossing_pair
x_11_24,x_12_40,8.0,crossing_pair
x_11_24,x_12_44,8.0,crossing_pair
x_11_24,x_13_25,8.0,crossing_pair
x_11_24,x_13_30,8.0,crossing_pair
x_11_24,x_13_32,8.0,crossing_pair
x_11_24,x_13_37,8.0,crossing_pair
x_11_24,x_13_38,8.0,crossing_pair
x_11_24,x_13_39,8.0,crossing_pair
x_11_24,x_13_41,8.0,crossing_pair
x_11_24,x_13_42,8.0,crossing_pair
x_11_24,x_13_43,8.0,crossing_pair
x_11_24,x_14_24,8.0,shared_nucleotide
x_11_24,x_14_26,8.0,crossing_pair
x_11_24,x_14_27,8.0,crossing_pair
x_11_24,x_14_28,8.0,crossing_pair
x_11_24,x_14_29,8.0,crossing_pair
x_11_24,x_14_31,8.0,crossing_pair
x_11_24,x_14_33,8.0,crossing_pair
x_11_24,x_14_34,8.0,crossing_pair
x_11_24,x_14_35,8.0,crossing_pair
x_11_24,x_14_36,8.0,crossing_pair
x_11_24,x_14_40,8.0,crossing_pair
x_11_24,x_14_44,8.0,crossing_pair
x_11_24,x_15_34,8.0,crossing_pair
x_11_24,x_15_40,8.0,crossing_pair
x_11_24,x_15_44,8.0,crossing_pair
x_11_24,x_16_25,8.0,crossing_pair
x_11_24,x_16_30,8.0,crossing_pair
x_11_24,x_16_32,8.0,crossing_pair
x_11_24,x_16_37,8.0,crossing_pair
x_11_24,x_16_38,8.0,crossing_pair
x_11_24,x_16_39,8.0,crossing_pair
x_11_24,x_16_41,8.0,crossing_pair
x_11_24,x_16_42,8.0,crossing_pair
x_11_24,x_16_43,8.0,crossing_pair
x_11_24,x_17_30,8.0,crossing_pair
x_11_24,x_17_37,8.0,crossing_pair
x_11_24,x_17_38,8.0,crossing_pair
x_11_24,x_17_39,8.0,crossing_pair
x_11_24,x_17_42,8.0,crossing_pair
x_11_24,x_17_43,8.0,crossing_pair
x_11_24,x_18_24,8.0,shared_nucleotide
x_11_24,x_18_26,8.0,crossing_pair
x_11_24,x_18_27,8.0,crossing_pair
x_11_24,x_18_28,8.0,crossing_pair
x_11_24,x_18_29,8.0,crossing_pair
x_11_24,x_18_31,8.0,crossing_pair
x_11_24,x_18_33,8.0,crossing_pair
x_11_24,x_18_34,8.0,crossing_pair
x_11_24,x_18_35,8.0,crossing_pair
x_11_24,x_18_36,8.0,crossing_pair
x_11_24,x_18_40,8.0,crossing_pair
x_11_24,x_18_44,8.0,crossing_pair
x_11_24,x_19_24,8.0,shared_nucleotide
x_11_24,x_19_26,8.0,crossing_pair
x_11_24,x_19_27,8.0,crossing_pair
x_11_24,x_19_28,8.0,crossing_pair
x_11_24,x_19_29,8.0,crossing_pair
x_11_24,x_19_31,8.0,crossing_pair
x_11_24,x_19_33,8.0,crossing_pair
x_11_24,x_19_34,8.0,crossing_pair
x_11_24,x_19_35,8.0,crossing_pair
x_11_24,x_19_36,8.0,crossing_pair
x_11_24,x_19_40,8.0,crossing_pair
x_11_24,x_19_44,8.0,crossing_pair
x_11_24,x_20_25,8.0,crossing_pair
x_11_24,x_20_30,8.0,crossing_pair
x_11_24,x_20_32,8.0,crossing_pair
x_11_24,x_20_37,8.0,crossing_pair
x_11_24,x_20_38,8.0,crossing_pair
x_11_24,x_20_39,8.0,crossing_pair
x_11_24,x_20_41,8.0,crossing_pair
x_11_24,x_20_42,8.0,crossing_pair
x_11_24,x_20_43,8.0,crossing_pair
x_11_24,x_21_30,8.0,crossing_pair
x_11_24,x_21_37,8.0,crossing_pair
x_11_24,x_21_38,8.0,crossing_pair
x_11_24,x_21_39,8.0,crossing_pair
x_11_24,x_21_42,8.0,crossing_pair
x_11_24,x_21_43,8.0,crossing_pair
x_11_24,x_22_30,8.0,crossing_pair
x_11_24,x_22_32,8.0,crossing_pair
x_11_24,x_22_37,8.0,crossing_pair
x_11_24,x_22_38,8.0,crossing_pair
x_11_24,x_22_39,8.0,crossing_pair
x_11_24,x_22_41,8.0,crossing_pair
x_11_24,x_22_42,8.0,crossing_pair
x_11_24,x_22_43,8.0,crossing_pair
x_11_24,x_23_30,8.0,crossing_pair
x_11_24,x_23_37,8.0,crossing_pair
x_11_24,x_23_38,8.0,crossing_pair
x_11_24,x_23_39,8.0,crossing_pair
x_11_24,x_23_42,8.0,crossing_pair
x_11_24,x_23_43,8.0,crossing_pair
x_11_24,x_24_30,8.0,shared_nucleotide
x_11_24,x_24_37,8.0,shared_nucleotide
x_11_24,x_24_38,8.0,shared_nucleotide
x_11_24,x_24_39,8.0,shared_nucleotide
x_11_24,x_24_42,8.0,shared_nucleotide
x_11_24,x_24_43,8.0,shared_nucleotide
x_11_26,x_11_27,8.0,shared_nucleotide
x_11_26,x_11_28,8.0,shared_nucleotide
x_11_26,x_11_29,8.0,shared_nucleotide
x_11_26,x_11_31,8.0,shared_nucleotide
x_11_26,x_11_33,8.0,shared_nucleotide
x_11_26,x_11_34,8.0,shared_nucleotide
x_11_26,x_11_35,8.0,shared_nucleotide
x_11_26,x_11_36,8.0,shared_nucleotide
x_11_26,x_11_40,8.0,shared_nucleotide
x_11_26,x_11_44,8.0,shared_nucleotide
x_11_26,x_12_26,8.0,shared_nucleotide
x_11_26,x_12_27,8.0,crossing_pair
x_11_26,x_12_28,8.0,crossing_pair
x_11_26,x_12_29,8.0,crossing_pair
x_11_26,x_12_31,8.0,crossing_pair
x_11_26,x_12_33,8.0,crossing_pair
x_11_26,x_12_34,8.0,crossing_pair
x_11_26,x_12_35,8.0,crossing_pair
x_11_26,x_12_36,8.0,crossing_pair
x_11_26,x_12_40,8.0,crossing_pair
x_11_26,x_12_44,8.0,crossing_pair
x_11_26,x_13_30,8.0,crossing_pair
x_11_26,x_13_32,8.0,crossing_pair
x_11_26,x_13_37,8.0,crossing_pair
x_11_26,x_13_38,8.0,crossing_pair
x_11_26,x_13_39,8.0,crossing_pair
x_11_26,x_13_41,8.0,crossing_pair
x_11_26,x_13_42,8.0,crossing_pair
x_11_26,x_13_43,8.0,crossing_pair
x_11_26,x_14_26,8.0,shared_nucleotide
x_11_26,x_14_27,8.0,crossing_pair
x_11_26,x_14_28,8.0,crossing_pair
x_11_26,x_14_29,8.0,crossing_pair
x_11_26,x_14_31,8.0,crossing_pair
x_11_26,x_14_33,8.0,crossing_pair
x_11_26,x_14_34,8.0,crossing_pair
x_11_26,x_14_35,8.0,crossing_pair
x_11_26,x_14_36,8.0,crossing_pair
x_11_26,x_14_40,8.0,crossing_pair
x_11_26,x_14_44,8.0,crossing_pair
x_11_26,x_15_34,8.0,crossing_pair
x_11_26,x_15_40,8.0,crossing_pair
x_11_26,x_15_44,8.0,crossing_pair
x_11_26,x_16_30,8.0,crossing_pair
x_11_26,x_16_32,8.0,crossing_pair
x_11_26,x_16_37,8.0,crossing_pair
x_11_26,x_16_38,8.0,crossing_pair
x_11_26,x_16_39,8.0,crossing_pair
x_11_26,x_16_41,8.0,crossing_pair
x_11_26,x_16_42,8.0,crossing_pair
x_11_26,x_16_43,8.0,crossing_pair
x_11_26,x_17_30,8.0,crossing_pair
x_11_26,x_17_37,8.0,crossing_pair
x_11_26,x_17_38,8.0,crossing_pair
x_11_26,x_17_39,8.0,crossing_pair
x_11_26,x_17_42,8.0,crossing_pair
x_11_26,x_17_43,8.0,crossing_pair
x_11_26,x_18_26,8.0,shared_nucleotide
x_11_26,x_18_27,8.0,crossing_pair
x_11_26,x_18_28,8.0,crossing_pair
x_11_26,x_18_29,8.0,crossing_pair
x_11_26,x_18_31,8.0,crossing_pair
x_11_26,x_18_33,8.0,crossing_pair
x_11_26,x_18_34,8.0,crossing_pair
x_11_26,x_18_35,8.0,crossing_pair
x_11_26,x_18_36,8.0,crossing_pair
x_11_26,x_18_40,8.0,crossing_pair
x_11_26,x_18_44,8.0,crossing_pair
x_11_26,x_19_26,8.0,shared_nucleotide
x_11_26,x_19_27,8.0,crossing_pair
x_11_26,x_19_28,8.0,crossing_pair
x_11_26,x_19_29,8.0,crossing_pair
x_11_26,x_19_31,8.0,crossing_pair
x_11_26,x_19_33,8.0,crossing_pair
x_11_26,x_19_34,8.0,crossing_pair
x_11_26,x_19_35,8.0,crossing_pair
x_11_26,x_19_36,8.0,crossing_pair
x_11_26,x_19_40,8.0,crossing_pair
x_11_26,x_19_44,8.0,crossing_pair
x_11_26,x_20_30,8.0,crossing_pair
x_11_26,x_20_32,8.0,crossing_pair
x_11_26,x_20_37,8.0,crossing_pair
x_11_26,x_20_38,8.0,crossing_pair
x_11_26,x_20_39,8.0,crossing_pair
x_11_26,x_20_41,8.0,crossing_pair
x_11_26,x_20_42,8.0,crossing_pair
x_11_26,x_20_43,8.0,crossing_pair
x_11_26,x_21_30,8.0,crossing_pair
x_11_26,x_21_37,8.0,crossing_pair
x_11_26,x_21_38,8.0,crossing_pair
x_11_26,x_21_39,8.0,crossing_pair
x_11_26,x_21_42,8.0,crossing_pair
x_11_26,x_21_43,8.0,crossing_pair
x_11_26,x_22_30,8.0,crossing_pair
x_11_26,x_22_32,8.0,crossing_pair
x_11_26,x_22_37,8.0,crossing_pair
x_11_26,x_22_38,8.0,crossing_pair
x_11_26,x_22_39,8.0,crossing_pair
x_11_26,x_22_41,8.0,crossing_pair
x_11_26,x_22_42,8.0,crossing_pair
x_11_26,x_22_43,8.0,crossing_pair
x_11_26,x_23_30,8.0,crossing_pair
x_11_26,x_23_37,8.0,crossing_pair
x_11_26,x_23_38,8.0,crossing_pair
x_11_26,x_23_39,8.0,crossing_pair
x_11_26,x_23_42,8.0,crossing_pair
x_11_26,x_23_43,8.0,crossing_pair
x_11_26,x_24_30,8.0,crossing_pair
x_11_26,x_24_37,8.0,crossing_pair
x_11_26,x_24_38,8.0,crossing_pair
x_11_26,x_24_39,8.0,crossing_pair
x_11_26,x_24_42,8.0,crossing_pair
x_11_26,x_24_43,8.0,crossing_pair
x_11_26,x_25_34,8.0,crossing_pair
x_11_26,x_25_40,8.0,crossing_pair
x_11_26,x_25_44,8.0,crossing_pair
x_11_26,x_26_30,8.0,shared_nucleotide
x_11_26,x_26_37,8.0,shared_nucleotide
x_11_26,x_26_38,8.0,shared_nucleotide
x_11_26,x_26_39,8.0,shared_nucleotide
x_11_26,x_26_42,8.0,shared_nucleotide
x_11_26,x_26_43,8.0,shared_nucleotide
x_11_27,x_11_28,8.0,shared_nucleotide
x_11_27,x_11_29,8.0,shared_nucleotide
x_11_27,x_11_31,8.0,shared_nucleotide
x_11_27,x_11_33,8.0,shared_nucleotide
x_11_27,x_11_34,8.0,shared_nucleotide
x_11_27,x_11_35,8.0,shared_nucleotide
x_11_27,x_11_36,8.0,shared_nucleotide
x_11_27,x_11_40,8.0,shared_nucleotide
x_11_27,x_11_44,8.0,shared_nucleotide
x_11_27,x_12_27,8.0,shared_nucleotide
x_11_27,x_12_28,8.0,crossing_pair
x_11_27,x_12_29,8.0,crossing_pair
x_11_27,x_12_31,8.0,crossing_pair
x_11_27,x_12_33,8.0,crossing_pair
x_11_27,x_12_34,8.0,crossing_pair
x_11_27,x_12_35,8.0,crossing_pair
x_11_27,x_12_36,8.0,crossing_pair
x_11_27,x_12_40,8.0,crossing_pair
x_11_27,x_12_44,8.0,crossing_pair
x_11_27,x_13_30,8.0,crossing_pair
x_11_27,x_13_32,8.0,crossing_pair
x_11_27,x_13_37,8.0,crossing_pair
x_11_27,x_13_38,8.0,crossing_pair
x_11_27,x_13_39,8.0,crossing_pair
x_11_27,x_13_41,8.0,crossing_pair
x_11_27,x_13_42,8.0,crossing_pair
x_11_27,x_13_43,8.0,crossing_pair
x_11_27,x_14_27,8.0,shared_nucleotide
x_11_27,x_14_28,8.0,crossing_pair
x_11_27,x_14_29,8.0,crossing_pair
x_11_27,x_14_31,8.0,crossing_pair
x_11_27,x_14_33,8.0,crossing_pair
x_11_27,x_14_34,8.0,crossing_pair
x_11_27,x_14_35,8.0,crossing_pair
x_11_27,x_14_36,8.0,crossing_pair
x_11_27,x_14_40,8.0,crossing_pair
x_11_27,x_14_44,8.0,crossing_pair
x_11_27,x_15_34,8.0,crossing_pair
x_11_27,x_15_40,8.0,crossing_pair
x_11_27,x_15_44,8.0,crossing_pair
x_11_27,x_16_30,8.0,crossing_pair
x_11_27,x_16_32,8.0,crossing_pair
x_11_27,x_16_37,8.0,crossing_pair
x_11_27,x_16_38,8.0,crossing_pair
x_11_27,x_16_39,8.0,crossing_pair
x_11_27,x_16_41,8.0,crossing_pair
x_11_27,x_16_42,8.0,crossing_pair
x_11_27,x_16_43,8.0,crossing_pair
x_11_27,x_17_30,8.0,crossing_pair
x_11_27,x_17_37,8.0,crossing_pair
x_11_27,x_17_38,8.0,crossing_pair
x_11_27,x_17_39,8.0,crossing_pair
x_11_27,x_17_42,8.0,crossing_pair
x_11_27,x_17_43,8.0,crossing_pair
x_11_27,x_18_27,8.0,shared_nucleotide
x_11_27,x_18_28,8.0,crossing_pair
x_11_27,x_18_29,8.0,crossing_pair
x_11_27,x_18_31,8.0,crossing_pair
x_11_27,x_18_33,8.0,crossing_pair
x_11_27,x_18_34,8.0,crossing_pair
x_11_27,x_18_35,8.0,crossing_pair
x_11_27,x_18_36,8.0,crossing_pair
x_11_27,x_18_40,8.0,crossing_pair
x_11_27,x_18_44,8.0,crossing_pair
x_11_27,x_19_27,8.0,shared_nucleotide
x_11_27,x_19_28,8.0,crossing_pair
x_11_27,x_19_29,8.0,crossing_pair
x_11_27,x_19_31,8.0,crossing_pair
x_11_27,x_19_33,8.0,crossing_pair
x_11_27,x_19_34,8.0,crossing_pair
x_11_27,x_19_35,8.0,crossing_pair
x_11_27,x_19_36,8.0,crossing_pair
x_11_27,x_19_40,8.0,crossing_pair
x_11_27,x_19_44,8.0,crossing_pair
x_11_27,x_20_30,8.0,crossing_pair
x_11_27,x_20_32,8.0,crossing_pair
x_11_27,x_20_37,8.0,crossing_pair
x_11_27,x_20_38,8.0,crossing_pair
x_11_27,x_20_39,8.0,crossing_pair
x_11_27,x_20_41,8.0,crossing_pair
x_11_27,x_20_42,8.0,crossing_pair
x_11_27,x_20_43,8.0,crossing_pair
x_11_27,x_21_30,8.0,crossing_pair
x_11_27,x_21_37,8.0,crossing_pair
x_11_27,x_21_38,8.0,crossing_pair
x_11_27,x_21_39,8.0,crossing_pair
x_11_27,x_21_42,8.0,crossing_pair
x_11_27,x_21_43,8.0,crossing_pair
x_11_27,x_22_30,8.0,crossing_pair
x_11_27,x_22_32,8.0,crossing_pair
x_11_27,x_22_37,8.0,crossing_pair
x_11_27,x_22_38,8.0,crossing_pair
x_11_27,x_22_39,8.0,crossing_pair
x_11_27,x_22_41,8.0,crossing_pair
x_11_27,x_22_42,8.0,crossing_pair
x_11_27,x_22_43,8.0,crossing_pair
x_11_27,x_23_30,8.0,crossing_pair
x_11_27,x_23_37,8.0,crossing_pair
x_11_27,x_23_38,8.0,crossing_pair
x_11_27,x_23_39,8.0,crossing_pair
x_11_27,x_23_42,8.0,crossing_pair
x_11_27,x_23_43,8.0,crossing_pair
x_11_27,x_24_30,8.0,crossing_pair
x_11_27,x_24_37,8.0,crossing_pair
x_11_27,x_24_38,8.0,crossing_pair
x_11_27,x_24_39,8.0,crossing_pair
x_11_27,x_24_42,8.0,crossing_pair
x_11_27,x_24_43,8.0,crossing_pair
x_11_27,x_25_34,8.0,crossing_pair
x_11_27,x_25_40,8.0,crossing_pair
x_11_27,x_25_44,8.0,crossing_pair
x_11_27,x_26_30,8.0,crossing_pair
x_11_27,x_26_37,8.0,crossing_pair
x_11_27,x_26_38,8.0,crossing_pair
x_11_27,x_26_39,8.0,crossing_pair
x_11_27,x_26_42,8.0,crossing_pair
x_11_27,x_26_43,8.0,crossing_pair
x_11_27,x_27_37,8.0,shared_nucleotide
x_11_27,x_27_38,8.0,shared_nucleotide
x_11_27,x_27_39,8.0,shared_nucleotide
x_11_27,x_27_42,8.0,shared_nucleotide
x_11_27,x_27_43,8.0,shared_nucleotide
x_11_28,x_11_29,8.0,shared_nucleotide
x_11_28,x_11_31,8.0,shared_nucleotide
x_11_28,x_11_33,8.0,shared_nucleotide
x_11_28,x_11_34,8.0,shared_nucleotide
x_11_28,x_11_35,8.0,shared_nucleotide
x_11_28,x_11_36,8.0,shared_nucleotide
x_11_28,x_11_40,8.0,shared_nucleotide
x_11_28,x_11_44,8.0,shared_nucleotide
x_11_28,x_12_28,8.0,shared_nucleotide
x_11_28,x_12_29,8.0,crossing_pair
x_11_28,x_12_31,8.0,crossing_pair
x_11_28,x_12_33,8.0,crossing_pair
x_11_28,x_12_34,8.0,crossing_pair
x_11_28,x_12_35,8.0,crossing_pair
x_11_28,x_12_36,8.0,crossing_pair
x_11_28,x_12_40,8.0,crossing_pair
x_11_28,x_12_44,8.0,crossing_pair
x_11_28,x_13_30,8.0,crossing_pair
x_11_28,x_13_32,8.0,crossing_pair
x_11_28,x_13_37,8.0,crossing_pair
x_11_28,x_13_38,8.0,crossing_pair
x_11_28,x_13_39,8.0,crossing_pair
x_11_28,x_13_41,8.0,crossing_pair
x_11_28,x_13_42,8.0,crossing_pair
x_11_28,x_13_43,8.0,crossing_pair
x_11_28,x_14_28,8.0,shared_nucleotide
x_11_28,x_14_29,8.0,crossing_pair
x_11_28,x_14_31,8.0,crossing_pair
x_11_28,x_14_33,8.0,crossing_pair
x_11_28,x_14_34,8.0,crossing_pair
x_11_28,x_14_35,8.0,crossing_pair
x_11_28,x_14_36,8.0,crossing_pair
x_11_28,x_14_40,8.0,crossing_pair
x_11_28,x_14_44,8.0,crossing_pair
x_11_28,x_15_34,8.0,crossing_pair
x_11_28,x_15_40,8.0,crossing_pair
x_11_28,x_15_44,8.0,crossing_pair
x_11_28,x_16_30,8.0,crossing_pair
x_11_28,x_16_32,8.0,crossing_pair
x_11_28,x_16_37,8.0,crossing_pair
x_11_28,x_16_38,8.0,crossing_pair
x_11_28,x_16_39,8.0,crossing_pair
x_11_28,x_16_41,8.0,crossing_pair
x_11_28,x_16_42,8.0,crossing_pair
x_11_28,x_16_43,8.0,crossing_pair
x_11_28,x_17_30,8.0,crossing_pair
x_11_28,x_17_37,8.0,crossing_pair
x_11_28,x_17_38,8.0,crossing_pair
x_11_28,x_17_39,8.0,crossing_pair
x_11_28,x_17_42,8.0,crossing_pair
x_11_28,x_17_43,8.0,crossing_pair
x_11_28,x_18_28,8.0,shared_nucleotide
x_11_28,x_18_29,8.0,crossing_pair
x_11_28,x_18_31,8.0,crossing_pair
x_11_28,x_18_33,8.0,crossing_pair
x_11_28,x_18_34,8.0,crossing_pair
x_11_28,x_18_35,8.0,crossing_pair
x_11_28,x_18_36,8.0,crossing_pair
x_11_28,x_18_40,8.0,crossing_pair
x_11_28,x_18_44,8.0,crossing_pair
x_11_28,x_19_28,8.0,shared_nucleotide
x_11_28,x_19_29,8.0,crossing_pair
x_11_28,x_19_31,8.0,crossing_pair
x_11_28,x_19_33,8.0,crossing_pair
x_11_28,x_19_34,8.0,crossing_pair
x_11_28,x_19_35,8.0,crossing_pair
x_11_28,x_19_36,8.0,crossing_pair
x_11_28,x_19_40,8.0,crossing_pair
x_11_28,x_19_44,8.0,crossing_pair
x_11_28,x_20_30,8.0,crossing_pair
x_11_28,x_20_32,8.0,crossing_pair
x_11_28,x_20_37,8.0,crossing_pair
x_11_28,x_20_38,8.0,crossing_pair
x_11_28,x_20_39,8.0,crossing_pair
x_11_28,x_20_41,8.0,crossing_pair
x_11_28,x_20_42,8.0,crossing_pair
x_11_28,x_20_43,8.0,crossing_pair
x_11_28,x_21_30,8.0,crossing_pair
x_11_28,x_21_37,8.0,crossing_pair
x_11_28,x_21_38,8.0,crossing_pair
x_11_28,x_21_39,8.0,crossing_pair
x_11_28,x_21_42,8.0,crossing_pair
x_11_28,x_21_43,8.0,crossing_pair
x_11_28,x_22_30,8.0,crossing_pair
x_11_28,x_22_32,8.0,crossing_pair
x_11_28,x_22_37,8.0,crossing_pair
x_11_28,x_22_38,8.0,crossing_pair
x_11_28,x_22_39,8.0,crossing_pair
x_11_28,x_22_41,8.0,crossing_pair
x_11_28,x_22_42,8.0,crossing_pair
x_11_28,x_22_43,8.0,crossing_pair
x_11_28,x_23_30,8.0,crossing_pair
x_11_28,x_23_37,8.0,crossing_pair
x_11_28,x_23_38,8.0,crossing_pair
x_11_28,x_23_39,8.0,crossing_pair
x_11_28,x_23_42,8.0,crossing_pair
x_11_28,x_23_43,8.0,crossing_pair
x_11_28,x_24_30,8.0,crossing_pair
x_11_28,x_24_37,8.0,crossing_pair
x_11_28,x_24_38,8.0,crossing_pair
x_11_28,x_24_39,8.0,crossing_pair
x_11_28,x_24_42,8.0,crossing_pair
x_11_28,x_24_43,8.0,crossing_pair
x_11_28,x_25_34,8.0,crossing_pair
x_11_28,x_25_40,8.0,crossing_pair
x_11_28,x_25_44,8.0,crossing_pair
x_11_28,x_26_30,8.0,crossing_pair
x_11_28,x_26_37,8.0,crossing_pair
x_11_28,x_26_38,8.0,crossing_pair
x_11_28,x_26_39,8.0,crossing_pair
x_11_28,x_26_42,8.0,crossing_pair
x_11_28,x_26_43,8.0,crossing_pair
x_11_28,x_27_37,8.0,crossing_pair
x_11_28,x_27_38,8.0,crossing_pair
x_11_28,x_27_39,8.0,crossing_pair
x_11_28,x_27_42,8.0,crossing_pair
x_11_28,x_27_43,8.0,crossing_pair
x_11_28,x_28_37,8.0,shared_nucleotide
x_11_28,x_28_38,8.0,shared_nucleotide
x_11_28,x_28_39,8.0,shared_nucleotide
x_11_28,x_28_42,8.0,shared_nucleotide
x_11_28,x_28_43,8.0,shared_nucleotide
x_11_29,x_11_31,8.0,shared_nucleotide
x_11_29,x_11_33,8.0,shared_nucleotide
x_11_29,x_11_34,8.0,shared_nucleotide
x_11_29,x_11_35,8.0,shared_nucleotide
x_11_29,x_11_36,8.0,shared_nucleotide
x_11_29,x_11_40,8.0,shared_nucleotide
x_11_29,x_11_44,8.0,shared_nucleotide
x_11_29,x_12_29,8.0,shared_nucleotide
x_11_29,x_12_31,8.0,crossing_pair
x_11_29,x_12_33,8.0,crossing_pair
x_11_29,x_12_34,8.0,crossing_pair
x_11_29,x_12_35,8.0,crossing_pair
x_11_29,x_12_36,8.0,crossing_pair
x_11_29,x_12_40,8.0,crossing_pair
x_11_29,x_12_44,8.0,crossing_pair
x_11_29,x_13_30,8.0,crossing_pair
x_11_29,x_13_32,8.0,crossing_pair
x_11_29,x_13_37,8.0,crossing_pair
x_11_29,x_13_38,8.0,crossing_pair
x_11_29,x_13_39,8.0,crossing_pair
x_11_29,x_13_41,8.0,crossing_pair
x_11_29,x_13_42,8.0,crossing_pair
x_11_29,x_13_43,8.0,crossing_pair
x_11_29,x_14_29,8.0,shared_nucleotide
x_11_29,x_14_31,8.0,crossing_pair
x_11_29,x_14_33,8.0,crossing_pair
x_11_29,x_14_34,8.0,crossing_pair
x_11_29,x_14_35,8.0,crossing_pair
x_11_29,x_14_36,8.0,crossing_pair
x_11_29,x_14_40,8.0,crossing_pair
x_11_29,x_14_44,8.0,crossing_pair
x_11_29,x_15_34,8.0,crossing_pair
x_11_29,x_15_40,8.0,crossing_pair
x_11_29,x_15_44,8.0,crossing_pair
x_11_29,x_16_30,8.0,crossing_pair
x_11_29,x_16_32,8.0,crossing_pair
x_11_29,x_16_37,8.0,crossing_pair
x_11_29,x_16_38,8.0,crossing_pair
x_11_29,x_16_39,8.0,crossing_pair
x_11_29,x_16_41,8.0,crossing_pair
x_11_29,x_16_42,8.0,crossing_pair
x_11_29,x_16_43,8.0,crossing_pair
x_11_29,x_17_30,8.0,crossing_pair
x_11_29,x_17_37,8.0,crossing_pair
x_11_29,x_17_38,8.0,crossing_pair
x_11_29,x_17_39,8.0,crossing_pair
x_11_29,x_17_42,8.0,crossing_pair
x_11_29,x_17_43,8.0,crossing_pair
x_11_29,x_18_29,8.0,shared_nucleotide
x_11_29,x_18_31,8.0,crossing_pair
x_11_29,x_18_33,8.0,crossing_pair
x_11_29,x_18_34,8.0,crossing_pair
x_11_29,x_18_35,8.0,crossing_pair
x_11_29,x_18_36,8.0,crossing_pair
x_11_29,x_18_40,8.0,crossing_pair
x_11_29,x_18_44,8.0,crossing_pair
x_11_29,x_19_29,8.0,shared_nucleotide
x_11_29,x_19_31,8.0,crossing_pair
x_11_29,x_19_33,8.0,crossing_pair
x_11_29,x_19_34,8.0,crossing_pair
x_11_29,x_19_35,8.0,crossing_pair
x_11_29,x_19_36,8.0,crossing_pair
x_11_29,x_19_40,8.0,crossing_pair
x_11_29,x_19_44,8.0,crossing_pair
x_11_29,x_20_30,8.0,crossing_pair
x_11_29,x_20_32,8.0,crossing_pair
x_11_29,x_20_37,8.0,crossing_pair
x_11_29,x_20_38,8.0,crossing_pair
x_11_29,x_20_39,8.0,crossing_pair
x_11_29,x_20_41,8.0,crossing_pair
x_11_29,x_20_42,8.0,crossing_pair
x_11_29,x_20_43,8.0,crossing_pair
x_11_29,x_21_30,8.0,crossing_pair
x_11_29,x_21_37,8.0,crossing_pair
x_11_29,x_21_38,8.0,crossing_pair
x_11_29,x_21_39,8.0,crossing_pair
x_11_29,x_21_42,8.0,crossing_pair
x_11_29,x_21_43,8.0,crossing_pair
x_11_29,x_22_30,8.0,crossing_pair
x_11_29,x_22_32,8.0,crossing_pair
x_11_29,x_22_37,8.0,crossing_pair
x_11_29,x_22_38,8.0,crossing_pair
x_11_29,x_22_39,8.0,crossing_pair
x_11_29,x_22_41,8.0,crossing_pair
x_11_29,x_22_42,8.0,crossing_pair
x_11_29,x_22_43,8.0,crossing_pair
x_11_29,x_23_30,8.0,crossing_pair
x_11_29,x_23_37,8.0,crossing_pair
x_11_29,x_23_38,8.0,crossing_pair
x_11_29,x_23_39,8.0,crossing_pair
x_11_29,x_23_42,8.0,crossing_pair
x_11_29,x_23_43,8.0,crossing_pair
x_11_29,x_24_30,8.0,crossing_pair
x_11_29,x_24_37,8.0,crossing_pair
x_11_29,x_24_38,8.0,crossing_pair
x_11_29,x_24_39,8.0,crossing_pair
x_11_29,x_24_42,8.0,crossing_pair
x_11_29,x_24_43,8.0,crossing_pair
x_11_29,x_25_34,8.0,crossing_pair
x_11_29,x_25_40,8.0,crossing_pair
x_11_29,x_25_44,8.0,crossing_pair
x_11_29,x_26_30,8.0,crossing_pair
x_11_29,x_26_37,8.0,crossing_pair
x_11_29,x_26_38,8.0,crossing_pair
x_11_29,x_26_39,8.0,crossing_pair
x_11_29,x_26_42,8.0,crossing_pair
x_11_29,x_26_43,8.0,crossing_pair
x_11_29,x_27_37,8.0,crossing_pair
x_11_29,x_27_38,8.0,crossing_pair
x_11_29,x_27_39,8.0,crossing_pair
x_11_29,x_27_42,8.0,crossing_pair
x_11_29,x_27_43,8.0,crossing_pair
x_11_29,x_28_37,8.0,crossing_pair
x_11_29,x_28_38,8.0,crossing_pair
x_11_29,x_28_39,8.0,crossing_pair
x_11_29,x_28_42,8.0,crossing_pair
x_11_29,x_28_43,8.0,crossing_pair
x_11_29,x_29_37,8.0,shared_nucleotide
x_11_29,x_29_38,8.0,shared_nucleotide
x_11_29,x_29_39,8.0,shared_nucleotide
x_11_29,x_29_42,8.0,shared_nucleotide
x_11_29,x_29_43,8.0,shared_nucleotide
x_11_31,x_11_33,8.0,shared_nucleotide
x_11_31,x_11_34,8.0,shared_nucleotide
x_11_31,x_11_35,8.0,shared_nucleotide
x_11_31,x_11_36,8.0,shared_nucleotide
x_11_31,x_11_40,8.0,shared_nucleotide
x_11_31,x_11_44,8.0,shared_nucleotide
x_11_31,x_12_31,8.0,shared_nucleotide
x_11_31,x_12_33,8.0,crossing_pair
x_11_31,x_12_34,8.0,crossing_pair
x_11_31,x_12_35,8.0,crossing_pair
x_11_31,x_12_36,8.0,crossing_pair
x_11_31,x_12_40,8.0,crossing_pair
x_11_31,x_12_44,8.0,crossing_pair
x_11_31,x_13_32,8.0,crossing_pair
x_11_31,x_13_37,8.0,crossing_pair
x_11_31,x_13_38,8.0,crossing_pair
x_11_31,x_13_39,8.0,crossing_pair
x_11_31,x_13_41,8.0,crossing_pair
x_11_31,x_13_42,8.0,crossing_pair
x_11_31,x_13_43,8.0,crossing_pair
x_11_31,x_14_31,8.0,shared_nucleotide
x_11_31,x_14_33,8.0,crossing_pair
x_11_31,x_14_34,8.0,crossing_pair
x_11_31,x_14_35,8.0,crossing_pair
x_11_31,x_14_36,8.0,crossing_pair
x_11_31,x_14_40,8.0,crossing_pair
x_11_31,x_14_44,8.0,crossing_pair
x_11_31,x_15_34,8.0,crossing_pair
x_11_31,x_15_40,8.0,crossing_pair
x_11_31,x_15_44,8.0,crossing_pair
x_11_31,x_16_32,8.0,crossing_pair
x_11_31,x_16_37,8.0,crossing_pair
x_11_31,x_16_38,8.0,crossing_pair
x_11_31,x_16_39,8.0,crossing_pair
x_11_31,x_16_41,8.0,crossing_pair
x_11_31,x_16_42,8.0,crossing_pair
x_11_31,x_16_43,8.0,crossing_pair
x_11_31,x_17_37,8.0,crossing_pair
x_11_31,x_17_38,8.0,crossing_pair
x_11_31,x_17_39,8.0,crossing_pair
x_11_31,x_17_42,8.0,crossing_pair
x_11_31,x_17_43,8.0,crossing_pair
x_11_31,x_18_31,8.0,shared_nucleotide
x_11_31,x_18_33,8.0,crossing_pair
x_11_31,x_18_34,8.0,crossing_pair
x_11_31,x_18_35,8.0,crossing_pair
x_11_31,x_18_36,8.0,crossing_pair
x_11_31,x_18_40,8.0,crossing_pair
x_11_31,x_18_44,8.0,crossing_pair
x_11_31,x_19_31,8.0,shared_nucleotide
x_11_31,x_19_33,8.0,crossing_pair
x_11_31,x_19_34,8.0,crossing_pair
x_11_31,x_19_35,8.0,crossing_pair
x_11_31,x_19_36,8.0,crossing_pair
x_11_31,x_19_40,8.0,crossing_pair
x_11_31,x_19_44,8.0,crossing_pair
x_11_31,x_20_32,8.0,crossing_pair
x_11_31,x_20_37,8.0,crossing_pair
x_11_31,x_20_38,8.0,crossing_pair
x_11_31,x_20_39,8.0,crossing_pair
x_11_31,x_20_41,8.0,crossing_pair
x_11_31,x_20_42,8.0,crossing_pair
x_11_31,x_20_43,8.0,crossing_pair
x_11_31,x_21_37,8.0,crossing_pair
x_11_31,x_21_38,8.0,crossing_pair
x_11_31,x_21_39,8.0,crossing_pair
x_11_31,x_21_42,8.0,crossing_pair
x_11_31,x_21_43,8.0,crossing_pair
x_11_31,x_22_32,8.0,crossing_pair
x_11_31,x_22_37,8.0,crossing_pair
x_11_31,x_22_38,8.0,crossing_pair
x_11_31,x_22_39,8.0,crossing_pair
x_11_31,x_22_41,8.0,crossing_pair
x_11_31,x_22_42,8.0,crossing_pair
x_11_31,x_22_43,8.0,crossing_pair
x_11_31,x_23_37,8.0,crossing_pair
x_11_31,x_23_38,8.0,crossing_pair
x_11_31,x_23_39,8.0,crossing_pair
x_11_31,x_23_42,8.0,crossing_pair
x_11_31,x_23_43,8.0,crossing_pair
x_11_31,x_24_37,8.0,crossing_pair
x_11_31,x_24_38,8.0,crossing_pair
x_11_31,x_24_39,8.0,crossing_pair
x_11_31,x_24_42,8.0,crossing_pair
x_11_31,x_24_43,8.0,crossing_pair
x_11_31,x_25_34,8.0,crossing_pair
x_11_31,x_25_40,8.0,crossing_pair
x_11_31,x_25_44,8.0,crossing_pair
x_11_31,x_26_37,8.0,crossing_pair
x_11_31,x_26_38,8.0,crossing_pair
x_11_31,x_26_39,8.0,crossing_pair
x_11_31,x_26_42,8.0,crossing_pair
x_11_31,x_26_43,8.0,crossing_pair
x_11_31,x_27_37,8.0,crossing_pair
x_11_31,x_27_38,8.0,crossing_pair
x_11_31,x_27_39,8.0,crossing_pair
x_11_31,x_27_42,8.0,crossing_pair
x_11_31,x_27_43,8.0,crossing_pair
x_11_31,x_28_37,8.0,crossing_pair
x_11_31,x_28_38,8.0,crossing_pair
x_11_31,x_28_39,8.0,crossing_pair
x_11_31,x_28_42,8.0,crossing_pair
x_11_31,x_28_43,8.0,crossing_pair
x_11_31,x_29_37,8.0,crossing_pair
x_11_31,x_29_38,8.0,crossing_pair
x_11_31,x_29_39,8.0,crossing_pair
x_11_31,x_29_42,8.0,crossing_pair
x_11_31,x_29_43,8.0,crossing_pair
x_11_31,x_30_34,8.0,crossing_pair
x_11_31,x_30_35,8.0,crossing_pair
x_11_31,x_30_36,8.0,crossing_pair
x_11_31,x_30_40,8.0,crossing_pair
x_11_31,x_30_44,8.0,crossing_pair
x_11_31,x_31_37,8.0,shared_nucleotide
x_11_31,x_31_38,8.0,shared_nucleotide
x_11_31,x_31_39,8.0,shared_nucleotide
x_11_31,x_31_42,8.0,shared_nucleotide
x_11_31,x_31_43,8.0,shared_nucleotide
x_11_33,x_11_34,8.0,shared_nucleotide
x_11_33,x_11_35,8.0,shared_nucleotide
x_11_33,x_11_36,8.0,shared_nucleotide
x_11_33,x_11_40,8.0,shared_nucleotide
x_11_33,x_11_44,8.0,shared_nucleotide
x_11_33,x_12_33,8.0,shared_nucleotide
x_11_33,x_12_34,8.0,crossing_pair
x_11_33,x_12_35,8.0,crossing_pair
x_11_33,x_12_36,8.0,crossing_pair
x_11_33,x_12_40,8.0,crossing_pair
x_11_33,x_12_44,8.0,crossing_pair
x_11_33,x_13_37,8.0,crossing_pair
x_11_33,x_13_38,8.0,crossing_pair
x_11_33,x_13_39,8.0,crossing_pair
x_11_33,x_13_41,8.0,crossing_pair
x_11_33,x_13_42,8.0,crossing_pair
x_11_33,x_13_43,8.0,crossing_pair
x_11_33,x_14_33,8.0,shared_nucleotide
x_11_33,x_14_34,8.0,crossing_pair
x_11_33,x_14_35,8.0,crossing_pair
x_11_33,x_14_36,8.0,crossing_pair
x_11_33,x_14_40,8.0,crossing_pair
x_11_33,x_14_44,8.0,crossing_pair
x_11_33,x_15_34,8.0,crossing_pair
x_11_33,x_15_40,8.0,crossing_pair
x_11_33,x_15_44,8.0,crossing_pair
x_11_33,x_16_37,8.0,crossing_pair
x_11_33,x_16_38,8.0,crossing_pair
x_11_33,x_16_39,8.0,crossing_pair
x_11_33,x_16_41,8.0,crossing_pair
x_11_33,x_16_42,8.0,crossing_pair
x_11_33,x_16_43,8.0,crossing_pair
x_11_33,x_17_37,8.0,crossing_pair
x_11_33,x_17_38,8.0,crossing_pair
x_11_33,x_17_39,8.0,crossing_pair
x_11_33,x_17_42,8.0,crossing_pair
x_11_33,x_17_43,8.0,crossing_pair
x_11_33,x_18_33,8.0,shared_nucleotide
x_11_33,x_18_34,8.0,crossing_pair
x_11_33,x_18_35,8.0,crossing_pair
x_11_33,x_18_36,8.0,crossing_pair
x_11_33,x_18_40,8.0,crossing_pair
x_11_33,x_18_44,8.0,crossing_pair
x_11_33,x_19_33,8.0,shared_nucleotide
x_11_33,x_19_34,8.0,crossing_pair
x_11_33,x_19_35,8.0,crossing_pair
x_11_33,x_19_36,8.0,crossing_pair
x_11_33,x_19_40,8.0,crossing_pair
x_11_33,x_19_44,8.0,crossing_pair
x_11_33,x_20_37,8.0,crossing_pair
x_11_33,x_20_38,8.0,crossing_pair
x_11_33,x_20_39,8.0,crossing_pair
x_11_33,x_20_41,8.0,crossing_pair
x_11_33,x_20_42,8.0,crossing_pair
x_11_33,x_20_43,8.0,crossing_pair
x_11_33,x_21_37,8.0,crossing_pair
x_11_33,x_21_38,8.0,crossing_pair
x_11_33,x_21_39,8.0,crossing_pair
x_11_33,x_21_42,8.0,crossing_pair
x_11_33,x_21_43,8.0,crossing_pair
x_11_33,x_22_37,8.0,crossing_pair
x_11_33,x_22_38,8.0,crossing_pair
x_11_33,x_22_39,8.0,crossing_pair
x_11_33,x_22_41,8.0,crossing_pair
x_11_33,x_22_42,8.0,crossing_pair
x_11_33,x_22_43,8.0,crossing_pair
x_11_33,x_23_37,8.0,crossing_pair
x_11_33,x_23_38,8.0,crossing_pair
x_11_33,x_23_39,8.0,crossing_pair
x_11_33,x_23_42,8.0,crossing_pair
x_11_33,x_23_43,8.0,crossing_pair
x_11_33,x_24_37,8.0,crossing_pair
x_11_33,x_24_38,8.0,crossing_pair
x_11_33,x_24_39,8.0,crossing_pair
x_11_33,x_24_42,8.0,crossing_pair
x_11_33,x_24_43,8.0,crossing_pair
x_11_33,x_25_34,8.0,crossing_pair
x_11_33,x_25_40,8.0,crossing_pair
x_11_33,x_25_44,8.0,crossing_pair
x_11_33,x_26_37,8.0,crossing_pair
x_11_33,x_26_38,8.0,crossing_pair
x_11_33,x_26_39,8.0,crossing_pair
x_11_33,x_26_42,8.0,crossing_pair
x_11_33,x_26_43,8.0,crossing_pair
x_11_33,x_27_37,8.0,crossing_pair
x_11_33,x_27_38,8.0,crossing_pair
x_11_33,x_27_39,8.0,crossing_pair
x_11_33,x_27_42,8.0,crossing_pair
x_11_33,x_27_43,8.0,crossing_pair
x_11_33,x_28_37,8.0,crossing_pair
x_11_33,x_28_38,8.0,crossing_pair
x_11_33,x_28_39,8.0,crossing_pair
x_11_33,x_28_42,8.0,crossing_pair
x_11_33,x_28_43,8.0,crossing_pair
x_11_33,x_29_37,8.0,crossing_pair
x_11_33,x_29_38,8.0,crossing_pair
x_11_33,x_29_39,8.0,crossing_pair
x_11_33,x_29_42,8.0,crossing_pair
x_11_33,x_29_43,8.0,crossing_pair
x_11_33,x_30_34,8.0,crossing_pair
x_11_33,x_30_35,8.0,crossing_pair
x_11_33,x_30_36,8.0,crossing_pair
x_11_33,x_30_40,8.0,crossing_pair
x_11_33,x_30_44,8.0,crossing_pair
x_11_33,x_31_37,8.0,crossing_pair
x_11_33,x_31_38,8.0,crossing_pair
x_11_33,x_31_39,8.0,crossing_pair
x_11_33,x_31_42,8.0,crossing_pair
x_11_33,x_31_43,8.0,crossing_pair
x_11_33,x_32_40,8.0,crossing_pair
x_11_33,x_32_44,8.0,crossing_pair
x_11_33,x_33_37,8.0,shared_nucleotide
x_11_33,x_33_38,8.0,shared_nucleotide
x_11_33,x_33_39,8.0,shared_nucleotide
x_11_33,x_33_42,8.0,shared_nucleotide
x_11_33,x_33_43,8.0,shared_nucleotide
x_11_34,x_11_35,8.0,shared_nucleotide
x_11_34,x_11_36,8.0,shared_nucleotide
x_11_34,x_11_40,8.0,shared_nucleotide
x_11_34,x_11_44,8.0,shared_nucleotide
x_11_34,x_12_34,8.0,shared_nucleotide
x_11_34,x_12_35,8.0,crossing_pair
x_11_34,x_12_36,8.0,crossing_pair
x_11_34,x_12_40,8.0,crossing_pair
x_11_34,x_12_44,8.0,crossing_pair
x_11_34,x_13_37,8.0,crossing_pair
x_11_34,x_13_38,8.0,crossing_pair
x_11_34,x_13_39,8.0,crossing_pair
x_11_34,x_13_41,8.0,crossing_pair
x_11_34,x_13_42,8.0,crossing_pair
x_11_34,x_13_43,8.0,crossing_pair
x_11_34,x_14_34,8.0,shared_nucleotide
x_11_34,x_14_35,8.0,crossing_pair
x_11_34,x_14_36,8.0,crossing_pair
x_11_34,x_14_40,8.0,crossing_pair
x_11_34,x_14_44,8.0,crossing_pair
x_11_34,x_15_34,8.0,shared_nucleotide
x_11_34,x_15_40,8.0,crossing_pair
x_11_34,x_15_44,8.0,crossing_pair
x_11_34,x_16_37,8.0,crossing_pair
x_11_34,x_16_38,8.0,crossing_pair
x_11_34,x_16_39,8.0,crossing_pair
x_11_34,x_16_41,8.0,crossing_pair
x_11_34,x_16_42,8.0,crossing_pair
x_11_34,x_16_43,8.0,crossing_pair
x_11_34,x_17_37,8.0,crossing_pair
x_11_34,x_17_38,8.0,crossing_pair
x_11_34,x_17_39,8.0,crossing_pair
x_11_34,x_17_42,8.0,crossing_pair
x_11_34,x_17_43,8.0,crossing_pair
x_11_34,x_18_34,8.0,shared_nucleotide
x_11_34,x_18_35,8.0,crossing_pair
x_11_34,x_18_36,8.0,crossing_pair
x_11_34,x_18_40,8.0,crossing_pair
x_11_34,x_18_44,8.0,crossing_pair
x_11_34,x_19_34,8.0,shared_nucleotide
x_11_34,x_19_35,8.0,crossing_pair
x_11_34,x_19_36,8.0,crossing_pair
x_11_34,x_19_40,8.0,crossing_pair
x_11_34,x_19_44,8.0,crossing_pair
x_11_34,x_20_37,8.0,crossing_pair
x_11_34,x_20_38,8.0,crossing_pair
x_11_34,x_20_39,8.0,crossing_pair
x_11_34,x_20_41,8.0,crossing_pair
x_11_34,x_20_42,8.0,crossing_pair
x_11_34,x_20_43,8.0,crossing_pair
x_11_34,x_21_37,8.0,crossing_pair
x_11_34,x_21_38,8.0,crossing_pair
x_11_34,x_21_39,8.0,crossing_pair
x_11_34,x_21_42,8.0,crossing_pair
x_11_34,x_21_43,8.0,crossing_pair
x_11_34,x_22_37,8.0,crossing_pair
x_11_34,x_22_38,8.0,crossing_pair
x_11_34,x_22_39,8.0,crossing_pair
x_11_34,x_22_41,8.0,crossing_pair
x_11_34,x_22_42,8.0,crossing_pair
x_11_34,x_22_43,8.0,crossing_pair
x_11_34,x_23_37,8.0,crossing_pair
x_11_34,x_23_38,8.0,crossing_pair
x_11_34,x_23_39,8.0,crossing_pair
x_11_34,x_23_42,8.0,crossing_pair
x_11_34,x_23_43,8.0,crossing_pair
x_11_34,x_24_37,8.0,crossing_pair
x_11_34,x_24_38,8.0,crossing_pair
x_11_34,x_24_39,8.0,crossing_pair
x_11_34,x_24_42,8.0,crossing_pair
x_11_34,x_24_43,8.0,crossing_pair
x_11_34,x_25_34,8.0,shared_nucleotide
x_11_34,x_25_40,8.0,crossing_pair
x_11_34,x_25_44,8.0,crossing_pair
x_11_34,x_26_37,8.0,crossing_pair
x_11_34,x_26_38,8.0,crossing_pair
x_11_34,x_26_39,8.0,crossing_pair
x_11_34,x_26_42,8.0,crossing_pair
x_11_34,x_26_43,8.0,crossing_pair
x_11_34,x_27_37,8.0,crossing_pair
x_11_34,x_27_38,8.0,crossing_pair
x_11_34,x_27_39,8.0,crossing_pair
x_11_34,x_27_42,8.0,crossing_pair
x_11_34,x_27_43,8.0,crossing_pair
x_11_34,x_28_37,8.0,crossing_pair
x_11_34,x_28_38,8.0,crossing_pair
x_11_34,x_28_39,8.0,crossing_pair
x_11_34,x_28_42,8.0,crossing_pair
x_11_34,x_28_43,8.0,crossing_pair
x_11_34,x_29_37,8.0,crossing_pair
x_11_34,x_29_38,8.0,crossing_pair
x_11_34,x_29_39,8.0,crossing_pair
x_11_34,x_29_42,8.0,crossing_pair
x_11_34,x_29_43,8.0,crossing_pair
x_11_34,x_30_34,8.0,shared_nucleotide
x_11_34,x_30_35,8.0,crossing_pair
x_11_34,x_30_36,8.0,crossing_pair
x_11_34,x_30_40,8.0,crossing_pair
x_11_34,x_30_44,8.0,crossing_pair
x_11_34,x_31_37,8.0,crossing_pair
x_11_34,x_31_38,8.0,crossing_pair
x_11_34,x_31_39,8.0,crossing_pair
x_11_34,x_31_42,8.0,crossing_pair
x_11_34,x_31_43,8.0,crossing_pair
x_11_34,x_32_40,8.0,crossing_pair
x_11_34,x_32_44,8.0,crossing_pair
x_11_34,x_33_37,8.0,crossing_pair
x_11_34,x_33_38,8.0,crossing_pair
x_11_34,x_33_39,8.0,crossing_pair
x_11_34,x_33_42,8.0,crossing_pair
x_11_34,x_33_43,8.0,crossing_pair
x_11_34,x_34_38,8.0,shared_nucleotide
x_11_34,x_34_39,8.0,shared_nucleotide
x_11_34,x_34_41,8.0,shared_nucleotide
x_11_34,x_34_42,8.0,shared_nucleotide
x_11_34,x_34_43,8.0,shared_nucleotide
x_11_35,x_11_36,8.0,shared_nucleotide
x_11_35,x_11_40,8.0,shared_nucleotide
x_11_35,x_11_44,8.0,shared_nucleotide
x_11_35,x_12_35,8.0,shared_nucleotide
x_11_35,x_12_36,8.0,crossing_pair
x_11_35,x_12_40,8.0,crossing_pair
x_11_35,x_12_44,8.0,crossing_pair
x_11_35,x_13_37,8.0,crossing_pair
x_11_35,x_13_38,8.0,crossing_pair
x_11_35,x_13_39,8.0,crossing_pair
x_11_35,x_13_41,8.0,crossing_pair
x_11_35,x_13_42,8.0,crossing_pair
x_11_35,x_13_43,8.0,crossing_pair
x_11_35,x_14_35,8.0,shared_nucleotide
x_11_35,x_14_36,8.0,crossing_pair
x_11_35,x_14_40,8.0,crossing_pair
x_11_35,x_14_44,8.0,crossing_pair
x_11_35,x_15_40,8.0,crossing_pair
x_11_35,x_15_44,8.0,crossing_pair
x_11_35,x_16_37,8.0,crossing_pair
x_11_35,x_16_38,8.0,crossing_pair
x_11_35,x_16_39,8.0,crossing_pair
x_11_35,x_16_41,8.0,crossing_pair
x_11_35,x_16_42,8.0,crossing_pair
x_11_35,x_16_43,8.0,crossing_pair
x_11_35,x_17_37,8.0,crossing_pair
x_11_35,x_17_38,8.0,crossing_pair
x_11_35,x_17_39,8.0,crossing_pair
x_11_35,x_17_42,8.0,crossing_pair
x_11_35,x_17_43,8.0,crossing_pair
x_11_35,x_18_35,8.0,shared_nucleotide
x_11_35,x_18_36,8.0,crossing_pair
x_11_35,x_18_40,8.0,crossing_pair
x_11_35,x_18_44,8.0,crossing_pair
x_11_35,x_19_35,8.0,shared_nucleotide
x_11_35,x_19_36,8.0,crossing_pair
x_11_35,x_19_40,8.0,crossing_pair
x_11_35,x_19_44,8.0,crossing_pair
x_11_35,x_20_37,8.0,crossing_pair
x_11_35,x_20_38,8.0,crossing_pair
x_11_35,x_20_39,8.0,crossing_pair
x_11_35,x_20_41,8.0,crossing_pair
x_11_35,x_20_42,8.0,crossing_pair
x_11_35,x_20_43,8.0,crossing_pair
x_11_35,x_21_37,8.0,crossing_pair
x_11_35,x_21_38,8.0,crossing_pair
x_11_35,x_21_39,8.0,crossing_pair
x_11_35,x_21_42,8.0,crossing_pair
x_11_35,x_21_43,8.0,crossing_pair
x_11_35,x_22_37,8.0,crossing_pair
x_11_35,x_22_38,8.0,crossing_pair
x_11_35,x_22_39,8.0,crossing_pair
x_11_35,x_22_41,8.0,crossing_pair
x_11_35,x_22_42,8.0,crossing_pair
x_11_35,x_22_43,8.0,crossing_pair
x_11_35,x_23_37,8.0,crossing_pair
x_11_35,x_23_38,8.0,crossing_pair
x_11_35,x_23_39,8.0,crossing_pair
x_11_35,x_23_42,8.0,crossing_pair
x_11_35,x_23_43,8.0,crossing_pair
x_11_35,x_24_37,8.0,crossing_pair
x_11_35,x_24_38,8.0,crossing_pair
x_11_35,x_24_39,8.0,crossing_pair
x_11_35,x_24_42,8.0,crossing_pair
x_11_35,x_24_43,8.0,crossing_pair
x_11_35,x_25_40,8.0,crossing_pair
x_11_35,x_25_44,8.0,crossing_pair
x_11_35,x_26_37,8.0,crossing_pair
x_11_35,x_26_38,8.0,crossing_pair
x_11_35,x_26_39,8.0,crossing_pair
x_11_35,x_26_42,8.0,crossing_pair
x_11_35,x_26_43,8.0,crossing_pair
x_11_35,x_27_37,8.0,crossing_pair
x_11_35,x_27_38,8.0,crossing_pair
x_11_35,x_27_39,8.0,crossing_pair
x_11_35,x_27_42,8.0,crossing_pair
x_11_35,x_27_43,8.0,crossing_pair
x_11_35,x_28_37,8.0,crossing_pair
x_11_35,x_28_38,8.0,crossing_pair
x_11_35,x_28_39,8.0,crossing_pair
x_11_35,x_28_42,8.0,crossing_pair
x_11_35,x_28_43,8.0,crossing_pair
x_11_35,x_29_37,8.0,crossing_pair
x_11_35,x_29_38,8.0,crossing_pair
x_11_35,x_29_39,8.0,crossing_pair
x_11_35,x_29_42,8.0,crossing_pair
x_11_35,x_29_43,8.0,crossing_pair
x_11_35,x_30_35,8.0,shared_nucleotide
x_11_35,x_30_36,8.0,crossing_pair
x_11_35,x_30_40,8.0,crossing_pair
x_11_35,x_30_44,8.0,crossing_pair
x_11_35,x_31_37,8.0,crossing_pair
x_11_35,x_31_38,8.0,crossing_pair
x_11_35,x_31_39,8.0,crossing_pair
x_11_35,x_31_42,8.0,crossing_pair
x_11_35,x_31_43,8.0,crossing_pair
x_11_35,x_32_40,8.0,crossing_pair
x_11_35,x_32_44,8.0,crossing_pair
x_11_35,x_33_37,8.0,crossing_pair
x_11_35,x_33_38,8.0,crossing_pair
x_11_35,x_33_39,8.0,crossing_pair
x_11_35,x_33_42,8.0,crossing_pair
x_11_35,x_33_43,8.0,crossing_pair
x_11_35,x_34_38,8.0,crossing_pair
x_11_35,x_34_39,8.0,crossing_pair
x_11_35,x_34_41,8.0,crossing_pair
x_11_35,x_34_42,8.0,crossing_pair
x_11_35,x_34_43,8.0,crossing_pair
x_11_35,x_35_39,8.0,shared_nucleotide
x_11_35,x_35_42,8.0,shared_nucleotide
x_11_35,x_35_43,8.0,shared_nucleotide
x_11_36,x_11_40,8.0,shared_nucleotide
x_11_36,x_11_44,8.0,shared_nucleotide
x_11_36,x_12_36,8.0,shared_nucleotide
x_11_36,x_12_40,8.0,crossing_pair
x_11_36,x_12_44,8.0,crossing_pair
x_11_36,x_13_37,8.0,crossing_pair
x_11_36,x_13_38,8.0,crossing_pair
x_11_36,x_13_39,8.0,crossing_pair
x_11_36,x_13_41,8.0,crossing_pair
x_11_36,x_13_42,8.0,crossing_pair
x_11_36,x_13_43,8.0,crossing_pair
x_11_36,x_14_36,8.0,shared_nucleotide
x_11_36,x_14_40,8.0,crossing_pair
x_11_36,x_14_44,8.0,crossing_pair
x_11_36,x_15_40,8.0,crossing_pair
x_11_36,x_15_44,8.0,crossing_pair
x_11_36,x_16_37,8.0,crossing_pair
x_11_36,x_16_38,8.0,crossing_pair
x_11_36,x_16_39,8.0,crossing_pair
x_11_36,x_16_41,8.0,crossing_pair
x_11_36,x_16_42,8.0,crossing_pair
x_11_36,x_16_43,8.0,crossing_pair
x_11_36,x_17_37,8.0,crossing_pair
x_11_36,x_17_38,8.0,crossing_pair
x_11_36,x_17_39,8.0,crossing_pair
x_11_36,x_17_42,8.0,crossing_pair
x_11_36,x_17_43,8.0,crossing_pair
x_11_36,x_18_36,8.0,shared_nucleotide
x_11_36,x_18_40,8.0,crossing_pair
x_11_36,x_18_44,8.0,crossing_pair
x_11_36,x_19_36,8.0,shared_nucleotide
x_11_36,x_19_40,8.0,crossing_pair
x_11_36,x_19_44,8.0,crossing_pair
x_11_36,x_20_37,8.0,crossing_pair
x_11_36,x_20_38,8.0,crossing_pair
x_11_36,x_20_39,8.0,crossing_pair
x_11_36,x_20_41,8.0,crossing_pair
x_11_36,x_20_42,8.0,crossing_pair
x_11_36,x_20_43,8.0,crossing_pair
x_11_36,x_21_37,8.0,crossing_pair
x_11_36,x_21_38,8.0,crossing_pair
x_11_36,x_21_39,8.0,crossing_pair
x_11_36,x_21_42,8.0,crossing_pair
x_11_36,x_21_43,8.0,crossing_pair
x_11_36,x_22_37,8.0,crossing_pair
x_11_36,x_22_38,8.0,crossing_pair
x_11_36,x_22_39,8.0,crossing_pair
x_11_36,x_22_41,8.0,crossing_pair
x_11_36,x_22_42,8.0,crossing_pair
x_11_36,x_22_43,8.0,crossing_pair
x_11_36,x_23_37,8.0,crossing_pair
x_11_36,x_23_38,8.0,crossing_pair
x_11_36,x_23_39,8.0,crossing_pair
x_11_36,x_23_42,8.0,crossing_pair
x_11_36,x_23_43,8.0,crossing_pair
x_11_36,x_24_37,8.0,crossing_pair
x_11_36,x_24_38,8.0,crossing_pair
x_11_36,x_24_39,8.0,crossing_pair
x_11_36,x_24_42,8.0,crossing_pair
x_11_36,x_24_43,8.0,crossing_pair
x_11_36,x_25_40,8.0,crossing_pair
x_11_36,x_25_44,8.0,crossing_pair
x_11_36,x_26_37,8.0,crossing_pair
x_11_36,x_26_38,8.0,crossing_pair
x_11_36,x_26_39,8.0,crossing_pair
x_11_36,x_26_42,8.0,crossing_pair
x_11_36,x_26_43,8.0,crossing_pair
x_11_36,x_27_37,8.0,crossing_pair
x_11_36,x_27_38,8.0,crossing_pair
x_11_36,x_27_39,8.0,crossing_pair
x_11_36,x_27_42,8.0,crossing_pair
x_11_36,x_27_43,8.0,crossing_pair
x_11_36,x_28_37,8.0,crossing_pair
x_11_36,x_28_38,8.0,crossing_pair
x_11_36,x_28_39,8.0,crossing_pair
x_11_36,x_28_42,8.0,crossing_pair
x_11_36,x_28_43,8.0,crossing_pair
x_11_36,x_29_37,8.0,crossing_pair
x_11_36,x_29_38,8.0,crossing_pair
x_11_36,x_29_39,8.0,crossing_pair
x_11_36,x_29_42,8.0,crossing_pair
x_11_36,x_29_43,8.0,crossing_pair
x_11_36,x_30_36,8.0,shared_nucleotide
x_11_36,x_30_40,8.0,crossing_pair
x_11_36,x_30_44,8.0,crossing_pair
x_11_36,x_31_37,8.0,crossing_pair
x_11_36,x_31_38,8.0,crossing_pair
x_11_36,x_31_39,8.0,crossing_pair
x_11_36,x_31_42,8.0,crossing_pair
x_11_36,x_31_43,8.0,crossing_pair
x_11_36,x_32_40,8.0,crossing_pair
x_11_36,x_32_44,8.0,crossing_pair
x_11_36,x_33_37,8.0,crossing_pair
x_11_36,x_33_38,8.0,crossing_pair
x_11_36,x_33_39,8.0,crossing_pair
x_11_36,x_33_42,8.0,crossing_pair
x_11_36,x_33_43,8.0,crossing_pair
x_11_36,x_34_38,8.0,crossing_pair
x_11_36,x_34_39,8.0,crossing_pair
x_11_36,x_34_41,8.0,crossing_pair
x_11_36,x_34_42,8.0,crossing_pair
x_11_36,x_34_43,8.0,crossing_pair
x_11_36,x_35_39,8.0,crossing_pair
x_11_36,x_35_42,8.0,crossing_pair
x_11_36,x_35_43,8.0,crossing_pair
x_11_36,x_36_42,8.0,shared_nucleotide
x_11_36,x_36_43,8.0,shared_nucleotide
x_11_40,x_11_44,8.0,shared_nucleotide
x_11_40,x_12_40,8.0,shared_nucleotide
x_11_40,x_12_44,8.0,crossing_pair
x_11_40,x_13_41,8.0,crossing_pair
x_11_40,x_13_42,8.0,crossing_pair
x_11_40,x_13_43,8.0,crossing_pair
x_11_40,x_14_40,8.0,shared_nucleotide
x_11_40,x_14_44,8.0,crossing_pair
x_11_40,x_15_40,8.0,shared_nucleotide
x_11_40,x_15_44,8.0,crossing_pair
x_11_40,x_16_41,8.0,crossing_pair
x_11_40,x_16_42,8.0,crossing_pair
x_11_40,x_16_43,8.0,crossing_pair
x_11_40,x_17_42,8.0,crossing_pair
x_11_40,x_17_43,8.0,crossing_pair
x_11_40,x_18_40,8.0,shared_nucleotide
x_11_40,x_18_44,8.0,crossing_pair
x_11_40,x_19_40,8.0,shared_nucleotide
x_11_40,x_19_44,8.0,crossing_pair
x_11_40,x_20_41,8.0,crossing_pair
x_11_40,x_20_42,8.0,crossing_pair
x_11_40,x_20_43,8.0,crossing_pair
x_11_40,x_21_42,8.0,crossing_pair
x_11_40,x_21_43,8.0,crossing_pair
x_11_40,x_22_41,8.0,crossing_pair
x_11_40,x_22_42,8.0,crossing_pair
x_11_40,x_22_43,8.0,crossing_pair
x_11_40,x_23_42,8.0,crossing_pair
x_11_40,x_23_43,8.0,crossing_pair
x_11_40,x_24_42,8.0,crossing_pair
x_11_40,x_24_43,8.0,crossing_pair
x_11_40,x_25_40,8.0,shared_nucleotide
x_11_40,x_25_44,8.0,crossing_pair
x_11_40,x_26_42,8.0,crossing_pair
x_11_40,x_26_43,8.0,crossing_pair
x_11_40,x_27_42,8.0,crossing_pair
x_11_40,x_27_43,8.0,crossing_pair
x_11_40,x_28_42,8.0,crossing_pair
x_11_40,x_28_43,8.0,crossing_pair
x_11_40,x_29_42,8.0,crossing_pair
x_11_40,x_29_43,8.0,crossing_pair
x_11_40,x_30_40,8.0,shared_nucleotide
x_11_40,x_30_44,8.0,crossing_pair
x_11_40,x_31_42,8.0,crossing_pair
x_11_40,x_31_43,8.0,crossing_pair
x_11_40,x_32_40,8.0,shared_nucleotide
x_11_40,x_32_44,8.0,crossing_pair
x_11_40,x_33_42,8.0,crossing_pair
x_11_40,x_33_43,8.0,crossing_pair
x_11_40,x_34_41,8.0,crossing_pair
x_11_40,x_34_42,8.0,crossing_pair
x_11_40,x_34_43,8.0,crossing_pair
x_11_40,x_35_42,8.0,crossing_pair
x_11_40,x_35_43,8.0,crossing_pair
x_11_40,x_36_42,8.0,crossing_pair
x_11_40,x_36_43,8.0,crossing_pair
x_11_40,x_37_44,8.0,crossing_pair
x_11_40,x_38_44,8.0,crossing_pair
x_11_40,x_39_44,8.0,crossing_pair
x_11_44,x_12_44,8.0,shared_nucleotide
x_11_44,x_14_44,8.0,shared_nucleotide
x_11_44,x_15_44,8.0,shared_nucleotide
x_11_44,x_18_44,8.0,shared_nucleotide
x_11_44,x_19_44,8.0,shared_nucleotide
x_11_44,x_25_44,8.0,shared_nucleotide
x_11_44,x_30_44,8.0,shared_nucleotide
x_11_44,x_32_44,8.0,shared_nucleotide
x_11_44,x_37_44,8.0,shared_nucleotide
x_11_44,x_38_44,8.0,shared_nucleotide
x_11_44,x_39_44,8.0,shared_nucleotide
x_12_16,x_12_17,8.0,shared_nucleotide
x_12_16,x_12_20,8.0,shared_nucleotide
x_12_16,x_12_21,8.0,shared_nucleotide
x_12_16,x_12_22,8.0,shared_nucleotide
x_12_16,x_12_23,8.0,shared_nucleotide
x_12_16,x_12_24,8.0,shared_nucleotide
x_12_16,x_12_26,8.0,shared_nucleotide
x_12_16,x_12_27,8.0,shared_nucleotide
x_12_16,x_12_28,8.0,shared_nucleotide
x_12_16,x_12_29,8.0,shared_nucleotide
x_12_16,x_12_31,8.0,shared_nucleotide
x_12_16,x_12_33,8.0,shared_nucleotide
x_12_16,x_12_34,8.0,shared_nucleotide
x_12_16,x_12_35,8.0,shared_nucleotide
x_12_16,x_12_36,8.0,shared_nucleotide
x_12_16,x_12_40,8.0,shared_nucleotide
x_12_16,x_12_44,8.0,shared_nucleotide
x_12_16,x_13_18,8.0,crossing_pair
x_12_16,x_13_19,8.0,crossing_pair
x_12_16,x_13_25,8.0,crossing_pair
x_12_16,x_13_30,8.0,crossing_pair
x_12_16,x_13_32,8.0,crossing_pair
x_12_16,x_13_37,8.0,crossing_pair
x_12_16,x_13_38,8.0,crossing_pair
x_12_16,x_13_39,8.0,crossing_pair
x_12_16,x_13_41,8.0,crossing_pair
x_12_16,x_13_42,8.0,crossing_pair
x_12_16,x_13_43,8.0,crossing_pair
x_12_16,x_14_20,8.0,crossing_pair
x_12_16,x_14_21,8.0,crossing_pair
x_12_16,x_14_22,8.0,crossing_pair
x_12_16,x_14_23,8.0,crossing_pair
x_12_16,x_14_24,8.0,crossing_pair
x_12_16,x_14_26,8.0,crossing_pair
x_12_16,x_14_27,8.0,crossing_pair
x_12_16,x_14_28,8.0,crossing_pair
x_12_16,x_14_29,8.0,crossing_pair
x_12_16,x_14_31,8.0,crossing_pair
x_12_16,x_14_33,8.0,crossing_pair
x_12_16,x_14_34,8.0,crossing_pair
x_12_16,x_14_35,8.0,crossing_pair
x_12_16,x_14_36,8.0,crossing_pair
x_12_16,x_14_40,8.0,crossing_pair
x_12_16,x_14_44,8.0,crossing_pair
x_12_16,x_15_20,8.0,crossing_pair
x_12_16,x_15_22,8.0,crossing_pair
x_12_16,x_15_34,8.0,crossing_pair
x_12_16,x_15_40,8.0,crossing_pair
x_12_16,x_15_44,8.0,crossing_pair
x_12_16,x_16_25,8.0,shared_nucleotide
x_12_16,x_16_30,8.0,shared_nucleotide
x_12_16,x_16_32,8.0,shared_nucleotide
x_12_16,x_16_37,8.0,shared_nucleotide
x_12_16,x_16_38,8.0,shared_nucleotide
x_12_16,x_16_39,8.0,shared_nucleotide
x_12_16,x_16_41,8.0,shared_nucleotide
x_12_16,x_16_42,8.0,shared_nucleotide
x_12_16,x_16_43,8.0,shared_nucleotide
x_12_17,x_12_20,8.0,shared_nucleotide
x_12_17,x_12_21,8.0,shared_nucleotide
x_12_17,x_12_22,8.0,shared_nucleotide
x_12_17,x_12_23,8.0,shared_nucleotide
x_12_17,x_12_24,8.0,shared_nucleotide
x_12_17,x_12_26,8.0,shared_nucleotide
x_12_17,x_12_27,8.0,shared_nucleotide
x_12_17,x_12_28,8.0,shared_nucleotide
x_12_17,x_12_29,8.0,shared_nucleotide
x_12_17,x_12_31,8.0,shared_nucleotide
x_12_17,x_12_33,8.0,shared_nucleotide
x_12_17,x_12_34,8.0,shared_nucleotide
x_12_17,x_12_35,8.0,shared_nucleotide
x_12_17,x_12_36,8.0,shared_nucleotide
x_12_17,x_12_40,8.0,shared_nucleotide
x_12_17,x_12_44,8.0,shared_nucleotide
x_12_17,x_13_18,8.0,crossing_pair
x_12_17,x_13_19,8.0,crossing_pair
x_12_17,x_13_25,8.0,crossing_pair
x_12_17,x_13_30,8.0,crossing_pair
x_12_17,x_13_32,8.0,crossing_pair
x_12_17,x_13_37,8.0,crossing_pair
x_12_17,x_13_38,8.0,crossing_pair
x_12_17,x_13_39,8.0,crossing_pair
x_12_17,x_13_41,8.0,crossing_pair
x_12_17,x_13_42,8.0,crossing_pair
x_12_17,x_13_43,8.0,crossing_pair
x_12_17,x_14_20,8.0,crossing_pair
x_12_17,x_14_21,8.0,crossing_pair
x_12_17,x_14_22,8.0,crossing_pair
x_12_17,x_14_23,8.0,crossing_pair
x_12_17,x_14_24,8.0,crossing_pair
x_12_17,x_14_26,8.0,crossing_pair
x_12_17,x_14_27,8.0,crossing_pair
x_12_17,x_14_28,8.0,crossing_pair
x_12_17,x_14_29,8.0,crossing_pair
x_12_17,x_14_31,8.0,crossing_pair
x_12_17,x_14_33,8.0,crossing_pair
x_12_17,x_14_34,8.0,crossing_pair
x_12_17,x_14_35,8.0,crossing_pair
x_12_17,x_14_36,8.0,crossing_pair
x_12_17,x_14_40,8.0,crossing_pair
x_12_17,x_14_44,8.0,crossing_pair
x_12_17,x_15_20,8.0,crossing_pair
x_12_17,x_15_22,8.0,crossing_pair
x_12_17,x_15_34,8.0,crossing_pair
x_12_17,x_15_40,8.0,crossing_pair
x_12_17,x_15_44,8.0,crossing_pair
x_12_17,x_16_25,8.0,crossing_pair
x_12_17,x_16_30,8.0,crossing_pair
x_12_17,x_16_32,8.0,crossing_pair
x_12_17,x_16_37,8.0,crossing_pair
x_12_17,x_16_38,8.0,crossing_pair
x_12_17,x_16_39,8.0,crossing_pair
x_12_17,x_16_41,8.0,crossing_pair
x_12_17,x_16_42,8.0,crossing_pair
x_12_17,x_16_43,8.0,crossing_pair
x_12_17,x_17_30,8.0,shared_nucleotide
x_12_17,x_17_37,8.0,shared_nucleotide
x_12_17,x_17_38,8.0,shared_nucleotide
x_12_17,x_17_39,8.0,shared_nucleotide
x_12_17,x_17_42,8.0,shared_nucleotide
x_12_17,x_17_43,8.0,shared_nucleotide
x_12_20,x_12_21,8.0,shared_nucleotide
x_12_20,x_12_22,8.0,shared_nucleotide
x_12_20,x_12_23,8.0,shared_nucleotide
x_12_20,x_12_24,8.0,shared_nucleotide
x_12_20,x_12_26,8.0,shared_nucleotide
x_12_20,x_12_27,8.0,shared_nucleotide
x_12_20,x_12_28,8.0,shared_nucleotide
x_12_20,x_12_29,8.0,shared_nucleotide
x_12_20,x_12_31,8.0,shared_nucleotide
x_12_20,x_12_33,8.0,shared_nucleotide
x_12_20,x_12_34,8.0,shared_nucleotide
x_12_20,x_12_35,8.0,shared_nucleotide
x_12_20,x_12_36,8.0,shared_nucleotide
x_12_20,x_12_40,8.0,shared_nucleotide
x_12_20,x_12_44,8.0,shared_nucleotide
x_12_20,x_13_25,8.0,crossing_pair
x_12_20,x_13_30,8.0,crossing_pair
x_12_20,x_13_32,8.0,crossing_pair
x_12_20,x_13_37,8.0,crossing_pair
x_12_20,x_13_38,8.0,crossing_pair
x_12_20,x_13_39,8.0,crossing_pair
x_12_20,x_13_41,8.0,crossing_pair
x_12_20,x_13_42,8.0,crossing_pair
x_12_20,x_13_43,8.0,crossing_pair
x_12_20,x_14_20,8.0,shared_nucleotide
x_12_20,x_14_21,8.0,crossing_pair
x_12_20,x_14_22,8.0,crossing_pair
x_12_20,x_14_23,8.0,crossing_pair
x_12_20,x_14_24,8.0,crossing_pair
x_12_20,x_14_26,8.0,crossing_pair
x_12_20,x_14_27,8.0,crossing_pair
x_12_20,x_14_28,8.0,crossing_pair
x_12_20,x_14_29,8.0,crossing_pair
x_12_20,x_14_31,8.0,crossing_pair
x_12_20,x_14_33,8.0,crossing_pair
x_12_20,x_14_34,8.0,crossing_pair
x_12_20,x_14_35,8.0,crossing_pair
x_12_20,x_14_36,8.0,crossing_pair
x_12_20,x_14_40,8.0,crossing_pair
x_12_20,x_14_44,8.0,crossing_pair
x_12_20,x_15_20,8.0,shared_nucleotide
x_12_20,x_15_22,8.0,crossing_pair
x_12_20,x_15_34,8.0,crossing_pair
x_12_20,x_15_40,8.0,crossing_pair
x_12_20,x_15_44,8.0,crossing_pair
x_12_20,x_16_25,8.0,crossing_pair
x_12_20,x_16_30,8.0,crossing_pair
x_12_20,x_16_32,8.0,crossing_pair
x_12_20,x_16_37,8.0,crossing_pair
x_12_20,x_16_38,8.0,crossing_pair
x_12_20,x_16_39,8.0,crossing_pair
x_12_20,x_16_41,8.0,crossing_pair
x_12_20,x_16_42,8.0,crossing_pair
x_12_20,x_16_43,8.0,crossing_pair
x_12_20,x_17_30,8.0,crossing_pair
x_12_20,x_17_37,8.0,crossing_pair
x_12_20,x_17_38,8.0,crossing_pair
x_12_20,x_17_39,8.0,crossing_pair
x_12_20,x_17_42,8.0,crossing_pair
x_12_20,x_17_43,8.0,crossing_pair
x_12_20,x_18_22,8.0,crossing_pair
x_12_20,x_18_23,8.0,crossing_pair
x_12_20,x_18_24,8.0,crossing_pair
x_12_20,x_18_26,8.0,crossing_pair
x_12_20,x_18_27,8.0,crossing_pair
x_12_20,x_18_28,8.0,crossing_pair
x_12_20,x_18_29,8.0,crossing_pair
x_12_20,x_18_31,8.0,crossing_pair
x_12_20,x_18_33,8.0,crossing_pair
x_12_20,x_18_34,8.0,crossing_pair
x_12_20,x_18_35,8.0,crossing_pair
x_12_20,x_18_36,8.0,crossing_pair
x_12_20,x_18_40,8.0,crossing_pair
x_12_20,x_18_44,8.0,crossing_pair
x_12_20,x_19_23,8.0,crossing_pair
x_12_20,x_19_24,8.0,crossing_pair
x_12_20,x_19_26,8.0,crossing_pair
x_12_20,x_19_27,8.0,crossing_pair
x_12_20,x_19_28,8.0,crossing_pair
x_12_20,x_19_29,8.0,crossing_pair
x_12_20,x_19_31,8.0,crossing_pair
x_12_20,x_19_33,8.0,crossing_pair
x_12_20,x_19_34,8.0,crossing_pair
x_12_20,x_19_35,8.0,crossing_pair
x_12_20,x_19_36,8.0,crossing_pair
x_12_20,x_19_40,8.0,crossing_pair
x_12_20,x_19_44,8.0,crossing_pair
x_12_20,x_20_25,8.0,shared_nucleotide
x_12_20,x_20_30,8.0,shared_nucleotide
x_12_20,x_20_32,8.0,shared_nucleotide
x_12_20,x_20_37,8.0,shared_nucleotide
x_12_20,x_20_38,8.0,shared_nucleotide
x_12_20,x_20_39,8.0,shared_nucleotide
x_12_20,x_20_41,8.0,shared_nucleotide
x_12_20,x_20_42,8.0,shared_nucleotide
x_12_20,x_20_43,8.0,shared_nucleotide
x_12_21,x_12_22,8.0,shared_nucleotide
x_12_21,x_12_23,8.0,shared_nucleotide
x_12_21,x_12_24,8.0,shared_nucleotide
x_12_21,x_12_26,8.0,shared_nucleotide
x_12_21,x_12_27,8.0,shared_nucleotide
x_12_21,x_12_28,8.0,shared_nucleotide
x_12_21,x_12_29,8.0,shared_nucleotide
x_12_21,x_12_31,8.0,shared_nucleotide
x_12_21,x_12_33,8.0,shared_nucleotide
x_12_21,x_12_34,8.0,shared_nucleotide
x_12_21,x_12_35,8.0,shared_nucleotide
x_12_21,x_12_36,8.0,shared_nucleotide
x_12_21,x_12_40,8.0,shared_nucleotide
x_12_21,x_12_44,8.0,shared_nucleotide
x_12_21,x_13_25,8.0,crossing_pair
x_12_21,x_13_30,8.0,crossing_pair
x_12_21,x_13_32,8.0,crossing_pair
x_12_21,x_13_37,8.0,crossing_pair
x_12_21,x_13_38,8.0,crossing_pair
x_12_21,x_13_39,8.0,crossing_pair
x_12_21,x_13_41,8.0,crossing_pair
x_12_21,x_13_42,8.0,crossing_pair
x_12_21,x_13_43,8.0,crossing_pair
x_12_21,x_14_21,8.0,shared_nucleotide
x_12_21,x_14_22,8.0,crossing_pair
x_12_21,x_14_23,8.0,crossing_pair
x_12_21,x_14_24,8.0,crossing_pair
x_12_21,x_14_26,8.0,crossing_pair
x_12_21,x_14_27,8.0,crossing_pair
x_12_21,x_14_28,8.0,crossing_pair
x_12_21,x_14_29,8.0,crossing_pair
x_12_21,x_14_31,8.0,crossing_pair
x_12_21,x_14_33,8.0,crossing_pair
x_12_21,x_14_34,8.0,crossing_pair
x_12_21,x_14_35,8.0,crossing_pair
x_12_21,x_14_36,8.0,crossing_pair
x_12_21,x_14_40,8.0,crossing_pair
x_12_21,x_14_44,8.0,crossing_pair
x_12_21,x_15_22,8.0,crossing_pair
x_12_21,x_15_34,8.0,crossing_pair
x_12_21,x_15_40,8.0,crossing_pair
x_12_21,x_15_44,8.0,crossing_pair
x_12_21,x_16_25,8.0,crossing_pair
x_12_21,x_16_30,8.0,crossing_pair
x_12_21,x_16_32,8.0,crossing_pair
x_12_21,x_16_37,8.0,crossing_pair
x_12_21,x_16_38,8.0,crossing_pair
x_12_21,x_16_39,8.0,crossing_pair
x_12_21,x_16_41,8.0,crossing_pair
x_12_21,x_16_42,8.0,crossing_pair
x_12_21,x_16_43,8.0,crossing_pair
x_12_21,x_17_30,8.0,crossing_pair
x_12_21,x_17_37,8.0,crossing_pair
x_12_21,x_17_38,8.0,crossing_pair
x_12_21,x_17_39,8.0,crossing_pair
x_12_21,x_17_42,8.0,crossing_pair
x_12_21,x_17_43,8.0,crossing_pair
x_12_21,x_18_22,8.0,crossing_pair
x_12_21,x_18_23,8.0,crossing_pair
x_12_21,x_18_24,8.0,crossing_pair
x_12_21,x_18_26,8.0,crossing_pair
x_12_21,x_18_27,8.0,crossing_pair
x_12_21,x_18_28,8.0,crossing_pair
x_12_21,x_18_29,8.0,crossing_pair
x_12_21,x_18_31,8.0,crossing_pair
x_12_21,x_18_33,8.0,crossing_pair
x_12_21,x_18_34,8.0,crossing_pair
x_12_21,x_18_35,8.0,crossing_pair
x_12_21,x_18_36,8.0,crossing_pair
x_12_21,x_18_40,8.0,crossing_pair
x_12_21,x_18_44,8.0,crossing_pair
x_12_21,x_19_23,8.0,crossing_pair
x_12_21,x_19_24,8.0,crossing_pair
x_12_21,x_19_26,8.0,crossing_pair
x_12_21,x_19_27,8.0,crossing_pair
x_12_21,x_19_28,8.0,crossing_pair
x_12_21,x_19_29,8.0,crossing_pair
x_12_21,x_19_31,8.0,crossing_pair
x_12_21,x_19_33,8.0,crossing_pair
x_12_21,x_19_34,8.0,crossing_pair
x_12_21,x_19_35,8.0,crossing_pair
x_12_21,x_19_36,8.0,crossing_pair
x_12_21,x_19_40,8.0,crossing_pair
x_12_21,x_19_44,8.0,crossing_pair
x_12_21,x_20_25,8.0,crossing_pair
x_12_21,x_20_30,8.0,crossing_pair
x_12_21,x_20_32,8.0,crossing_pair
x_12_21,x_20_37,8.0,crossing_pair
x_12_21,x_20_38,8.0,crossing_pair
x_12_21,x_20_39,8.0,crossing_pair
x_12_21,x_20_41,8.0,crossing_pair
x_12_21,x_20_42,8.0,crossing_pair
x_12_21,x_20_43,8.0,crossing_pair
x_12_21,x_21_30,8.0,shared_nucleotide
x_12_21,x_21_37,8.0,shared_nucleotide
x_12_21,x_21_38,8.0,shared_nucleotide
x_12_21,x_21_39,8.0,shared_nucleotide
x_12_21,x_21_42,8.0,shared_nucleotide
x_12_21,x_21_43,8.0,shared_nucleotide
x_12_22,x_12_23,8.0,shared_nucleotide
x_12_22,x_12_24,8.0,shared_nucleotide
x_12_22,x_12_26,8.0,shared_nucleotide
x_12_22,x_12_27,8.0,shared_nucleotide
x_12_22,x_12_28,8.0,shared_nucleotide
x_12_22,x_12_29,8.0,shared_nucleotide
x_12_22,x_12_31,8.0,shared_nucleotide
x_12_22,x_12_33,8.0,shared_nucleotide
x_12_22,x_12_34,8.0,shared_nucleotide
x_12_22,x_12_35,8.0,shared_nucleotide
x_12_22,x_12_36,8.0,shared_nucleotide
x_12_22,x_12_40,8.0,shared_nucleotide
x_12_22,x_12_44,8.0,shared_nucleotide
x_12_22,x_13_25,8.0,crossing_pair
x_12_22,x_13_30,8.0,crossing_pair
x_12_22,x_13_32,8.0,crossing_pair
x_12_22,x_13_37,8.0,crossing_pair
x_12_22,x_13_38,8.0,crossing_pair
x_12_22,x_13_39,8.0,crossing_pair
x_12_22,x_13_41,8.0,crossing_pair
x_12_22,x_13_42,8.0,crossing_pair
x_12_22,x_13_43,8.0,crossing_pair
x_12_22,x_14_22,8.0,shared_nucleotide
x_12_22,x_14_23,8.0,crossing_pair
x_12_22,x_14_24,8.0,crossing_pair
x_12_22,x_14_26,8.0,crossing_pair
x_12_22,x_14_27,8.0,crossing_pair
x_12_22,x_14_28,8.0,crossing_pair
x_12_22,x_14_29,8.0,crossing_pair
x_12_22,x_14_31,8.0,crossing_pair
x_12_22,x_14_33,8.0,crossing_pair
x_12_22,x_14_34,8.0,crossing_pair
x_12_22,x_14_35,8.0,crossing_pair
x_12_22,x_14_36,8.0,crossing_pair
x_12_22,x_14_40,8.0,crossing_pair
x_12_22,x_14_44,8.0,crossing_pair
x_12_22,x_15_22,8.0,shared_nucleotide
x_12_22,x_15_34,8.0,crossing_pair
x_12_22,x_15_40,8.0,crossing_pair
x_12_22,x_15_44,8.0,crossing_pair
x_12_22,x_16_25,8.0,crossing_pair
x_12_22,x_16_30,8.0,crossing_pair
x_12_22,x_16_32,8.0,crossing_pair
x_12_22,x_16_37,8.0,crossing_pair
x_12_22,x_16_38,8.0,crossing_pair
x_12_22,x_16_39,8.0,crossing_pair
x_12_22,x_16_41,8.0,crossing_pair
x_12_22,x_16_42,8.0,crossing_pair
x_12_22,x_16_43,8.0,crossing_pair
x_12_22,x_17_30,8.0,crossing_pair
x_12_22,x_17_37,8.0,crossing_pair
x_12_22,x_17_38,8.0,crossing_pair
x_12_22,x_17_39,8.0,crossing_pair
x_12_22,x_17_42,8.0,crossing_pair
x_12_22,x_17_43,8.0,crossing_pair
x_12_22,x_18_22,8.0,shared_nucleotide
x_12_22,x_18_23,8.0,crossing_pair
x_12_22,x_18_24,8.0,crossing_pair
x_12_22,x_18_26,8.0,crossing_pair
x_12_22,x_18_27,8.0,crossing_pair
x_12_22,x_18_28,8.0,crossing_pair
x_12_22,x_18_29,8.0,crossing_pair
x_12_22,x_18_31,8.0,crossing_pair
x_12_22,x_18_33,8.0,crossing_pair
x_12_22,x_18_34,8.0,crossing_pair
x_12_22,x_18_35,8.0,crossing_pair
x_12_22,x_18_36,8.0,crossing_pair
x_12_22,x_18_40,8.0,crossing_pair
x_12_22,x_18_44,8.0,crossing_pair
x_12_22,x_19_23,8.0,crossing_pair
x_12_22,x_19_24,8.0,crossing_pair
x_12_22,x_19_26,8.0,crossing_pair
x_12_22,x_19_27,8.0,crossing_pair
x_12_22,x_19_28,8.0,crossing_pair
x_12_22,x_19_29,8.0,crossing_pair
x_12_22,x_19_31,8.0,crossing_pair
x_12_22,x_19_33,8.0,crossing_pair
x_12_22,x_19_34,8.0,crossing_pair
x_12_22,x_19_35,8.0,crossing_pair
x_12_22,x_19_36,8.0,crossing_pair
x_12_22,x_19_40,8.0,crossing_pair
x_12_22,x_19_44,8.0,crossing_pair
x_12_22,x_20_25,8.0,crossing_pair
x_12_22,x_20_30,8.0,crossing_pair
x_12_22,x_20_32,8.0,crossing_pair
x_12_22,x_20_37,8.0,crossing_pair
x_12_22,x_20_38,8.0,crossing_pair
x_12_22,x_20_39,8.0,crossing_pair
x_12_22,x_20_41,8.0,crossing_pair
x_12_22,x_20_42,8.0,crossing_pair
x_12_22,x_20_43,8.0,crossing_pair
x_12_22,x_21_30,8.0,crossing_pair
x_12_22,x_21_37,8.0,crossing_pair
x_12_22,x_21_38,8.0,crossing_pair
x_12_22,x_21_39,8.0,crossing_pair
x_12_22,x_21_42,8.0,crossing_pair
x_12_22,x_21_43,8.0,crossing_pair
x_12_22,x_22_30,8.0,shared_nucleotide
x_12_22,x_22_32,8.0,shared_nucleotide
x_12_22,x_22_37,8.0,shared_nucleotide
x_12_22,x_22_38,8.0,shared_nucleotide
x_12_22,x_22_39,8.0,shared_nucleotide
x_12_22,x_22_41,8.0,shared_nucleotide
x_12_22,x_22_42,8.0,shared_nucleotide
x_12_22,x_22_43,8.0,shared_nucleotide
x_12_23,x_12_24,8.0,shared_nucleotide
x_12_23,x_12_26,8.0,shared_nucleotide
x_12_23,x_12_27,8.0,shared_nucleotide
x_12_23,x_12_28,8.0,shared_nucleotide
x_12_23,x_12_29,8.0,shared_nucleotide
x_12_23,x_12_31,8.0,shared_nucleotide
x_12_23,x_12_33,8.0,shared_nucleotide
x_12_23,x_12_34,8.0,shared_nucleotide
x_12_23,x_12_35,8.0,shared_nucleotide
x_12_23,x_12_36,8.0,shared_nucleotide
x_12_23,x_12_40,8.0,shared_nucleotide
x_12_23,x_12_44,8.0,shared_nucleotide
x_12_23,x_13_25,8.0,crossing_pair
x_12_23,x_13_30,8.0,crossing_pair
x_12_23,x_13_32,8.0,crossing_pair
x_12_23,x_13_37,8.0,crossing_pair
x_12_23,x_13_38,8.0,crossing_pair
x_12_23,x_13_39,8.0,crossing_pair
x_12_23,x_13_41,8.0,crossing_pair
x_12_23,x_13_42,8.0,crossing_pair
x_12_23,x_13_43,8.0,crossing_pair
x_12_23,x_14_23,8.0,shared_nucleotide
x_12_23,x_14_24,8.0,crossing_pair
x_12_23,x_14_26,8.0,crossing_pair
x_12_23,x_14_27,8.0,crossing_pair
x_12_23,x_14_28,8.0,crossing_pair
x_12_23,x_14_29,8.0,crossing_pair
x_12_23,x_14_31,8.0,crossing_pair
x_12_23,x_14_33,8.0,crossing_pair
x_12_23,x_14_34,8.0,crossing_pair
x_12_23,x_14_35,8.0,crossing_pair
x_12_23,x_14_36,8.0,crossing_pair
x_12_23,x_14_40,8.0,crossing_pair
x_12_23,x_14_44,8.0,crossing_pair
x_12_23,x_15_34,8.0,crossing_pair
x_12_23,x_15_40,8.0,crossing_pair
x_12_23,x_15_44,8.0,crossing_pair
x_12_23,x_16_25,8.0,crossing_pair
x_12_23,x_16_30,8.0,crossing_pair
x_12_23,x_16_32,8.0,crossing_pair
x_12_23,x_16_37,8.0,crossing_pair
x_12_23,x_16_38,8.0,crossing_pair
x_12_23,x_16_39,8.0,crossing_pair
x_12_23,x_16_41,8.0,crossing_pair
x_12_23,x_16_42,8.0,crossing_pair
x_12_23,x_16_43,8.0,crossing_pair
x_12_23,x_17_30,8.0,crossing_pair
x_12_23,x_17_37,8.0,crossing_pair
x_12_23,x_17_38,8.0,crossing_pair
x_12_23,x_17_39,8.0,crossing_pair
x_12_23,x_17_42,8.0,crossing_pair
x_12_23,x_17_43,8.0,crossing_pair
x_12_23,x_18_23,8.0,shared_nucleotide
x_12_23,x_18_24,8.0,crossing_pair
x_12_23,x_18_26,8.0,crossing_pair
x_12_23,x_18_27,8.0,crossing_pair
x_12_23,x_18_28,8.0,crossing_pair
x_12_23,x_18_29,8.0,crossing_pair
x_12_23,x_18_31,8.0,crossing_pair
x_12_23,x_18_33,8.0,crossing_pair
x_12_23,x_18_34,8.0,crossing_pair
x_12_23,x_18_35,8.0,crossing_pair
x_12_23,x_18_36,8.0,crossing_pair
x_12_23,x_18_40,8.0,crossing_pair
x_12_23,x_18_44,8.0,crossing_pair
x_12_23,x_19_23,8.0,shared_nucleotide
x_12_23,x_19_24,8.0,crossing_pair
x_12_23,x_19_26,8.0,crossing_pair
x_12_23,x_19_27,8.0,crossing_pair
x_12_23,x_19_28,8.0,crossing_pair
x_12_23,x_19_29,8.0,crossing_pair
x_12_23,x_19_31,8.0,crossing_pair
x_12_23,x_19_33,8.0,crossing_pair
x_12_23,x_19_34,8.0,crossing_pair
x_12_23,x_19_35,8.0,crossing_pair
x_12_23,x_19_36,8.0,crossing_pair
x_12_23,x_19_40,8.0,crossing_pair
x_12_23,x_19_44,8.0,crossing_pair
x_12_23,x_20_25,8.0,crossing_pair
x_12_23,x_20_30,8.0,crossing_pair
x_12_23,x_20_32,8.0,crossing_pair
x_12_23,x_20_37,8.0,crossing_pair
x_12_23,x_20_38,8.0,crossing_pair
x_12_23,x_20_39,8.0,crossing_pair
x_12_23,x_20_41,8.0,crossing_pair
x_12_23,x_20_42,8.0,crossing_pair
x_12_23,x_20_43,8.0,crossing_pair
x_12_23,x_21_30,8.0,crossing_pair
x_12_23,x_21_37,8.0,crossing_pair
x_12_23,x_21_38,8.0,crossing_pair
x_12_23,x_21_39,8.0,crossing_pair
x_12_23,x_21_42,8.0,crossing_pair
x_12_23,x_21_43,8.0,crossing_pair
x_12_23,x_22_30,8.0,crossing_pair
x_12_23,x_22_32,8.0,crossing_pair
x_12_23,x_22_37,8.0,crossing_pair
x_12_23,x_22_38,8.0,crossing_pair
x_12_23,x_22_39,8.0,crossing_pair
x_12_23,x_22_41,8.0,crossing_pair
x_12_23,x_22_42,8.0,crossing_pair
x_12_23,x_22_43,8.0,crossing_pair
x_12_23,x_23_30,8.0,shared_nucleotide
x_12_23,x_23_37,8.0,shared_nucleotide
x_12_23,x_23_38,8.0,shared_nucleotide
x_12_23,x_23_39,8.0,shared_nucleotide
x_12_23,x_23_42,8.0,shared_nucleotide
x_12_23,x_23_43,8.0,shared_nucleotide
x_12_24,x_12_26,8.0,shared_nucleotide
x_12_24,x_12_27,8.0,shared_nucleotide
x_12_24,x_12_28,8.0,shared_nucleotide
x_12_24,x_12_29,8.0,shared_nucleotide
x_12_24,x_12_31,8.0,shared_nucleotide
x_12_24,x_12_33,8.0,shared_nucleotide
x_12_24,x_12_34,8.0,shared_nucleotide
x_12_24,x_12_35,8.0,shared_nucleotide
x_12_24,x_12_36,8.0,shared_nucleotide
x_12_24,x_12_40,8.0,shared_nucleotide
x_12_24,x_12_44,8.0,shared_nucleotide
x_12_24,x_13_25,8.0,crossing_pair
x_12_24,x_13_30,8.0,crossing_pair
x_12_24,x_13_32,8.0,crossing_pair
x_12_24,x_13_37,8.0,crossing_pair
x_12_24,x_13_38,8.0,crossing_pair
x_12_24,x_13_39,8.0,crossing_pair
x_12_24,x_13_41,8.0,crossing_pair
x_12_24,x_13_42,8.0,crossing_pair
x_12_24,x_13_43,8.0,crossing_pair
x_12_24,x_14_24,8.0,shared_nucleotide
x_12_24,x_14_26,8.0,crossing_pair
x_12_24,x_14_27,8.0,crossing_pair
x_12_24,x_14_28,8.0,crossing_pair
x_12_24,x_14_29,8.0,crossing_pair
x_12_24,x_14_31,8.0,crossing_pair
x_12_24,x_14_33,8.0,crossing_pair
x_12_24,x_14_34,8.0,crossing_pair
x_12_24,x_14_35,8.0,crossing_pair
x_12_24,x_14_36,8.0,crossing_pair
x_12_24,x_14_40,8.0,crossing_pair
x_12_24,x_14_44,8.0,crossing_pair
x_12_24,x_15_34,8.0,crossing_pair
x_12_24,x_15_40,8.0,crossing_pair
x_12_24,x_15_44,8.0,crossing_pair
x_12_24,x_16_25,8.0,crossing_pair
x_12_24,x_16_30,8.0,crossing_pair
x_12_24,x_16_32,8.0,crossing_pair
x_12_24,x_16_37,8.0,crossing_pair
x_12_24,x_16_38,8.0,crossing_pair
x_12_24,x_16_39,8.0,crossing_pair
x_12_24,x_16_41,8.0,crossing_pair
x_12_24,x_16_42,8.0,crossing_pair
x_12_24,x_16_43,8.0,crossing_pair
x_12_24,x_17_30,8.0,crossing_pair
x_12_24,x_17_37,8.0,crossing_pair
x_12_24,x_17_38,8.0,crossing_pair
x_12_24,x_17_39,8.0,crossing_pair
x_12_24,x_17_42,8.0,crossing_pair
x_12_24,x_17_43,8.0,crossing_pair
x_12_24,x_18_24,8.0,shared_nucleotide
x_12_24,x_18_26,8.0,crossing_pair
x_12_24,x_18_27,8.0,crossing_pair
x_12_24,x_18_28,8.0,crossing_pair
x_12_24,x_18_29,8.0,crossing_pair
x_12_24,x_18_31,8.0,crossing_pair
x_12_24,x_18_33,8.0,crossing_pair
x_12_24,x_18_34,8.0,crossing_pair
x_12_24,x_18_35,8.0,crossing_pair
x_12_24,x_18_36,8.0,crossing_pair
x_12_24,x_18_40,8.0,crossing_pair
x_12_24,x_18_44,8.0,crossing_pair
x_12_24,x_19_24,8.0,shared_nucleotide
x_12_24,x_19_26,8.0,crossing_pair
x_12_24,x_19_27,8.0,crossing_pair
x_12_24,x_19_28,8.0,crossing_pair
x_12_24,x_19_29,8.0,crossing_pair
x_12_24,x_19_31,8.0,crossing_pair
x_12_24,x_19_33,8.0,crossing_pair
x_12_24,x_19_34,8.0,crossing_pair
x_12_24,x_19_35,8.0,crossing_pair
x_12_24,x_19_36,8.0,crossing_pair
x_12_24,x_19_40,8.0,crossing_pair
x_12_24,x_19_44,8.0,crossing_pair
x_12_24,x_20_25,8.0,crossing_pair
x_12_24,x_20_30,8.0,crossing_pair
x_12_24,x_20_32,8.0,crossing_pair
x_12_24,x_20_37,8.0,crossing_pair
x_12_24,x_20_38,8.0,crossing_pair
x_12_24,x_20_39,8.0,crossing_pair
x_12_24,x_20_41,8.0,crossing_pair
x_12_24,x_20_42,8.0,crossing_pair
x_12_24,x_20_43,8.0,crossing_pair
x_12_24,x_21_30,8.0,crossing_pair
x_12_24,x_21_37,8.0,crossing_pair
x_12_24,x_21_38,8.0,crossing_pair
x_12_24,x_21_39,8.0,crossing_pair
x_12_24,x_21_42,8.0,crossing_pair
x_12_24,x_21_43,8.0,crossing_pair
x_12_24,x_22_30,8.0,crossing_pair
x_12_24,x_22_32,8.0,crossing_pair
x_12_24,x_22_37,8.0,crossing_pair
x_12_24,x_22_38,8.0,crossing_pair
x_12_24,x_22_39,8.0,crossing_pair
x_12_24,x_22_41,8.0,crossing_pair
x_12_24,x_22_42,8.0,crossing_pair
x_12_24,x_22_43,8.0,crossing_pair
x_12_24,x_23_30,8.0,crossing_pair
x_12_24,x_23_37,8.0,crossing_pair
x_12_24,x_23_38,8.0,crossing_pair
x_12_24,x_23_39,8.0,crossing_pair
x_12_24,x_23_42,8.0,crossing_pair
x_12_24,x_23_43,8.0,crossing_pair
x_12_24,x_24_30,8.0,shared_nucleotide
x_12_24,x_24_37,8.0,shared_nucleotide
x_12_24,x_24_38,8.0,shared_nucleotide
x_12_24,x_24_39,8.0,shared_nucleotide
x_12_24,x_24_42,8.0,shared_nucleotide
x_12_24,x_24_43,8.0,shared_nucleotide
x_12_26,x_12_27,8.0,shared_nucleotide
x_12_26,x_12_28,8.0,shared_nucleotide
x_12_26,x_12_29,8.0,shared_nucleotide
x_12_26,x_12_31,8.0,shared_nucleotide
x_12_26,x_12_33,8.0,shared_nucleotide
x_12_26,x_12_34,8.0,shared_nucleotide
x_12_26,x_12_35,8.0,shared_nucleotide
x_12_26,x_12_36,8.0,shared_nucleotide
x_12_26,x_12_40,8.0,shared_nucleotide
x_12_26,x_12_44,8.0,shared_nucleotide
x_12_26,x_13_30,8.0,crossing_pair
x_12_26,x_13_32,8.0,crossing_pair
x_12_26,x_13_37,8.0,crossing_pair
x_12_26,x_13_38,8.0,crossing_pair
x_12_26,x_13_39,8.0,crossing_pair
x_12_26,x_13_41,8.0,crossing_pair
x_12_26,x_13_42,8.0,crossing_pair
x_12_26,x_13_43,8.0,crossing_pair
x_12_26,x_14_26,8.0,shared_nucleotide
x_12_26,x_14_27,8.0,crossing_pair
x_12_26,x_14_28,8.0,crossing_pair
x_12_26,x_14_29,8.0,crossing_pair
x_12_26,x_14_31,8.0,crossing_pair
x_12_26,x_14_33,8.0,crossing_pair
x_12_26,x_14_34,8.0,crossing_pair
x_12_26,x_14_35,8.0,crossing_pair
x_12_26,x_14_36,8.0,crossing_pair
x_12_26,x_14_40,8.0,crossing_pair
x_12_26,x_14_44,8.0,crossing_pair
x_12_26,x_15_34,8.0,crossing_pair
x_12_26,x_15_40,8.0,crossing_pair
x_12_26,x_15_44,8.0,crossing_pair
x_12_26,x_16_30,8.0,crossing_pair
x_12_26,x_16_32,8.0,crossing_pair
x_12_26,x_16_37,8.0,crossing_pair
x_12_26,x_16_38,8.0,crossing_pair
x_12_26,x_16_39,8.0,crossing_pair
x_12_26,x_16_41,8.0,crossing_pair
x_12_26,x_16_42,8.0,crossing_pair
x_12_26,x_16_43,8.0,crossing_pair
x_12_26,x_17_30,8.0,crossing_pair
x_12_26,x_17_37,8.0,crossing_pair
x_12_26,x_17_38,8.0,crossing_pair
x_12_26,x_17_39,8.0,crossing_pair
x_12_26,x_17_42,8.0,crossing_pair
x_12_26,x_17_43,8.0,crossing_pair
x_12_26,x_18_26,8.0,shared_nucleotide
x_12_26,x_18_27,8.0,crossing_pair
x_12_26,x_18_28,8.0,crossing_pair
x_12_26,x_18_29,8.0,crossing_pair
x_12_26,x_18_31,8.0,crossing_pair
x_12_26,x_18_33,8.0,crossing_pair
x_12_26,x_18_34,8.0,crossing_pair
x_12_26,x_18_35,8.0,crossing_pair
x_12_26,x_18_36,8.0,crossing_pair
x_12_26,x_18_40,8.0,crossing_pair
x_12_26,x_18_44,8.0,crossing_pair
x_12_26,x_19_26,8.0,shared_nucleotide
x_12_26,x_19_27,8.0,crossing_pair
x_12_26,x_19_28,8.0,crossing_pair
x_12_26,x_19_29,8.0,crossing_pair
x_12_26,x_19_31,8.0,crossing_pair
x_12_26,x_19_33,8.0,crossing_pair
x_12_26,x_19_34,8.0,crossing_pair
x_12_26,x_19_35,8.0,crossing_pair
x_12_26,x_19_36,8.0,crossing_pair
x_12_26,x_19_40,8.0,crossing_pair
x_12_26,x_19_44,8.0,crossing_pair
x_12_26,x_20_30,8.0,crossing_pair
x_12_26,x_20_32,8.0,crossing_pair
x_12_26,x_20_37,8.0,crossing_pair
x_12_26,x_20_38,8.0,crossing_pair
x_12_26,x_20_39,8.0,crossing_pair
x_12_26,x_20_41,8.0,crossing_pair
x_12_26,x_20_42,8.0,crossing_pair
x_12_26,x_20_43,8.0,crossing_pair
x_12_26,x_21_30,8.0,crossing_pair
x_12_26,x_21_37,8.0,crossing_pair
x_12_26,x_21_38,8.0,crossing_pair
x_12_26,x_21_39,8.0,crossing_pair
x_12_26,x_21_42,8.0,crossing_pair
x_12_26,x_21_43,8.0,crossing_pair
x_12_26,x_22_30,8.0,crossing_pair
x_12_26,x_22_32,8.0,crossing_pair
x_12_26,x_22_37,8.0,crossing_pair
x_12_26,x_22_38,8.0,crossing_pair
x_12_26,x_22_39,8.0,crossing_pair
x_12_26,x_22_41,8.0,crossing_pair
x_12_26,x_22_42,8.0,crossing_pair
x_12_26,x_22_43,8.0,crossing_pair
x_12_26,x_23_30,8.0,crossing_pair
x_12_26,x_23_37,8.0,crossing_pair
x_12_26,x_23_38,8.0,crossing_pair
x_12_26,x_23_39,8.0,crossing_pair
x_12_26,x_23_42,8.0,crossing_pair
x_12_26,x_23_43,8.0,crossing_pair
x_12_26,x_24_30,8.0,crossing_pair
x_12_26,x_24_37,8.0,crossing_pair
x_12_26,x_24_38,8.0,crossing_pair
x_12_26,x_24_39,8.0,crossing_pair
x_12_26,x_24_42,8.0,crossing_pair
x_12_26,x_24_43,8.0,crossing_pair
x_12_26,x_25_34,8.0,crossing_pair
x_12_26,x_25_40,8.0,crossing_pair
x_12_26,x_25_44,8.0,crossing_pair
x_12_26,x_26_30,8.0,shared_nucleotide
x_12_26,x_26_37,8.0,shared_nucleotide
x_12_26,x_26_38,8.0,shared_nucleotide
x_12_26,x_26_39,8.0,shared_nucleotide
x_12_26,x_26_42,8.0,shared_nucleotide
x_12_26,x_26_43,8.0,shared_nucleotide
x_12_27,x_12_28,8.0,shared_nucleotide
x_12_27,x_12_29,8.0,shared_nucleotide
x_12_27,x_12_31,8.0,shared_nucleotide
x_12_27,x_12_33,8.0,shared_nucleotide
x_12_27,x_12_34,8.0,shared_nucleotide
x_12_27,x_12_35,8.0,shared_nucleotide
x_12_27,x_12_36,8.0,shared_nucleotide
x_12_27,x_12_40,8.0,shared_nucleotide
x_12_27,x_12_44,8.0,shared_nucleotide
x_12_27,x_13_30,8.0,crossing_pair
x_12_27,x_13_32,8.0,crossing_pair
x_12_27,x_13_37,8.0,crossing_pair
x_12_27,x_13_38,8.0,crossing_pair
x_12_27,x_13_39,8.0,crossing_pair
x_12_27,x_13_41,8.0,crossing_pair
x_12_27,x_13_42,8.0,crossing_pair
x_12_27,x_13_43,8.0,crossing_pair
x_12_27,x_14_27,8.0,shared_nucleotide
x_12_27,x_14_28,8.0,crossing_pair
x_12_27,x_14_29,8.0,crossing_pair
x_12_27,x_14_31,8.0,crossing_pair
x_12_27,x_14_33,8.0,crossing_pair
x_12_27,x_14_34,8.0,crossing_pair
x_12_27,x_14_35,8.0,crossing_pair
x_12_27,x_14_36,8.0,crossing_pair
x_12_27,x_14_40,8.0,crossing_pair
x_12_27,x_14_44,8.0,crossing_pair
x_12_27,x_15_34,8.0,crossing_pair
x_12_27,x_15_40,8.0,crossing_pair
x_12_27,x_15_44,8.0,crossing_pair
x_12_27,x_16_30,8.0,crossing_pair
x_12_27,x_16_32,8.0,crossing_pair
x_12_27,x_16_37,8.0,crossing_pair
x_12_27,x_16_38,8.0,crossing_pair
x_12_27,x_16_39,8.0,crossing_pair
x_12_27,x_16_41,8.0,crossing_pair
x_12_27,x_16_42,8.0,crossing_pair
x_12_27,x_16_43,8.0,crossing_pair
x_12_27,x_17_30,8.0,crossing_pair
x_12_27,x_17_37,8.0,crossing_pair
x_12_27,x_17_38,8.0,crossing_pair
x_12_27,x_17_39,8.0,crossing_pair
x_12_27,x_17_42,8.0,crossing_pair
x_12_27,x_17_43,8.0,crossing_pair
x_12_27,x_18_27,8.0,shared_nucleotide
x_12_27,x_18_28,8.0,crossing_pair
x_12_27,x_18_29,8.0,crossing_pair
x_12_27,x_18_31,8.0,crossing_pair
x_12_27,x_18_33,8.0,crossing_pair
x_12_27,x_18_34,8.0,crossing_pair
x_12_27,x_18_35,8.0,crossing_pair
x_12_27,x_18_36,8.0,crossing_pair
x_12_27,x_18_40,8.0,crossing_pair
x_12_27,x_18_44,8.0,crossing_pair
x_12_27,x_19_27,8.0,shared_nucleotide
x_12_27,x_19_28,8.0,crossing_pair
x_12_27,x_19_29,8.0,crossing_pair
x_12_27,x_19_31,8.0,crossing_pair
x_12_27,x_19_33,8.0,crossing_pair
x_12_27,x_19_34,8.0,crossing_pair
x_12_27,x_19_35,8.0,crossing_pair
x_12_27,x_19_36,8.0,crossing_pair
x_12_27,x_19_40,8.0,crossing_pair
x_12_27,x_19_44,8.0,crossing_pair
x_12_27,x_20_30,8.0,crossing_pair
x_12_27,x_20_32,8.0,crossing_pair
x_12_27,x_20_37,8.0,crossing_pair
x_12_27,x_20_38,8.0,crossing_pair
x_12_27,x_20_39,8.0,crossing_pair
x_12_27,x_20_41,8.0,crossing_pair
x_12_27,x_20_42,8.0,crossing_pair
x_12_27,x_20_43,8.0,crossing_pair
x_12_27,x_21_30,8.0,crossing_pair
x_12_27,x_21_37,8.0,crossing_pair
x_12_27,x_21_38,8.0,crossing_pair
x_12_27,x_21_39,8.0,crossing_pair
x_12_27,x_21_42,8.0,crossing_pair
x_12_27,x_21_43,8.0,crossing_pair
x_12_27,x_22_30,8.0,crossing_pair
x_12_27,x_22_32,8.0,crossing_pair
x_12_27,x_22_37,8.0,crossing_pair
x_12_27,x_22_38,8.0,crossing_pair
x_12_27,x_22_39,8.0,crossing_pair
x_12_27,x_22_41,8.0,crossing_pair
x_12_27,x_22_42,8.0,crossing_pair
x_12_27,x_22_43,8.0,crossing_pair
x_12_27,x_23_30,8.0,crossing_pair
x_12_27,x_23_37,8.0,crossing_pair
x_12_27,x_23_38,8.0,crossing_pair
x_12_27,x_23_39,8.0,crossing_pair
x_12_27,x_23_42,8.0,crossing_pair
x_12_27,x_23_43,8.0,crossing_pair
x_12_27,x_24_30,8.0,crossing_pair
x_12_27,x_24_37,8.0,crossing_pair
x_12_27,x_24_38,8.0,crossing_pair
x_12_27,x_24_39,8.0,crossing_pair
x_12_27,x_24_42,8.0,crossing_pair
x_12_27,x_24_43,8.0,crossing_pair
x_12_27,x_25_34,8.0,crossing_pair
x_12_27,x_25_40,8.0,crossing_pair
x_12_27,x_25_44,8.0,crossing_pair
x_12_27,x_26_30,8.0,crossing_pair
x_12_27,x_26_37,8.0,crossing_pair
x_12_27,x_26_38,8.0,crossing_pair
x_12_27,x_26_39,8.0,crossing_pair
x_12_27,x_26_42,8.0,crossing_pair
x_12_27,x_26_43,8.0,crossing_pair
x_12_27,x_27_37,8.0,shared_nucleotide
x_12_27,x_27_38,8.0,shared_nucleotide
x_12_27,x_27_39,8.0,shared_nucleotide
x_12_27,x_27_42,8.0,shared_nucleotide
x_12_27,x_27_43,8.0,shared_nucleotide
x_12_28,x_12_29,8.0,shared_nucleotide
x_12_28,x_12_31,8.0,shared_nucleotide
x_12_28,x_12_33,8.0,shared_nucleotide
x_12_28,x_12_34,8.0,shared_nucleotide
x_12_28,x_12_35,8.0,shared_nucleotide
x_12_28,x_12_36,8.0,shared_nucleotide
x_12_28,x_12_40,8.0,shared_nucleotide
x_12_28,x_12_44,8.0,shared_nucleotide
x_12_28,x_13_30,8.0,crossing_pair
x_12_28,x_13_32,8.0,crossing_pair
x_12_28,x_13_37,8.0,crossing_pair
x_12_28,x_13_38,8.0,crossing_pair
x_12_28,x_13_39,8.0,crossing_pair
x_12_28,x_13_41,8.0,crossing_pair
x_12_28,x_13_42,8.0,crossing_pair
x_12_28,x_13_43,8.0,crossing_pair
x_12_28,x_14_28,8.0,shared_nucleotide
x_12_28,x_14_29,8.0,crossing_pair
x_12_28,x_14_31,8.0,crossing_pair
x_12_28,x_14_33,8.0,crossing_pair
x_12_28,x_14_34,8.0,crossing_pair
x_12_28,x_14_35,8.0,crossing_pair
x_12_28,x_14_36,8.0,crossing_pair
x_12_28,x_14_40,8.0,crossing_pair
x_12_28,x_14_44,8.0,crossing_pair
x_12_28,x_15_34,8.0,crossing_pair
x_12_28,x_15_40,8.0,crossing_pair
x_12_28,x_15_44,8.0,crossing_pair
x_12_28,x_16_30,8.0,crossing_pair
x_12_28,x_16_32,8.0,crossing_pair
x_12_28,x_16_37,8.0,crossing_pair
x_12_28,x_16_38,8.0,crossing_pair
x_12_28,x_16_39,8.0,crossing_pair
x_12_28,x_16_41,8.0,crossing_pair
x_12_28,x_16_42,8.0,crossing_pair
x_12_28,x_16_43,8.0,crossing_pair
x_12_28,x_17_30,8.0,crossing_pair
x_12_28,x_17_37,8.0,crossing_pair
x_12_28,x_17_38,8.0,crossing_pair
x_12_28,x_17_39,8.0,crossing_pair
x_12_28,x_17_42,8.0,crossing_pair
x_12_28,x_17_43,8.0,crossing_pair
x_12_28,x_18_28,8.0,shared_nucleotide
x_12_28,x_18_29,8.0,crossing_pair
x_12_28,x_18_31,8.0,crossing_pair
x_12_28,x_18_33,8.0,crossing_pair
x_12_28,x_18_34,8.0,crossing_pair
x_12_28,x_18_35,8.0,crossing_pair
x_12_28,x_18_36,8.0,crossing_pair
x_12_28,x_18_40,8.0,crossing_pair
x_12_28,x_18_44,8.0,crossing_pair
x_12_28,x_19_28,8.0,shared_nucleotide
x_12_28,x_19_29,8.0,crossing_pair
x_12_28,x_19_31,8.0,crossing_pair
x_12_28,x_19_33,8.0,crossing_pair
x_12_28,x_19_34,8.0,crossing_pair
x_12_28,x_19_35,8.0,crossing_pair
x_12_28,x_19_36,8.0,crossing_pair
x_12_28,x_19_40,8.0,crossing_pair
x_12_28,x_19_44,8.0,crossing_pair
x_12_28,x_20_30,8.0,crossing_pair
x_12_28,x_20_32,8.0,crossing_pair
x_12_28,x_20_37,8.0,crossing_pair
x_12_28,x_20_38,8.0,crossing_pair
x_12_28,x_20_39,8.0,crossing_pair
x_12_28,x_20_41,8.0,crossing_pair
x_12_28,x_20_42,8.0,crossing_pair
x_12_28,x_20_43,8.0,crossing_pair
x_12_28,x_21_30,8.0,crossing_pair
x_12_28,x_21_37,8.0,crossing_pair
x_12_28,x_21_38,8.0,crossing_pair
x_12_28,x_21_39,8.0,crossing_pair
x_12_28,x_21_42,8.0,crossing_pair
x_12_28,x_21_43,8.0,crossing_pair
x_12_28,x_22_30,8.0,crossing_pair
x_12_28,x_22_32,8.0,crossing_pair
x_12_28,x_22_37,8.0,crossing_pair
x_12_28,x_22_38,8.0,crossing_pair
x_12_28,x_22_39,8.0,crossing_pair
x_12_28,x_22_41,8.0,crossing_pair
x_12_28,x_22_42,8.0,crossing_pair
x_12_28,x_22_43,8.0,crossing_pair
x_12_28,x_23_30,8.0,crossing_pair
x_12_28,x_23_37,8.0,crossing_pair
x_12_28,x_23_38,8.0,crossing_pair
x_12_28,x_23_39,8.0,crossing_pair
x_12_28,x_23_42,8.0,crossing_pair
x_12_28,x_23_43,8.0,crossing_pair
x_12_28,x_24_30,8.0,crossing_pair
x_12_28,x_24_37,8.0,crossing_pair
x_12_28,x_24_38,8.0,crossing_pair
x_12_28,x_24_39,8.0,crossing_pair
x_12_28,x_24_42,8.0,crossing_pair
x_12_28,x_24_43,8.0,crossing_pair
x_12_28,x_25_34,8.0,crossing_pair
x_12_28,x_25_40,8.0,crossing_pair
x_12_28,x_25_44,8.0,crossing_pair
x_12_28,x_26_30,8.0,crossing_pair
x_12_28,x_26_37,8.0,crossing_pair
x_12_28,x_26_38,8.0,crossing_pair
x_12_28,x_26_39,8.0,crossing_pair
x_12_28,x_26_42,8.0,crossing_pair
x_12_28,x_26_43,8.0,crossing_pair
x_12_28,x_27_37,8.0,crossing_pair
x_12_28,x_27_38,8.0,crossing_pair
x_12_28,x_27_39,8.0,crossing_pair
x_12_28,x_27_42,8.0,crossing_pair
x_12_28,x_27_43,8.0,crossing_pair
x_12_28,x_28_37,8.0,shared_nucleotide
x_12_28,x_28_38,8.0,shared_nucleotide
x_12_28,x_28_39,8.0,shared_nucleotide
x_12_28,x_28_42,8.0,shared_nucleotide
x_12_28,x_28_43,8.0,shared_nucleotide
x_12_29,x_12_31,8.0,shared_nucleotide
x_12_29,x_12_33,8.0,shared_nucleotide
x_12_29,x_12_34,8.0,shared_nucleotide
x_12_29,x_12_35,8.0,shared_nucleotide
x_12_29,x_12_36,8.0,shared_nucleotide
x_12_29,x_12_40,8.0,shared_nucleotide
x_12_29,x_12_44,8.0,shared_nucleotide
x_12_29,x_13_30,8.0,crossing_pair
x_12_29,x_13_32,8.0,crossing_pair
x_12_29,x_13_37,8.0,crossing_pair
x_12_29,x_13_38,8.0,crossing_pair
x_12_29,x_13_39,8.0,crossing_pair
x_12_29,x_13_41,8.0,crossing_pair
x_12_29,x_13_42,8.0,crossing_pair
x_12_29,x_13_43,8.0,crossing_pair
x_12_29,x_14_29,8.0,shared_nucleotide
x_12_29,x_14_31,8.0,crossing_pair
x_12_29,x_14_33,8.0,crossing_pair
x_12_29,x_14_34,8.0,crossing_pair
x_12_29,x_14_35,8.0,crossing_pair
x_12_29,x_14_36,8.0,crossing_pair
x_12_29,x_14_40,8.0,crossing_pair
x_12_29,x_14_44,8.0,crossing_pair
x_12_29,x_15_34,8.0,crossing_pair
x_12_29,x_15_40,8.0,crossing_pair
x_12_29,x_15_44,8.0,crossing_pair
x_12_29,x_16_30,8.0,crossing_pair
x_12_29,x_16_32,8.0,crossing_pair
x_12_29,x_16_37,8.0,crossing_pair
x_12_29,x_16_38,8.0,crossing_pair
x_12_29,x_16_39,8.0,crossing_pair
x_12_29,x_16_41,8.0,crossing_pair
x_12_29,x_16_42,8.0,crossing_pair
x_12_29,x_16_43,8.0,crossing_pair
x_12_29,x_17_30,8.0,crossing_pair
x_12_29,x_17_37,8.0,crossing_pair
x_12_29,x_17_38,8.0,crossing_pair
x_12_29,x_17_39,8.0,crossing_pair
x_12_29,x_17_42,8.0,crossing_pair
x_12_29,x_17_43,8.0,crossing_pair
x_12_29,x_18_29,8.0,shared_nucleotide
x_12_29,x_18_31,8.0,crossing_pair
x_12_29,x_18_33,8.0,crossing_pair
x_12_29,x_18_34,8.0,crossing_pair
x_12_29,x_18_35,8.0,crossing_pair
x_12_29,x_18_36,8.0,crossing_pair
x_12_29,x_18_40,8.0,crossing_pair
x_12_29,x_18_44,8.0,crossing_pair
x_12_29,x_19_29,8.0,shared_nucleotide
x_12_29,x_19_31,8.0,crossing_pair
x_12_29,x_19_33,8.0,crossing_pair
x_12_29,x_19_34,8.0,crossing_pair
x_12_29,x_19_35,8.0,crossing_pair
x_12_29,x_19_36,8.0,crossing_pair
x_12_29,x_19_40,8.0,crossing_pair
x_12_29,x_19_44,8.0,crossing_pair
x_12_29,x_20_30,8.0,crossing_pair
x_12_29,x_20_32,8.0,crossing_pair
x_12_29,x_20_37,8.0,crossing_pair
x_12_29,x_20_38,8.0,crossing_pair
x_12_29,x_20_39,8.0,crossing_pair
x_12_29,x_20_41,8.0,crossing_pair
x_12_29,x_20_42,8.0,crossing_pair
x_12_29,x_20_43,8.0,crossing_pair
x_12_29,x_21_30,8.0,crossing_pair
x_12_29,x_21_37,8.0,crossing_pair
x_12_29,x_21_38,8.0,crossing_pair
x_12_29,x_21_39,8.0,crossing_pair
x_12_29,x_21_42,8.0,crossing_pair
x_12_29,x_21_43,8.0,crossing_pair
x_12_29,x_22_30,8.0,crossing_pair
x_12_29,x_22_32,8.0,crossing_pair
x_12_29,x_22_37,8.0,crossing_pair
x_12_29,x_22_38,8.0,crossing_pair
x_12_29,x_22_39,8.0,crossing_pair
x_12_29,x_22_41,8.0,crossing_pair
x_12_29,x_22_42,8.0,crossing_pair
x_12_29,x_22_43,8.0,crossing_pair
x_12_29,x_23_30,8.0,crossing_pair
x_12_29,x_23_37,8.0,crossing_pair
x_12_29,x_23_38,8.0,crossing_pair
x_12_29,x_23_39,8.0,crossing_pair
x_12_29,x_23_42,8.0,crossing_pair
x_12_29,x_23_43,8.0,crossing_pair
x_12_29,x_24_30,8.0,crossing_pair
x_12_29,x_24_37,8.0,crossing_pair
x_12_29,x_24_38,8.0,crossing_pair
x_12_29,x_24_39,8.0,crossing_pair
x_12_29,x_24_42,8.0,crossing_pair
x_12_29,x_24_43,8.0,crossing_pair
x_12_29,x_25_34,8.0,crossing_pair
x_12_29,x_25_40,8.0,crossing_pair
x_12_29,x_25_44,8.0,crossing_pair
x_12_29,x_26_30,8.0,crossing_pair
x_12_29,x_26_37,8.0,crossing_pair
x_12_29,x_26_38,8.0,crossing_pair
x_12_29,x_26_39,8.0,crossing_pair
x_12_29,x_26_42,8.0,crossing_pair
x_12_29,x_26_43,8.0,crossing_pair
x_12_29,x_27_37,8.0,crossing_pair
x_12_29,x_27_38,8.0,crossing_pair
x_12_29,x_27_39,8.0,crossing_pair
x_12_29,x_27_42,8.0,crossing_pair
x_12_29,x_27_43,8.0,crossing_pair
x_12_29,x_28_37,8.0,crossing_pair
x_12_29,x_28_38,8.0,crossing_pair
x_12_29,x_28_39,8.0,crossing_pair
x_12_29,x_28_42,8.0,crossing_pair
x_12_29,x_28_43,8.0,crossing_pair
x_12_29,x_29_37,8.0,shared_nucleotide
x_12_29,x_29_38,8.0,shared_nucleotide
x_12_29,x_29_39,8.0,shared_nucleotide
x_12_29,x_29_42,8.0,shared_nucleotide
x_12_29,x_29_43,8.0,shared_nucleotide
x_12_31,x_12_33,8.0,shared_nucleotide
x_12_31,x_12_34,8.0,shared_nucleotide
x_12_31,x_12_35,8.0,shared_nucleotide
x_12_31,x_12_36,8.0,shared_nucleotide
x_12_31,x_12_40,8.0,shared_nucleotide
x_12_31,x_12_44,8.0,shared_nucleotide
x_12_31,x_13_32,8.0,crossing_pair
x_12_31,x_13_37,8.0,crossing_pair
x_12_31,x_13_38,8.0,crossing_pair
x_12_31,x_13_39,8.0,crossing_pair
x_12_31,x_13_41,8.0,crossing_pair
x_12_31,x_13_42,8.0,crossing_pair
x_12_31,x_13_43,8.0,crossing_pair
x_12_31,x_14_31,8.0,shared_nucleotide
x_12_31,x_14_33,8.0,crossing_pair
x_12_31,x_14_34,8.0,crossing_pair
x_12_31,x_14_35,8.0,crossing_pair
x_12_31,x_14_36,8.0,crossing_pair
x_12_31,x_14_40,8.0,crossing_pair
x_12_31,x_14_44,8.0,crossing_pair
x_12_31,x_15_34,8.0,crossing_pair
x_12_31,x_15_40,8.0,crossing_pair
x_12_31,x_15_44,8.0,crossing_pair
x_12_31,x_16_32,8.0,crossing_pair
x_12_31,x_16_37,8.0,crossing_pair
x_12_31,x_16_38,8.0,crossing_pair
x_12_31,x_16_39,8.0,crossing_pair
x_12_31,x_16_41,8.0,crossing_pair
x_12_31,x_16_42,8.0,crossing_pair
x_12_31,x_16_43,8.0,crossing_pair
x_12_31,x_17_37,8.0,crossing_pair
x_12_31,x_17_38,8.0,crossing_pair
x_12_31,x_17_39,8.0,crossing_pair
x_12_31,x_17_42,8.0,crossing_pair
x_12_31,x_17_43,8.0,crossing_pair
x_12_31,x_18_31,8.0,shared_nucleotide
x_12_31,x_18_33,8.0,crossing_pair
x_12_31,x_18_34,8.0,crossing_pair
x_12_31,x_18_35,8.0,crossing_pair
x_12_31,x_18_36,8.0,crossing_pair
x_12_31,x_18_40,8.0,crossing_pair
x_12_31,x_18_44,8.0,crossing_pair
x_12_31,x_19_31,8.0,shared_nucleotide
x_12_31,x_19_33,8.0,crossing_pair
x_12_31,x_19_34,8.0,crossing_pair
x_12_31,x_19_35,8.0,crossing_pair
x_12_31,x_19_36,8.0,crossing_pair
x_12_31,x_19_40,8.0,crossing_pair
x_12_31,x_19_44,8.0,crossing_pair
x_12_31,x_20_32,8.0,crossing_pair
x_12_31,x_20_37,8.0,crossing_pair
x_12_31,x_20_38,8.0,crossing_pair
x_12_31,x_20_39,8.0,crossing_pair
x_12_31,x_20_41,8.0,crossing_pair
x_12_31,x_20_42,8.0,crossing_pair
x_12_31,x_20_43,8.0,crossing_pair
x_12_31,x_21_37,8.0,crossing_pair
x_12_31,x_21_38,8.0,crossing_pair
x_12_31,x_21_39,8.0,crossing_pair
x_12_31,x_21_42,8.0,crossing_pair
x_12_31,x_21_43,8.0,crossing_pair
x_12_31,x_22_32,8.0,crossing_pair
x_12_31,x_22_37,8.0,crossing_pair
x_12_31,x_22_38,8.0,crossing_pair
x_12_31,x_22_39,8.0,crossing_pair
x_12_31,x_22_41,8.0,crossing_pair
x_12_31,x_22_42,8.0,crossing_pair
x_12_31,x_22_43,8.0,crossing_pair
x_12_31,x_23_37,8.0,crossing_pair
x_12_31,x_23_38,8.0,crossing_pair
x_12_31,x_23_39,8.0,crossing_pair
x_12_31,x_23_42,8.0,crossing_pair
x_12_31,x_23_43,8.0,crossing_pair
x_12_31,x_24_37,8.0,crossing_pair
x_12_31,x_24_38,8.0,crossing_pair
x_12_31,x_24_39,8.0,crossing_pair
x_12_31,x_24_42,8.0,crossing_pair
x_12_31,x_24_43,8.0,crossing_pair
x_12_31,x_25_34,8.0,crossing_pair
x_12_31,x_25_40,8.0,crossing_pair
x_12_31,x_25_44,8.0,crossing_pair
x_12_31,x_26_37,8.0,crossing_pair
x_12_31,x_26_38,8.0,crossing_pair
x_12_31,x_26_39,8.0,crossing_pair
x_12_31,x_26_42,8.0,crossing_pair
x_12_31,x_26_43,8.0,crossing_pair
x_12_31,x_27_37,8.0,crossing_pair
x_12_31,x_27_38,8.0,crossing_pair
x_12_31,x_27_39,8.0,crossing_pair
x_12_31,x_27_42,8.0,crossing_pair
x_12_31,x_27_43,8.0,crossing_pair
x_12_31,x_28_37,8.0,crossing_pair
x_12_31,x_28_38,8.0,crossing_pair
x_12_31,x_28_39,8.0,crossing_pair
x_12_31,x_28_42,8.0,crossing_pair
x_12_31,x_28_43,8.0,crossing_pair
x_12_31,x_29_37,8.0,crossing_pair
x_12_31,x_29_38,8.0,crossing_pair
x_12_31,x_29_39,8.0,crossing_pair
x_12_31,x_29_42,8.0,crossing_pair
x_12_31,x_29_43,8.0,crossing_pair
x_12_31,x_30_34,8.0,crossing_pair
x_12_31,x_30_35,8.0,crossing_pair
x_12_31,x_30_36,8.0,crossing_pair
x_12_31,x_30_40,8.0,crossing_pair
x_12_31,x_30_44,8.0,crossing_pair
x_12_31,x_31_37,8.0,shared_nucleotide
x_12_31,x_31_38,8.0,shared_nucleotide
x_12_31,x_31_39,8.0,shared_nucleotide
x_12_31,x_31_42,8.0,shared_nucleotide
x_12_31,x_31_43,8.0,shared_nucleotide
x_12_33,x_12_34,8.0,shared_nucleotide
x_12_33,x_12_35,8.0,shared_nucleotide
x_12_33,x_12_36,8.0,shared_nucleotide
x_12_33,x_12_40,8.0,shared_nucleotide
x_12_33,x_12_44,8.0,shared_nucleotide
x_12_33,x_13_37,8.0,crossing_pair
x_12_33,x_13_38,8.0,crossing_pair
x_12_33,x_13_39,8.0,crossing_pair
x_12_33,x_13_41,8.0,crossing_pair
x_12_33,x_13_42,8.0,crossing_pair
x_12_33,x_13_43,8.0,crossing_pair
x_12_33,x_14_33,8.0,shared_nucleotide
x_12_33,x_14_34,8.0,crossing_pair
x_12_33,x_14_35,8.0,crossing_pair
x_12_33,x_14_36,8.0,crossing_pair
x_12_33,x_14_40,8.0,crossing_pair
x_12_33,x_14_44,8.0,crossing_pair
x_12_33,x_15_34,8.0,crossing_pair
x_12_33,x_15_40,8.0,crossing_pair
x_12_33,x_15_44,8.0,crossing_pair
x_12_33,x_16_37,8.0,crossing_pair
x_12_33,x_16_38,8.0,crossing_pair
x_12_33,x_16_39,8.0,crossing_pair
x_12_33,x_16_41,8.0,crossing_pair
x_12_33,x_16_42,8.0,crossing_pair
x_12_33,x_16_43,8.0,crossing_pair
x_12_33,x_17_37,8.0,crossing_pair
x_12_33,x_17_38,8.0,crossing_pair
x_12_33,x_17_39,8.0,crossing_pair
x_12_33,x_17_42,8.0,crossing_pair
x_12_33,x_17_43,8.0,crossing_pair
x_12_33,x_18_33,8.0,shared_nucleotide
x_12_33,x_18_34,8.0,crossing_pair
x_12_33,x_18_35,8.0,crossing_pair
x_12_33,x_18_36,8.0,crossing_pair
x_12_33,x_18_40,8.0,crossing_pair
x_12_33,x_18_44,8.0,crossing_pair
x_12_33,x_19_33,8.0,shared_nucleotide
x_12_33,x_19_34,8.0,crossing_pair
x_12_33,x_19_35,8.0,crossing_pair
x_12_33,x_19_36,8.0,crossing_pair
x_12_33,x_19_40,8.0,crossing_pair
x_12_33,x_19_44,8.0,crossing_pair
x_12_33,x_20_37,8.0,crossing_pair
x_12_33,x_20_38,8.0,crossing_pair
x_12_33,x_20_39,8.0,crossing_pair
x_12_33,x_20_41,8.0,crossing_pair
x_12_33,x_20_42,8.0,crossing_pair
x_12_33,x_20_43,8.0,crossing_pair
x_12_33,x_21_37,8.0,crossing_pair
x_12_33,x_21_38,8.0,crossing_pair
x_12_33,x_21_39,8.0,crossing_pair
x_12_33,x_21_42,8.0,crossing_pair
x_12_33,x_21_43,8.0,crossing_pair
x_12_33,x_22_37,8.0,crossing_pair
x_12_33,x_22_38,8.0,crossing_pair
x_12_33,x_22_39,8.0,crossing_pair
x_12_33,x_22_41,8.0,crossing_pair
x_12_33,x_22_42,8.0,crossing_pair
x_12_33,x_22_43,8.0,crossing_pair
x_12_33,x_23_37,8.0,crossing_pair
x_12_33,x_23_38,8.0,crossing_pair
x_12_33,x_23_39,8.0,crossing_pair
x_12_33,x_23_42,8.0,crossing_pair
x_12_33,x_23_43,8.0,crossing_pair
x_12_33,x_24_37,8.0,crossing_pair
x_12_33,x_24_38,8.0,crossing_pair
x_12_33,x_24_39,8.0,crossing_pair
x_12_33,x_24_42,8.0,crossing_pair
x_12_33,x_24_43,8.0,crossing_pair
x_12_33,x_25_34,8.0,crossing_pair
x_12_33,x_25_40,8.0,crossing_pair
x_12_33,x_25_44,8.0,crossing_pair
x_12_33,x_26_37,8.0,crossing_pair
x_12_33,x_26_38,8.0,crossing_pair
x_12_33,x_26_39,8.0,crossing_pair
x_12_33,x_26_42,8.0,crossing_pair
x_12_33,x_26_43,8.0,crossing_pair
x_12_33,x_27_37,8.0,crossing_pair
x_12_33,x_27_38,8.0,crossing_pair
x_12_33,x_27_39,8.0,crossing_pair
x_12_33,x_27_42,8.0,crossing_pair
x_12_33,x_27_43,8.0,crossing_pair
x_12_33,x_28_37,8.0,crossing_pair
x_12_33,x_28_38,8.0,crossing_pair
x_12_33,x_28_39,8.0,crossing_pair
x_12_33,x_28_42,8.0,crossing_pair
x_12_33,x_28_43,8.0,crossing_pair
x_12_33,x_29_37,8.0,crossing_pair
x_12_33,x_29_38,8.0,crossing_pair
x_12_33,x_29_39,8.0,crossing_pair
x_12_33,x_29_42,8.0,crossing_pair
x_12_33,x_29_43,8.0,crossing_pair
x_12_33,x_30_34,8.0,crossing_pair
x_12_33,x_30_35,8.0,crossing_pair
x_12_33,x_30_36,8.0,crossing_pair
x_12_33,x_30_40,8.0,crossing_pair
x_12_33,x_30_44,8.0,crossing_pair
x_12_33,x_31_37,8.0,crossing_pair
x_12_33,x_31_38,8.0,crossing_pair
x_12_33,x_31_39,8.0,crossing_pair
x_12_33,x_31_42,8.0,crossing_pair
x_12_33,x_31_43,8.0,crossing_pair
x_12_33,x_32_40,8.0,crossing_pair
x_12_33,x_32_44,8.0,crossing_pair
x_12_33,x_33_37,8.0,shared_nucleotide
x_12_33,x_33_38,8.0,shared_nucleotide
x_12_33,x_33_39,8.0,shared_nucleotide
x_12_33,x_33_42,8.0,shared_nucleotide
x_12_33,x_33_43,8.0,shared_nucleotide
x_12_34,x_12_35,8.0,shared_nucleotide
x_12_34,x_12_36,8.0,shared_nucleotide
x_12_34,x_12_40,8.0,shared_nucleotide
x_12_34,x_12_44,8.0,shared_nucleotide
x_12_34,x_13_37,8.0,crossing_pair
x_12_34,x_13_38,8.0,crossing_pair
x_12_34,x_13_39,8.0,crossing_pair
x_12_34,x_13_41,8.0,crossing_pair
x_12_34,x_13_42,8.0,crossing_pair
x_12_34,x_13_43,8.0,crossing_pair
x_12_34,x_14_34,8.0,shared_nucleotide
x_12_34,x_14_35,8.0,crossing_pair
x_12_34,x_14_36,8.0,crossing_pair
x_12_34,x_14_40,8.0,crossing_pair
x_12_34,x_14_44,8.0,crossing_pair
x_12_34,x_15_34,8.0,shared_nucleotide
x_12_34,x_15_40,8.0,crossing_pair
x_12_34,x_15_44,8.0,crossing_pair
x_12_34,x_16_37,8.0,crossing_pair
x_12_34,x_16_38,8.0,crossing_pair
x_12_34,x_16_39,8.0,crossing_pair
x_12_34,x_16_41,8.0,crossing_pair
x_12_34,x_16_42,8.0,crossing_pair
x_12_34,x_16_43,8.0,crossing_pair
x_12_34,x_17_37,8.0,crossing_pair
x_12_34,x_17_38,8.0,crossing_pair
x_12_34,x_17_39,8.0,crossing_pair
x_12_34,x_17_42,8.0,crossing_pair
x_12_34,x_17_43,8.0,crossing_pair
x_12_34,x_18_34,8.0,shared_nucleotide
x_12_34,x_18_35,8.0,crossing_pair
x_12_34,x_18_36,8.0,crossing_pair
x_12_34,x_18_40,8.0,crossing_pair
x_12_34,x_18_44,8.0,crossing_pair
x_12_34,x_19_34,8.0,shared_nucleotide
x_12_34,x_19_35,8.0,crossing_pair
x_12_34,x_19_36,8.0,crossing_pair
x_12_34,x_19_40,8.0,crossing_pair
x_12_34,x_19_44,8.0,crossing_pair
x_12_34,x_20_37,8.0,crossing_pair
x_12_34,x_20_38,8.0,crossing_pair
x_12_34,x_20_39,8.0,crossing_pair
x_12_34,x_20_41,8.0,crossing_pair
x_12_34,x_20_42,8.0,crossing_pair
x_12_34,x_20_43,8.0,crossing_pair
x_12_34,x_21_37,8.0,crossing_pair
x_12_34,x_21_38,8.0,crossing_pair
x_12_34,x_21_39,8.0,crossing_pair
x_12_34,x_21_42,8.0,crossing_pair
x_12_34,x_21_43,8.0,crossing_pair
x_12_34,x_22_37,8.0,crossing_pair
x_12_34,x_22_38,8.0,crossing_pair
x_12_34,x_22_39,8.0,crossing_pair
x_12_34,x_22_41,8.0,crossing_pair
x_12_34,x_22_42,8.0,crossing_pair
x_12_34,x_22_43,8.0,crossing_pair
x_12_34,x_23_37,8.0,crossing_pair
x_12_34,x_23_38,8.0,crossing_pair
x_12_34,x_23_39,8.0,crossing_pair
x_12_34,x_23_42,8.0,crossing_pair
x_12_34,x_23_43,8.0,crossing_pair
x_12_34,x_24_37,8.0,crossing_pair
x_12_34,x_24_38,8.0,crossing_pair
x_12_34,x_24_39,8.0,crossing_pair
x_12_34,x_24_42,8.0,crossing_pair
x_12_34,x_24_43,8.0,crossing_pair
x_12_34,x_25_34,8.0,shared_nucleotide
x_12_34,x_25_40,8.0,crossing_pair
x_12_34,x_25_44,8.0,crossing_pair
x_12_34,x_26_37,8.0,crossing_pair
x_12_34,x_26_38,8.0,crossing_pair
x_12_34,x_26_39,8.0,crossing_pair
x_12_34,x_26_42,8.0,crossing_pair
x_12_34,x_26_43,8.0,crossing_pair
x_12_34,x_27_37,8.0,crossing_pair
x_12_34,x_27_38,8.0,crossing_pair
x_12_34,x_27_39,8.0,crossing_pair
x_12_34,x_27_42,8.0,crossing_pair
x_12_34,x_27_43,8.0,crossing_pair
x_12_34,x_28_37,8.0,crossing_pair
x_12_34,x_28_38,8.0,crossing_pair
x_12_34,x_28_39,8.0,crossing_pair
x_12_34,x_28_42,8.0,crossing_pair
x_12_34,x_28_43,8.0,crossing_pair
x_12_34,x_29_37,8.0,crossing_pair
x_12_34,x_29_38,8.0,crossing_pair
x_12_34,x_29_39,8.0,crossing_pair
x_12_34,x_29_42,8.0,crossing_pair
x_12_34,x_29_43,8.0,crossing_pair
x_12_34,x_30_34,8.0,shared_nucleotide
x_12_34,x_30_35,8.0,crossing_pair
x_12_34,x_30_36,8.0,crossing_pair
x_12_34,x_30_40,8.0,crossing_pair
x_12_34,x_30_44,8.0,crossing_pair
x_12_34,x_31_37,8.0,crossing_pair
x_12_34,x_31_38,8.0,crossing_pair
x_12_34,x_31_39,8.0,crossing_pair
x_12_34,x_31_42,8.0,crossing_pair
x_12_34,x_31_43,8.0,crossing_pair
x_12_34,x_32_40,8.0,crossing_pair
x_12_34,x_32_44,8.0,crossing_pair
x_12_34,x_33_37,8.0,crossing_pair
x_12_34,x_33_38,8.0,crossing_pair
x_12_34,x_33_39,8.0,crossing_pair
x_12_34,x_33_42,8.0,crossing_pair
x_12_34,x_33_43,8.0,crossing_pair
x_12_34,x_34_38,8.0,shared_nucleotide
x_12_34,x_34_39,8.0,shared_nucleotide
x_12_34,x_34_41,8.0,shared_nucleotide
x_12_34,x_34_42,8.0,shared_nucleotide
x_12_34,x_34_43,8.0,shared_nucleotide
x_12_35,x_12_36,8.0,shared_nucleotide
x_12_35,x_12_40,8.0,shared_nucleotide
x_12_35,x_12_44,8.0,shared_nucleotide
x_12_35,x_13_37,8.0,crossing_pair
x_12_35,x_13_38,8.0,crossing_pair
x_12_35,x_13_39,8.0,crossing_pair
x_12_35,x_13_41,8.0,crossing_pair
x_12_35,x_13_42,8.0,crossing_pair
x_12_35,x_13_43,8.0,crossing_pair
x_12_35,x_14_35,8.0,shared_nucleotide
x_12_35,x_14_36,8.0,crossing_pair
x_12_35,x_14_40,8.0,crossing_pair
x_12_35,x_14_44,8.0,crossing_pair
x_12_35,x_15_40,8.0,crossing_pair
x_12_35,x_15_44,8.0,crossing_pair
x_12_35,x_16_37,8.0,crossing_pair
x_12_35,x_16_38,8.0,crossing_pair
x_12_35,x_16_39,8.0,crossing_pair
x_12_35,x_16_41,8.0,crossing_pair
x_12_35,x_16_42,8.0,crossing_pair
x_12_35,x_16_43,8.0,crossing_pair
x_12_35,x_17_37,8.0,crossing_pair
x_12_35,x_17_38,8.0,crossing_pair
x_12_35,x_17_39,8.0,crossing_pair
x_12_35,x_17_42,8.0,crossing_pair
x_12_35,x_17_43,8.0,crossing_pair
x_12_35,x_18_35,8.0,shared_nucleotide
x_12_35,x_18_36,8.0,crossing_pair
x_12_35,x_18_40,8.0,crossing_pair
x_12_35,x_18_44,8.0,crossing_pair
x_12_35,x_19_35,8.0,shared_nucleotide
x_12_35,x_19_36,8.0,crossing_pair
x_12_35,x_19_40,8.0,crossing_pair
x_12_35,x_19_44,8.0,crossing_pair
x_12_35,x_20_37,8.0,crossing_pair
x_12_35,x_20_38,8.0,crossing_pair
x_12_35,x_20_39,8.0,crossing_pair
x_12_35,x_20_41,8.0,crossing_pair
x_12_35,x_20_42,8.0,crossing_pair
x_12_35,x_20_43,8.0,crossing_pair
x_12_35,x_21_37,8.0,crossing_pair
x_12_35,x_21_38,8.0,crossing_pair
x_12_35,x_21_39,8.0,crossing_pair
x_12_35,x_21_42,8.0,crossing_pair
x_12_35,x_21_43,8.0,crossing_pair
x_12_35,x_22_37,8.0,crossing_pair
x_12_35,x_22_38,8.0,crossing_pair
x_12_35,x_22_39,8.0,crossing_pair
x_12_35,x_22_41,8.0,crossing_pair
x_12_35,x_22_42,8.0,crossing_pair
x_12_35,x_22_43,8.0,crossing_pair
x_12_35,x_23_37,8.0,crossing_pair
x_12_35,x_23_38,8.0,crossing_pair
x_12_35,x_23_39,8.0,crossing_pair
x_12_35,x_23_42,8.0,crossing_pair
x_12_35,x_23_43,8.0,crossing_pair
x_12_35,x_24_37,8.0,crossing_pair
x_12_35,x_24_38,8.0,crossing_pair
x_12_35,x_24_39,8.0,crossing_pair
x_12_35,x_24_42,8.0,crossing_pair
x_12_35,x_24_43,8.0,crossing_pair
x_12_35,x_25_40,8.0,crossing_pair
x_12_35,x_25_44,8.0,crossing_pair
x_12_35,x_26_37,8.0,crossing_pair
x_12_35,x_26_38,8.0,crossing_pair
x_12_35,x_26_39,8.0,crossing_pair
x_12_35,x_26_42,8.0,crossing_pair
x_12_35,x_26_43,8.0,crossing_pair
x_12_35,x_27_37,8.0,crossing_pair
x_12_35,x_27_38,8.0,crossing_pair
x_12_35,x_27_39,8.0,crossing_pair
x_12_35,x_27_42,8.0,crossing_pair
x_12_35,x_27_43,8.0,crossing_pair
x_12_35,x_28_37,8.0,crossing_pair
x_12_35,x_28_38,8.0,crossing_pair
x_12_35,x_28_39,8.0,crossing_pair
x_12_35,x_28_42,8.0,crossing_pair
x_12_35,x_28_43,8.0,crossing_pair
x_12_35,x_29_37,8.0,crossing_pair
x_12_35,x_29_38,8.0,crossing_pair
x_12_35,x_29_39,8.0,crossing_pair
x_12_35,x_29_42,8.0,crossing_pair
x_12_35,x_29_43,8.0,crossing_pair
x_12_35,x_30_35,8.0,shared_nucleotide
x_12_35,x_30_36,8.0,crossing_pair
x_12_35,x_30_40,8.0,crossing_pair
x_12_35,x_30_44,8.0,crossing_pair
x_12_35,x_31_37,8.0,crossing_pair
x_12_35,x_31_38,8.0,crossing_pair
x_12_35,x_31_39,8.0,crossing_pair
x_12_35,x_31_42,8.0,crossing_pair
x_12_35,x_31_43,8.0,crossing_pair
x_12_35,x_32_40,8.0,crossing_pair
x_12_35,x_32_44,8.0,crossing_pair
x_12_35,x_33_37,8.0,crossing_pair
x_12_35,x_33_38,8.0,crossing_pair
x_12_35,x_33_39,8.0,crossing_pair
x_12_35,x_33_42,8.0,crossing_pair
x_12_35,x_33_43,8.0,crossing_pair
x_12_35,x_34_38,8.0,crossing_pair
x_12_35,x_34_39,8.0,crossing_pair
x_12_35,x_34_41,8.0,crossing_pair
x_12_35,x_34_42,8.0,crossing_pair
x_12_35,x_34_43,8.0,crossing_pair
x_12_35,x_35_39,8.0,shared_nucleotide
x_12_35,x_35_42,8.0,shared_nucleotide
x_12_35,x_35_43,8.0,shared_nucleotide
x_12_36,x_12_40,8.0,shared_nucleotide
x_12_36,x_12_44,8.0,shared_nucleotide
x_12_36,x_13_37,8.0,crossing_pair
x_12_36,x_13_38,8.0,crossing_pair
x_12_36,x_13_39,8.0,crossing_pair
x_12_36,x_13_41,8.0,crossing_pair
x_12_36,x_13_42,8.0,crossing_pair
x_12_36,x_13_43,8.0,crossing_pair
x_12_36,x_14_36,8.0,shared_nucleotide
x_12_36,x_14_40,8.0,crossing_pair
x_12_36,x_14_44,8.0,crossing_pair
x_12_36,x_15_40,8.0,crossing_pair
x_12_36,x_15_44,8.0,crossing_pair
x_12_36,x_16_37,8.0,crossing_pair
x_12_36,x_16_38,8.0,crossing_pair
x_12_36,x_16_39,8.0,crossing_pair
x_12_36,x_16_41,8.0,crossing_pair
x_12_36,x_16_42,8.0,crossing_pair
x_12_36,x_16_43,8.0,crossing_pair
x_12_36,x_17_37,8.0,crossing_pair
x_12_36,x_17_38,8.0,crossing_pair
x_12_36,x_17_39,8.0,crossing_pair
x_12_36,x_17_42,8.0,crossing_pair
x_12_36,x_17_43,8.0,crossing_pair
x_12_36,x_18_36,8.0,shared_nucleotide
x_12_36,x_18_40,8.0,crossing_pair
x_12_36,x_18_44,8.0,crossing_pair
x_12_36,x_19_36,8.0,shared_nucleotide
x_12_36,x_19_40,8.0,crossing_pair
x_12_36,x_19_44,8.0,crossing_pair
x_12_36,x_20_37,8.0,crossing_pair
x_12_36,x_20_38,8.0,crossing_pair
x_12_36,x_20_39,8.0,crossing_pair
x_12_36,x_20_41,8.0,crossing_pair
x_12_36,x_20_42,8.0,crossing_pair
x_12_36,x_20_43,8.0,crossing_pair
x_12_36,x_21_37,8.0,crossing_pair
x_12_36,x_21_38,8.0,crossing_pair
x_12_36,x_21_39,8.0,crossing_pair
x_12_36,x_21_42,8.0,crossing_pair
x_12_36,x_21_43,8.0,crossing_pair
x_12_36,x_22_37,8.0,crossing_pair
x_12_36,x_22_38,8.0,crossing_pair
x_12_36,x_22_39,8.0,crossing_pair
x_12_36,x_22_41,8.0,crossing_pair
x_12_36,x_22_42,8.0,crossing_pair
x_12_36,x_22_43,8.0,crossing_pair
x_12_36,x_23_37,8.0,crossing_pair
x_12_36,x_23_38,8.0,crossing_pair
x_12_36,x_23_39,8.0,crossing_pair
x_12_36,x_23_42,8.0,crossing_pair
x_12_36,x_23_43,8.0,crossing_pair
x_12_36,x_24_37,8.0,crossing_pair
x_12_36,x_24_38,8.0,crossing_pair
x_12_36,x_24_39,8.0,crossing_pair
x_12_36,x_24_42,8.0,crossing_pair
x_12_36,x_24_43,8.0,crossing_pair
x_12_36,x_25_40,8.0,crossing_pair
x_12_36,x_25_44,8.0,crossing_pair
x_12_36,x_26_37,8.0,crossing_pair
x_12_36,x_26_38,8.0,crossing_pair
x_12_36,x_26_39,8.0,crossing_pair
x_12_36,x_26_42,8.0,crossing_pair
x_12_36,x_26_43,8.0,crossing_pair
x_12_36,x_27_37,8.0,crossing_pair
x_12_36,x_27_38,8.0,crossing_pair
x_12_36,x_27_39,8.0,crossing_pair
x_12_36,x_27_42,8.0,crossing_pair
x_12_36,x_27_43,8.0,crossing_pair
x_12_36,x_28_37,8.0,crossing_pair
x_12_36,x_28_38,8.0,crossing_pair
x_12_36,x_28_39,8.0,crossing_pair
x_12_36,x_28_42,8.0,crossing_pair
x_12_36,x_28_43,8.0,crossing_pair
x_12_36,x_29_37,8.0,crossing_pair
x_12_36,x_29_38,8.0,crossing_pair
x_12_36,x_29_39,8.0,crossing_pair
x_12_36,x_29_42,8.0,crossing_pair
x_12_36,x_29_43,8.0,crossing_pair
x_12_36,x_30_36,8.0,shared_nucleotide
x_12_36,x_30_40,8.0,crossing_pair
x_12_36,x_30_44,8.0,crossing_pair
x_12_36,x_31_37,8.0,crossing_pair
x_12_36,x_31_38,8.0,crossing_pair
x_12_36,x_31_39,8.0,crossing_pair
x_12_36,x_31_42,8.0,crossing_pair
x_12_36,x_31_43,8.0,crossing_pair
x_12_36,x_32_40,8.0,crossing_pair
x_12_36,x_32_44,8.0,crossing_pair
x_12_36,x_33_37,8.0,crossing_pair
x_12_36,x_33_38,8.0,crossing_pair
x_12_36,x_33_39,8.0,crossing_pair
x_12_36,x_33_42,8.0,crossing_pair
x_12_36,x_33_43,8.0,crossing_pair
x_12_36,x_34_38,8.0,crossing_pair
x_12_36,x_34_39,8.0,crossing_pair
x_12_36,x_34_41,8.0,crossing_pair
x_12_36,x_34_42,8.0,crossing_pair
x_12_36,x_34_43,8.0,crossing_pair
x_12_36,x_35_39,8.0,crossing_pair
x_12_36,x_35_42,8.0,crossing_pair
x_12_36,x_35_43,8.0,crossing_pair
x_12_36,x_36_42,8.0,shared_nucleotide
x_12_36,x_36_43,8.0,shared_nucleotide
x_12_40,x_12_44,8.0,shared_nucleotide
x_12_40,x_13_41,8.0,crossing_pair
x_12_40,x_13_42,8.0,crossing_pair
x_12_40,x_13_43,8.0,crossing_pair
x_12_40,x_14_40,8.0,shared_nucleotide
x_12_40,x_14_44,8.0,crossing_pair
x_12_40,x_15_40,8.0,shared_nucleotide
x_12_40,x_15_44,8.0,crossing_pair
x_12_40,x_16_41,8.0,crossing_pair
x_12_40,x_16_42,8.0,crossing_pair
x_12_40,x_16_43,8.0,crossing_pair
x_12_40,x_17_42,8.0,crossing_pair
x_12_40,x_17_43,8.0,crossing_pair
x_12_40,x_18_40,8.0,shared_nucleotide
x_12_40,x_18_44,8.0,crossing_pair
x_12_40,x_19_40,8.0,shared_nucleotide
x_12_40,x_19_44,8.0,crossing_pair
x_12_40,x_20_41,8.0,crossing_pair
x_12_40,x_20_42,8.0,crossing_pair
x_12_40,x_20_43,8.0,crossing_pair
x_12_40,x_21_42,8.0,crossing_pair
x_12_40,x_21_43,8.0,crossing_pair
x_12_40,x_22_41,8.0,crossing_pair
x_12_40,x_22_42,8.0,crossing_pair
x_12_40,x_22_43,8.0,crossing_pair
x_12_40,x_23_42,8.0,crossing_pair
x_12_40,x_23_43,8.0,crossing_pair
x_12_40,x_24_42,8.0,crossing_pair
x_12_40,x_24_43,8.0,crossing_pair
x_12_40,x_25_40,8.0,shared_nucleotide
x_12_40,x_25_44,8.0,crossing_pair
x_12_40,x_26_42,8.0,crossing_pair
x_12_40,x_26_43,8.0,crossing_pair
x_12_40,x_27_42,8.0,crossing_pair
x_12_40,x_27_43,8.0,crossing_pair
x_12_40,x_28_42,8.0,crossing_pair
x_12_40,x_28_43,8.0,crossing_pair
x_12_40,x_29_42,8.0,crossing_pair
x_12_40,x_29_43,8.0,crossing_pair
x_12_40,x_30_40,8.0,shared_nucleotide
x_12_40,x_30_44,8.0,crossing_pair
x_12_40,x_31_42,8.0,crossing_pair
x_12_40,x_31_43,8.0,crossing_pair
x_12_40,x_32_40,8.0,shared_nucleotide
x_12_40,x_32_44,8.0,crossing_pair
x_12_40,x_33_42,8.0,crossing_pair
x_12_40,x_33_43,8.0,crossing_pair
x_12_40,x_34_41,8.0,crossing_pair
x_12_40,x_34_42,8.0,crossing_pair
x_12_40,x_34_43,8.0,crossing_pair
x_12_40,x_35_42,8.0,crossing_pair
x_12_40,x_35_43,8.0,crossing_pair
x_12_40,x_36_42,8.0,crossing_pair
x_12_40,x_36_43,8.0,crossing_pair
x_12_40,x_37_44,8.0,crossing_pair
x_12_40,x_38_44,8.0,crossing_pair
x_12_40,x_39_44,8.0,crossing_pair
x_12_44,x_14_44,8.0,shared_nucleotide
x_12_44,x_15_44,8.0,shared_nucleotide
x_12_44,x_18_44,8.0,shared_nucleotide
x_12_44,x_19_44,8.0,shared_nucleotide
x_12_44,x_25_44,8.0,shared_nucleotide
x_12_44,x_30_44,8.0,shared_nucleotide
x_12_44,x_32_44,8.0,shared_nucleotide
x_12_44,x_37_44,8.0,shared_nucleotide
x_12_44,x_38_44,8.0,shared_nucleotide
x_12_44,x_39_44,8.0,shared_nucleotide
x_13_18,x_13_19,8.0,shared_nucleotide
x_13_18,x_13_25,8.0,shared_nucleotide
x_13_18,x_13_30,8.0,shared_nucleotide
x_13_18,x_13_32,8.0,shared_nucleotide
x_13_18,x_13_37,8.0,shared_nucleotide
x_13_18,x_13_38,8.0,shared_nucleotide
x_13_18,x_13_39,8.0,shared_nucleotide
x_13_18,x_13_41,8.0,shared_nucleotide
x_13_18,x_13_42,8.0,shared_nucleotide
x_13_18,x_13_43,8.0,shared_nucleotide
x_13_18,x_14_20,8.0,crossing_pair
x_13_18,x_14_21,8.0,crossing_pair
x_13_18,x_14_22,8.0,crossing_pair
x_13_18,x_14_23,8.0,crossing_pair
x_13_18,x_14_24,8.0,crossing_pair
x_13_18,x_14_26,8.0,crossing_pair
x_13_18,x_14_27,8.0,crossing_pair
x_13_18,x_14_28,8.0,crossing_pair
x_13_18,x_14_29,8.0,crossing_pair
x_13_18,x_14_31,8.0,crossing_pair
x_13_18,x_14_33,8.0,crossing_pair
x_13_18,x_14_34,8.0,crossing_pair
x_13_18,x_14_35,8.0,crossing_pair
x_13_18,x_14_36,8.0,crossing_pair
x_13_18,x_14_40,8.0,crossing_pair
x_13_18,x_14_44,8.0,crossing_pair
x_13_18,x_15_20,8.0,crossing_pair
x_13_18,x_15_22,8.0,crossing_pair
x_13_18,x_15_34,8.0,crossing_pair
x_13_18,x_15_40,8.0,crossing_pair
x_13_18,x_15_44,8.0,crossing_pair
x_13_18,x_16_25,8.0,crossing_pair
x_13_18,x_16_30,8.0,crossing_pair
x_13_18,x_16_32,8.0,crossing_pair
x_13_18,x_16_37,8.0,crossing_pair
x_13_18,x_16_38,8.0,crossing_pair
x_13_18,x_16_39,8.0,crossing_pair
x_13_18,x_16_41,8.0,crossing_pair
x_13_18,x_16_42,8.0,crossing_pair
x_13_18,x_16_43,8.0,crossing_pair
x_13_18,x_17_30,8.0,crossing_pair
x_13_18,x_17_37,8.0,crossing_pair
x_13_18,x_17_38,8.0,crossing_pair
x_13_18,x_17_39,8.0,crossing_pair
x_13_18,x_17_42,8.0,crossing_pair
x_13_18,x_17_43,8.0,crossing_pair
x_13_18,x_18_22,8.0,shared_nucleotide
x_13_18,x_18_23,8.0,shared_nucleotide
x_13_18,x_18_24,8.0,shared_nucleotide
x_13_18,x_18_26,8.0,shared_nucleotide
x_13_18,x_18_27,8.0,shared_nucleotide
x_13_18,x_18_28,8.0,shared_nucleotide
x_13_18,x_18_29,8.0,shared_nucleotide
x_13_18,x_18_31,8.0,shared_nucleotide
x_13_18,x_18_33,8.0,shared_nucleotide
x_13_18,x_18_34,8.0,shared_nucleotide
x_13_18,x_18_35,8.0,shared_nucleotide
x_13_18,x_18_36,8.0,shared_nucleotide
x_13_18,x_18_40,8.0,shared_nucleotide
x_13_18,x_18_44,8.0,shared_nucleotide
x_13_19,x_13_25,8.0,shared_nucleotide
x_13_19,x_13_30,8.0,shared_nucleotide
x_13_19,x_13_32,8.0,shared_nucleotide
x_13_19,x_13_37,8.0,shared_nucleotide
x_13_19,x_13_38,8.0,shared_nucleotide
x_13_19,x_13_39,8.0,shared_nucleotide
x_13_19,x_13_41,8.0,shared_nucleotide
x_13_19,x_13_42,8.0,shared_nucleotide
x_13_19,x_13_43,8.0,shared_nucleotide
x_13_19,x_14_20,8.0,crossing_pair
x_13_19,x_14_21,8.0,crossing_pair
x_13_19,x_14_22,8.0,crossing_pair
x_13_19,x_14_23,8.0,crossing_pair
x_13_19,x_14_24,8.0,crossing_pair
x_13_19,x_14_26,8.0,crossing_pair
x_13_19,x_14_27,8.0,crossing_pair
x_13_19,x_14_28,8.0,crossing_pair
x_13_19,x_14_29,8.0,crossing_pair
x_13_19,x_14_31,8.0,crossing_pair
x_13_19,x_14_33,8.0,crossing_pair
x_13_19,x_14_34,8.0,crossing_pair
x_13_19,x_14_35,8.0,crossing_pair
x_13_19,x_14_36,8.0,crossing_pair
x_13_19,x_14_40,8.0,crossing_pair
x_13_19,x_14_44,8.0,crossing_pair
x_13_19,x_15_20,8.0,crossing_pair
x_13_19,x_15_22,8.0,crossing_pair
x_13_19,x_15_34,8.0,crossing_pair
x_13_19,x_15_40,8.0,crossing_pair
x_13_19,x_15_44,8.0,crossing_pair
x_13_19,x_16_25,8.0,crossing_pair
x_13_19,x_16_30,8.0,crossing_pair
x_13_19,x_16_32,8.0,crossing_pair
x_13_19,x_16_37,8.0,crossing_pair
x_13_19,x_16_38,8.0,crossing_pair
x_13_19,x_16_39,8.0,crossing_pair
x_13_19,x_16_41,8.0,crossing_pair
x_13_19,x_16_42,8.0,crossing_pair
x_13_19,x_16_43,8.0,crossing_pair
x_13_19,x_17_30,8.0,crossing_pair
x_13_19,x_17_37,8.0,crossing_pair
x_13_19,x_17_38,8.0,crossing_pair
x_13_19,x_17_39,8.0,crossing_pair
x_13_19,x_17_42,8.0,crossing_pair
x_13_19,x_17_43,8.0,crossing_pair
x_13_19,x_18_22,8.0,crossing_pair
x_13_19,x_18_23,8.0,crossing_pair
x_13_19,x_18_24,8.0,crossing_pair
x_13_19,x_18_26,8.0,crossing_pair
x_13_19,x_18_27,8.0,crossing_pair
x_13_19,x_18_28,8.0,crossing_pair
x_13_19,x_18_29,8.0,crossing_pair
x_13_19,x_18_31,8.0,crossing_pair
x_13_19,x_18_33,8.0,crossing_pair
x_13_19,x_18_34,8.0,crossing_pair
x_13_19,x_18_35,8.0,crossing_pair
x_13_19,x_18_36,8.0,crossing_pair
x_13_19,x_18_40,8.0,crossing_pair
x_13_19,x_18_44,8.0,crossing_pair
x_13_19,x_19_23,8.0,shared_nucleotide
x_13_19,x_19_24,8.0,shared_nucleotide
x_13_19,x_19_26,8.0,shared_nucleotide
x_13_19,x_19_27,8.0,shared_nucleotide
x_13_19,x_19_28,8.0,shared_nucleotide
x_13_19,x_19_29,8.0,shared_nucleotide
x_13_19,x_19_31,8.0,shared_nucleotide
x_13_19,x_19_33,8.0,shared_nucleotide
x_13_19,x_19_34,8.0,shared_nucleotide
x_13_19,x_19_35,8.0,shared_nucleotide
x_13_19,x_19_36,8.0,shared_nucleotide
x_13_19,x_19_40,8.0,shared_nucleotide
x_13_19,x_19_44,8.0,shared_nucleotide
x_13_25,x_13_30,8.0,shared_nucleotide
x_13_25,x_13_32,8.0,shared_nucleotide
x_13_25,x_13_37,8.0,shared_nucleotide
x_13_25,x_13_38,8.0,shared_nucleotide
x_13_25,x_13_39,8.0,shared_nucleotide
x_13_25,x_13_41,8.0,shared_nucleotide
x_13_25,x_13_42,8.0,shared_nucleotide
x_13_25,x_13_43,8.0,shared_nucleotide
x_13_25,x_14_26,8.0,crossing_pair
x_13_25,x_14_27,8.0,crossing_pair
x_13_25,x_14_28,8.0,crossing_pair
x_13_25,x_14_29,8.0,crossing_pair
x_13_25,x_14_31,8.0,crossing_pair
x_13_25,x_14_33,8.0,crossing_pair
x_13_25,x_14_34,8.0,crossing_pair
x_13_25,x_14_35,8.0,crossing_pair
x_13_25,x_14_36,8.0,crossing_pair
x_13_25,x_14_40,8.0,crossing_pair
x_13_25,x_14_44,8.0,crossing_pair
x_13_25,x_15_34,8.0,crossing_pair
x_13_25,x_15_40,8.0,crossing_pair
x_13_25,x_15_44,8.0,crossing_pair
x_13_25,x_16_25,8.0,shared_nucleotide
x_13_25,x_16_30,8.0,crossing_pair
x_13_25,x_16_32,8.0,crossing_pair
x_13_25,x_16_37,8.0,crossing_pair
x_13_25,x_16_38,8.0,crossing_pair
x_13_25,x_16_39,8.0,crossing_pair
x_13_25,x_16_41,8.0,crossing_pair
x_13_25,x_16_42,8.0,crossing_pair
x_13_25,x_16_43,8.0,crossing_pair
x_13_25,x_17_30,8.0,crossing_pair
x_13_25,x_17_37,8.0,crossing_pair
x_13_25,x_17_38,8.0,crossing_pair
x_13_25,x_17_39,8.0,crossing_pair
x_13_25,x_17_42,8.0,crossing_pair
x_13_25,x_17_43,8.0,crossing_pair
x_13_25,x_18_26,8.0,crossing_pair
x_13_25,x_18_27,8.0,crossing_pair
x_13_25,x_18_28,8.0,crossing_pair
x_13_25,x_18_29,8.0,crossing_pair
x_13_25,x_18_31,8.0,crossing_pair
x_13_25,x_18_33,8.0,crossing_pair
x_13_25,x_18_34,8.0,crossing_pair
x_13_25,x_18_35,8.0,crossing_pair
x_13_25,x_18_36,8.0,crossing_pair
x_13_25,x_18_40,8.0,crossing_pair
x_13_25,x_18_44,8.0,crossing_pair
x_13_25,x_19_26,8.0,crossing_pair
x_13_25,x_19_27,8.0,crossing_pair
x_13_25,x_19_28,8.0,crossing_pair
x_13_25,x_19_29,8.0,crossing_pair
x_13_25,x_19_31,8.0,crossing_pair
x_13_25,x_19_33,8.0,crossing_pair
x_13_25,x_19_34,8.0,crossing_pair
x_13_25,x_19_35,8.0,crossing_pair
x_13_25,x_19_36,8.0,crossing_pair
x_13_25,x_19_40,8.0,crossing_pair
x_13_25,x_19_44,8.0,crossing_pair
x_13_25,x_20_25,8.0,shared_nucleotide
x_13_25,x_20_30,8.0,crossing_pair
x_13_25,x_20_32,8.0,crossing_pair
x_13_25,x_20_37,8.0,crossing_pair
x_13_25,x_20_38,8.0,crossing_pair
x_13_25,x_20_39,8.0,crossing_pair
x_13_25,x_20_41,8.0,crossing_pair
x_13_25,x_20_42,8.0,crossing_pair
x_13_25,x_20_43,8.0,crossing_pair
x_13_25,x_21_30,8.0,crossing_pair
x_13_25,x_21_37,8.0,crossing_pair
x_13_25,x_21_38,8.0,crossing_pair
x_13_25,x_21_39,8.0,crossing_pair
x_13_25,x_21_42,8.0,crossing_pair
x_13_25,x_21_43,8.0,crossing_pair
x_13_25,x_22_30,8.0,crossing_pair
x_13_25,x_22_32,8.0,crossing_pair
x_13_25,x_22_37,8.0,crossing_pair
x_13_25,x_22_38,8.0,crossing_pair
x_13_25,x_22_39,8.0,crossing_pair
x_13_25,x_22_41,8.0,crossing_pair
x_13_25,x_22_42,8.0,crossing_pair
x_13_25,x_22_43,8.0,crossing_pair
x_13_25,x_23_30,8.0,crossing_pair
x_13_25,x_23_37,8.0,crossing_pair
x_13_25,x_23_38,8.0,crossing_pair
x_13_25,x_23_39,8.0,crossing_pair
x_13_25,x_23_42,8.0,crossing_pair
x_13_25,x_23_43,8.0,crossing_pair
x_13_25,x_24_30,8.0,crossing_pair
x_13_25,x_24_37,8.0,crossing_pair
x_13_25,x_24_38,8.0,crossing_pair
x_13_25,x_24_39,8.0,crossing_pair
x_13_25,x_24_42,8.0,crossing_pair
x_13_25,x_24_43,8.0,crossing_pair
x_13_25,x_25_34,8.0,shared_nucleotide
x_13_25,x_25_40,8.0,shared_nucleotide
x_13_25,x_25_44,8.0,shared_nucleotide
x_13_30,x_13_32,8.0,shared_nucleotide
x_13_30,x_13_37,8.0,shared_nucleotide
x_13_30,x_13_38,8.0,shared_nucleotide
x_13_30,x_13_39,8.0,shared_nucleotide
x_13_30,x_13_41,8.0,shared_nucleotide
x_13_30,x_13_42,8.0,shared_nucleotide
x_13_30,x_13_43,8.0,shared_nucleotide
x_13_30,x_14_31,8.0,crossing_pair
x_13_30,x_14_33,8.0,crossing_pair
x_13_30,x_14_34,8.0,crossing_pair
x_13_30,x_14_35,8.0,crossing_pair
x_13_30,x_14_36,8.0,crossing_pair
x_13_30,x_14_40,8.0,crossing_pair
x_13_30,x_14_44,8.0,crossing_pair
x_13_30,x_15_34,8.0,crossing_pair
x_13_30,x_15_40,8.0,crossing_pair
x_13_30,x_15_44,8.0,crossing_pair
x_13_30,x_16_30,8.0,shared_nucleotide
x_13_30,x_16_32,8.0,crossing_pair
x_13_30,x_16_37,8.0,crossing_pair
x_13_30,x_16_38,8.0,crossing_pair
x_13_30,x_16_39,8.0,crossing_pair
x_13_30,x_16_41,8.0,crossing_pair
x_13_30,x_16_42,8.0,crossing_pair
x_13_30,x_16_43,8.0,crossing_pair
x_13_30,x_17_30,8.0,shared_nucleotide
x_13_30,x_17_37,8.0,crossing_pair
x_13_30,x_17_38,8.0,crossing_pair
x_13_30,x_17_39,8.0,crossing_pair
x_13_30,x_17_42,8.0,crossing_pair
x_13_30,x_17_43,8.0,crossing_pair
x_13_30,x_18_31,8.0,crossing_pair
x_13_30,x_18_33,8.0,crossing_pair
x_13_30,x_18_34,8.0,crossing_pair
x_13_30,x_18_35,8.0,crossing_pair
x_13_30,x_18_36,8.0,crossing_pair
x_13_30,x_18_40,8.0,crossing_pair
x_13_30,x_18_44,8.0,crossing_pair
x_13_30,x_19_31,8.0,crossing_pair
x_13_30,x_19_33,8.0,crossing_pair
x_13_30,x_19_34,8.0,crossing_pair
x_13_30,x_19_35,8.0,crossing_pair
x_13_30,x_19_36,8.0,crossing_pair
x_13_30,x_19_40,8.0,crossing_pair
x_13_30,x_19_44,8.0,crossing_pair
x_13_30,x_20_30,8.0,shared_nucleotide
x_13_30,x_20_32,8.0,crossing_pair
x_13_30,x_20_37,8.0,crossing_pair
x_13_30,x_20_38,8.0,crossing_pair
x_13_30,x_20_39,8.0,crossing_pair
x_13_30,x_20_41,8.0,crossing_pair
x_13_30,x_20_42,8.0,crossing_pair
x_13_30,x_20_43,8.0,crossing_pair
x_13_30,x_21_30,8.0,shared_nucleotide
x_13_30,x_21_37,8.0,crossing_pair
x_13_30,x_21_38,8.0,crossing_pair
x_13_30,x_21_39,8.0,crossing_pair
x_13_30,x_21_42,8.0,crossing_pair
x_13_30,x_21_43,8.0,crossing_pair
x_13_30,x_22_30,8.0,shared_nucleotide
x_13_30,x_22_32,8.0,crossing_pair
x_13_30,x_22_37,8.0,crossing_pair
x_13_30,x_22_38,8.0,crossing_pair
x_13_30,x_22_39,8.0,crossing_pair
x_13_30,x_22_41,8.0,crossing_pair
x_13_30,x_22_42,8.0,crossing_pair
x_13_30,x_22_43,8.0,crossing_pair
x_13_30,x_23_30,8.0,shared_nucleotide
x_13_30,x_23_37,8.0,crossing_pair
x_13_30,x_23_38,8.0,crossing_pair
x_13_30,x_23_39,8.0,crossing_pair
x_13_30,x_23_42,8.0,crossing_pair
x_13_30,x_23_43,8.0,crossing_pair
x_13_30,x_24_30,8.0,shared_nucleotide
x_13_30,x_24_37,8.0,crossing_pair
x_13_30,x_24_38,8.0,crossing_pair
x_13_30,x_24_39,8.0,crossing_pair
x_13_30,x_24_42,8.0,crossing_pair
x_13_30,x_24_43,8.0,crossing_pair
x_13_30,x_25_34,8.0,crossing_pair
x_13_30,x_25_40,8.0,crossing_pair
x_13_30,x_25_44,8.0,crossing_pair
x_13_30,x_26_30,8.0,shared_nucleotide
x_13_30,x_26_37,8.0,crossing_pair
x_13_30,x_26_38,8.0,crossing_pair
x_13_30,x_26_39,8.0,crossing_pair
x_13_30,x_26_42,8.0,crossing_pair
x_13_30,x_26_43,8.0,crossing_pair
x_13_30,x_27_37,8.0,crossing_pair
x_13_30,x_27_38,8.0,crossing_pair
x_13_30,x_27_39,8.0,crossing_pair
x_13_30,x_27_42,8.0,crossing_pair
x_13_30,x_27_43,8.0,crossing_pair
x_13_30,x_28_37,8.0,crossing_pair
x_13_30,x_28_38,8.0,crossing_pair
x_13_30,x_28_39,8.0,crossing_pair
x_13_30,x_28_42,8.0,crossing_pair
x_13_30,x_28_43,8.0,crossing_pair
x_13_30,x_29_37,8.0,crossing_pair
x_13_30,x_29_38,8.0,crossing_pair
x_13_30,x_29_39,8.0,crossing_pair
x_13_30,x_29_42,8.0,crossing_pair
x_13_30,x_29_43,8.0,crossing_pair
x_13_30,x_30_34,8.0,shared_nucleotide
x_13_30,x_30_35,8.0,shared_nucleotide
x_13_30,x_30_36,8.0,shared_nucleotide
x_13_30,x_30_40,8.0,shared_nucleotide
x_13_30,x_30_44,8.0,shared_nucleotide
x_13_32,x_13_37,8.0,shared_nucleotide
x_13_32,x_13_38,8.0,shared_nucleotide
x_13_32,x_13_39,8.0,shared_nucleotide
x_13_32,x_13_41,8.0,shared_nucleotide
x_13_32,x_13_42,8.0,shared_nucleotide
x_13_32,x_13_43,8.0,shared_nucleotide
x_13_32,x_14_33,8.0,crossing_pair
x_13_32,x_14_34,8.0,crossing_pair
x_13_32,x_14_35,8.0,crossing_pair
x_13_32,x_14_36,8.0,crossing_pair
x_13_32,x_14_40,8.0,crossing_pair
x_13_32,x_14_44,8.0,crossing_pair
x_13_32,x_15_34,8.0,crossing_pair
x_13_32,x_15_40,8.0,crossing_pair
x_13_32,x_15_44,8.0,crossing_pair
x_13_32,x_16_32,8.0,shared_nucleotide
x_13_32,x_16_37,8.0,crossing_pair
x_13_32,x_16_38,8.0,crossing_pair
x_13_32,x_16_39,8.0,crossing_pair
x_13_32,x_16_41,8.0,crossing_pair
x_13_32,x_16_42,8.0,crossing_pair
x_13_32,x_16_43,8.0,crossing_pair
x_13_32,x_17_37,8.0,crossing_pair
x_13_32,x_17_38,8.0,crossing_pair
x_13_32,x_17_39,8.0,crossing_pair
x_13_32,x_17_42,8.0,crossing_pair
x_13_32,x_17_43,8.0,crossing_pair
x_13_32,x_18_33,8.0,crossing_pair
x_13_32,x_18_34,8.0,crossing_pair
x_13_32,x_18_35,8.0,crossing_pair
x_13_32,x_18_36,8.0,crossing_pair
x_13_32,x_18_40,8.0,crossing_pair
x_13_32,x_18_44,8.0,crossing_pair
x_13_32,x_19_33,8.0,crossing_pair
x_13_32,x_19_34,8.0,crossing_pair
x_13_32,x_19_35,8.0,crossing_pair
x_13_32,x_19_36,8.0,crossing_pair
x_13_32,x_19_40,8.0,crossing_pair
x_13_32,x_19_44,8.0,crossing_pair
x_13_32,x_20_32,8.0,shared_nucleotide
x_13_32,x_20_37,8.0,crossing_pair
x_13_32,x_20_38,8.0,crossing_pair
x_13_32,x_20_39,8.0,crossing_pair
x_13_32,x_20_41,8.0,crossing_pair
x_13_32,x_20_42,8.0,crossing_pair
x_13_32,x_20_43,8.0,crossing_pair
x_13_32,x_21_37,8.0,crossing_pair
x_13_32,x_21_38,8.0,crossing_pair
x_13_32,x_21_39,8.0,crossing_pair
x_13_32,x_21_42,8.0,crossing_pair
x_13_32,x_21_43,8.0,crossing_pair
x_13_32,x_22_32,8.0,shared_nucleotide
x_13_32,x_22_37,8.0,crossing_pair
x_13_32,x_22_38,8.0,crossing_pair
x_13_32,x_22_39,8.0,crossing_pair
x_13_32,x_22_41,8.0,crossing_pair
x_13_32,x_22_42,8.0,crossing_pair
x_13_32,x_22_43,8.0,crossing_pair
x_13_32,x_23_37,8.0,crossing_pair
x_13_32,x_23_38,8.0,crossing_pair
x_13_32,x_23_39,8.0,crossing_pair
x_13_32,x_23_42,8.0,crossing_pair
x_13_32,x_23_43,8.0,crossing_pair
x_13_32,x_24_37,8.0,crossing_pair
x_13_32,x_24_38,8.0,crossing_pair
x_13_32,x_24_39,8.0,crossing_pair
x_13_32,x_24_42,8.0,crossing_pair
x_13_32,x_24_43,8.0,crossing_pair
x_13_32,x_25_34,8.0,crossing_pair
x_13_32,x_25_40,8.0,crossing_pair
x_13_32,x_25_44,8.0,crossing_pair
x_13_32,x_26_37,8.0,crossing_pair
x_13_32,x_26_38,8.0,crossing_pair
x_13_32,x_26_39,8.0,crossing_pair
x_13_32,x_26_42,8.0,crossing_pair
x_13_32,x_26_43,8.0,crossing_pair
x_13_32,x_27_37,8.0,crossing_pair
x_13_32,x_27_38,8.0,crossing_pair
x_13_32,x_27_39,8.0,crossing_pair
x_13_32,x_27_42,8.0,crossing_pair
x_13_32,x_27_43,8.0,crossing_pair
x_13_32,x_28_37,8.0,crossing_pair
x_13_32,x_28_38,8.0,crossing_pair
x_13_32,x_28_39,8.0,crossing_pair
x_13_32,x_28_42,8.0,crossing_pair
x_13_32,x_28_43,8.0,crossing_pair
x_13_32,x_29_37,8.0,crossing_pair
x_13_32,x_29_38,8.0,crossing_pair
x_13_32,x_29_39,8.0,crossing_pair
x_13_32,x_29_42,8.0,crossing_pair
x_13_32,x_29_43,8.0,crossing_pair
x_13_32,x_30_34,8.0,crossing_pair
x_13_32,x_30_35,8.0,crossing_pair
x_13_32,x_30_36,8.0,crossing_pair
x_13_32,x_30_40,8.0,crossing_pair
x_13_32,x_30_44,8.0,crossing_pair
x_13_32,x_31_37,8.0,crossing_pair
x_13_32,x_31_38,8.0,crossing_pair
x_13_32,x_31_39,8.0,crossing_pair
x_13_32,x_31_42,8.0,crossing_pair
x_13_32,x_31_43,8.0,crossing_pair
x_13_32,x_32_40,8.0,shared_nucleotide
x_13_32,x_32_44,8.0,shared_nucleotide
x_13_37,x_13_38,8.0,shared_nucleotide
x_13_37,x_13_39,8.0,shared_nucleotide
x_13_37,x_13_41,8.0,shared_nucleotide
x_13_37,x_13_42,8.0,shared_nucleotide
x_13_37,x_13_43,8.0,shared_nucleotide
x_13_37,x_14_40,8.0,crossing_pair
x_13_37,x_14_44,8.0,crossing_pair
x_13_37,x_15_40,8.0,crossing_pair
x_13_37,x_15_44,8.0,crossing_pair
x_13_37,x_16_37,8.0,shared_nucleotide
x_13_37,x_16_38,8.0,crossing_pair
x_13_37,x_16_39,8.0,crossing_pair
x_13_37,x_16_41,8.0,crossing_pair
x_13_37,x_16_42,8.0,crossing_pair
x_13_37,x_16_43,8.0,crossing_pair
x_13_37,x_17_37,8.0,shared_nucleotide
x_13_37,x_17_38,8.0,crossing_pair
x_13_37,x_17_39,8.0,crossing_pair
x_13_37,x_17_42,8.0,crossing_pair
x_13_37,x_17_43,8.0,crossing_pair
x_13_37,x_18_40,8.0,crossing_pair
x_13_37,x_18_44,8.0,crossing_pair
x_13_37,x_19_40,8.0,crossing_pair
x_13_37,x_19_44,8.0,crossing_pair
x_13_37,x_20_37,8.0,shared_nucleotide
x_13_37,x_20_38,8.0,crossing_pair
x_13_37,x_20_39,8.0,crossing_pair
x_13_37,x_20_41,8.0,crossing_pair
x_13_37,x_20_42,8.0,crossing_pair
x_13_37,x_20_43,8.0,crossing_pair
x_13_37,x_21_37,8.0,shared_nucleotide
x_13_37,x_21_38,8.0,crossing_pair
x_13_37,x_21_39,8.0,crossing_pair
x_13_37,x_21_42,8.0,crossing_pair
x_13_37,x_21_43,8.0,crossing_pair
x_13_37,x_22_37,8.0,shared_nucleotide
x_13_37,x_22_38,8.0,crossing_pair
x_13_37,x_22_39,8.0,crossing_pair
x_13_37,x_22_41,8.0,crossing_pair
x_13_37,x_22_42,8.0,crossing_pair
x_13_37,x_22_43,8.0,crossing_pair
x_13_37,x_23_37,8.0,shared_nucleotide
x_13_37,x_23_38,8.0,crossing_pair
x_13_37,x_23_39,8.0,crossing_pair
x_13_37,x_23_42,8.0,crossing_pair
x_13_37,x_23_43,8.0,crossing_pair
x_13_37,x_24_37,8.0,shared_nucleotide
x_13_37,x_24_38,8.0,crossing_pair
x_13_37,x_24_39,8.0,crossing_pair
x_13_37,x_24_42,8.0,crossing_pair
x_13_37,x_24_43,8.0,crossing_pair
x_13_37,x_25_40,8.0,crossing_pair
x_13_37,x_25_44,8.0,crossing_pair
x_13_37,x_26_37,8.0,shared_nucleotide
x_13_37,x_26_38,8.0,crossing_pair
x_13_37,x_26_39,8.0,crossing_pair
x_13_37,x_26_42,8.0,crossing_pair
x_13_37,x_26_43,8.0,crossing_pair
x_13_37,x_27_37,8.0,shared_nucleotide
x_13_37,x_27_38,8.0,crossing_pair
x_13_37,x_27_39,8.0,crossing_pair
x_13_37,x_27_42,8.0,crossing_pair
x_13_37,x_27_43,8.0,crossing_pair
x_13_37,x_28_37,8.0,shared_nucleotide
x_13_37,x_28_38,8.0,crossing_pair
x_13_37,x_28_39,8.0,crossing_pair
x_13_37,x_28_42,8.0,crossing_pair
x_13_37,x_28_43,8.0,crossing_pair
x_13_37,x_29_37,8.0,shared_nucleotide
x_13_37,x_29_38,8.0,crossing_pair
x_13_37,x_29_39,8.0,crossing_pair
x_13_37,x_29_42,8.0,crossing_pair
x_13_37,x_29_43,8.0,crossing_pair
x_13_37,x_30_40,8.0,crossing_pair
x_13_37,x_30_44,8.0,crossing_pair
x_13_37,x_31_37,8.0,shared_nucleotide
x_13_37,x_31_38,8.0,crossing_pair
x_13_37,x_31_39,8.0,crossing_pair
x_13_37,x_31_42,8.0,crossing_pair
x_13_37,x_31_43,8.0,crossing_pair
x_13_37,x_32_40,8.0,crossing_pair
x_13_37,x_32_44,8.0,crossing_pair
x_13_37,x_33_37,8.0,shared_nucleotide
x_13_37,x_33_38,8.0,crossing_pair
x_13_37,x_33_39,8.0,crossing_pair
x_13_37,x_33_42,8.0,crossing_pair
x_13_37,x_33_43,8.0,crossing_pair
x_13_37,x_34_38,8.0,crossing_pair
x_13_37,x_34_39,8.0,crossing_pair
x_13_37,x_34_41,8.0,crossing_pair
x_13_37,x_34_42,8.0,crossing_pair
x_13_37,x_34_43,8.0,crossing_pair
x_13_37,x_35_39,8.0,crossing_pair
x_13_37,x_35_42,8.0,crossing_pair
x_13_37,x_35_43,8.0,crossing_pair
x_13_37,x_36_42,8.0,crossing_pair
x_13_37,x_36_43,8.0,crossing_pair
x_13_37,x_37_44,8.0,shared_nucleotide
x_13_38,x_13_39,8.0,shared_nucleotide
x_13_38,x_13_41,8.0,shared_nucleotide
x_13_38,x_13_42,8.0,shared_nucleotide
x_13_38,x_13_43,8.0,shared_nucleotide
x_13_38,x_14_40,8.0,crossing_pair
x_13_38,x_14_44,8.0,crossing_pair
x_13_38,x_15_40,8.0,crossing_pair
x_13_38,x_15_44,8.0,crossing_pair
x_13_38,x_16_38,8.0,shared_nucleotide
x_13_38,x_16_39,8.0,crossing_pair
x_13_38,x_16_41,8.0,crossing_pair
x_13_38,x_16_42,8.0,crossing_pair
x_13_38,x_16_43,8.0,crossing_pair
x_13_38,x_17_38,8.0,shared_nucleotide
x_13_38,x_17_39,8.0,crossing_pair
x_13_38,x_17_42,8.0,crossing_pair
x_13_38,x_17_43,8.0,crossing_pair
x_13_38,x_18_40,8.0,crossing_pair
x_13_38,x_18_44,8.0,crossing_pair
x_13_38,x_19_40,8.0,crossing_pair
x_13_38,x_19_44,8.0,crossing_pair
x_13_38,x_20_38,8.0,shared_nucleotide
x_13_38,x_20_39,8.0,crossing_pair
x_13_38,x_20_41,8.0,crossing_pair
x_13_38,x_20_42,8.0,crossing_pair
x_13_38,x_20_43,8.0,crossing_pair
x_13_38,x_21_38,8.0,shared_nucleotide
x_13_38,x_21_39,8.0,crossing_pair
x_13_38,x_21_42,8.0,crossing_pair
x_13_38,x_21_43,8.0,crossing_pair
x_13_38,x_22_38,8.0,shared_nucleotide
x_13_38,x_22_39,8.0,crossing_pair
x_13_38,x_22_41,8.0,crossing_pair
x_13_38,x_22_42,8.0,crossing_pair
x_13_38,x_22_43,8.0,crossing_pair
x_13_38,x_23_38,8.0,shared_nucleotide
x_13_38,x_23_39,8.0,crossing_pair
x_13_38,x_23_42,8.0,crossing_pair
x_13_38,x_23_43,8.0,crossing_pair
x_13_38,x_24_38,8.0,shared_nucleotide
x_13_38,x_24_39,8.0,crossing_pair
x_13_38,x_24_42,8.0,crossing_pair
x_13_38,x_24_43,8.0,crossing_pair
x_13_38,x_25_40,8.0,crossing_pair
x_13_38,x_25_44,8.0,crossing_pair
x_13_38,x_26_38,8.0,shared_nucleotide
x_13_38,x_26_39,8.0,crossing_pair
x_13_38,x_26_42,8.0,crossing_pair
x_13_38,x_26_43,8.0,crossing_pair
x_13_38,x_27_38,8.0,shared_nucleotide
x_13_38,x_27_39,8.0,crossing_pair
x_13_38,x_27_42,8.0,crossing_pair
x_13_38,x_27_43,8.0,crossing_pair
x_13_38,x_28_38,8.0,shared_nucleotide
x_13_38,x_28_39,8.0,crossing_pair
x_13_38,x_28_42,8.0,crossing_pair
x_13_38,x_28_43,8.0,crossing_pair
x_13_38,x_29_38,8.0,shared_nucleotide
x_13_38,x_29_39,8.0,crossing_pair
x_13_38,x_29_42,8.0,crossing_pair
x_13_38,x_29_43,8.0,crossing_pair
x_13_38,x_30_40,8.0,crossing_pair
x_13_38,x_30_44,8.0,crossing_pair
x_13_38,x_31_38,8.0,shared_nucleotide
x_13_38,x_31_39,8.0,crossing_pair
x_13_38,x_31_42,8.0,crossing_pair
x_13_38,x_31_43,8.0,crossing_pair
x_13_38,x_32_40,8.0,crossing_pair
x_13_38,x_32_44,8.0,crossing_pair
x_13_38,x_33_38,8.0,shared_nucleotide
x_13_38,x_33_39,8.0,crossing_pair
x_13_38,x_33_42,8.0,crossing_pair
x_13_38,x_33_43,8.0,crossing_pair
x_13_38,x_34_38,8.0,shared_nucleotide
x_13_38,x_34_39,8.0,crossing_pair
x_13_38,x_34_41,8.0,crossing_pair
x_13_38,x_34_42,8.0,crossing_pair
x_13_38,x_34_43,8.0,crossing_pair
x_13_38,x_35_39,8.0,crossing_pair
x_13_38,x_35_42,8.0,crossing_pair
x_13_38,x_35_43,8.0,crossing_pair
x_13_38,x_36_42,8.0,crossing_pair
x_13_38,x_36_43,8.0,crossing_pair
x_13_38,x_37_44,8.0,crossing_pair
x_13_38,x_38_44,8.0,shared_nucleotide
x_13_39,x_13_41,8.0,shared_nucleotide
x_13_39,x_13_42,8.0,shared_nucleotide
x_13_39,x_13_43,8.0,shared_nucleotide
x_13_39,x_14_40,8.0,crossing_pair
x_13_39,x_14_44,8.0,crossing_pair
x_13_39,x_15_40,8.0,crossing_pair
x_13_39,x_15_44,8.0,crossing_pair
x_13_39,x_16_39,8.0,shared_nucleotide
x_13_39,x_16_41,8.0,crossing_pair
x_13_39,x_16_42,8.0,crossing_pair
x_13_39,x_16_43,8.0,crossing_pair
x_13_39,x_17_39,8.0,shared_nucleotide
x_13_39,x_17_42,8.0,crossing_pair
x_13_39,x_17_43,8.0,crossing_pair
x_13_39,x_18_40,8.0,crossing_pair
x_13_39,x_18_44,8.0,crossing_pair
x_13_39,x_19_40,8.0,crossing_pair
x_13_39,x_19_44,8.0,crossing_pair
x_13_39,x_20_39,8.0,shared_nucleotide
x_13_39,x_20_41,8.0,crossing_pair
x_13_39,x_20_42,8.0,crossing_pair
x_13_39,x_20_43,8.0,crossing_pair
x_13_39,x_21_39,8.0,shared_nucleotide
x_13_39,x_21_42,8.0,crossing_pair
x_13_39,x_21_43,8.0,crossing_pair
x_13_39,x_22_39,8.0,shared_nucleotide
x_13_39,x_22_41,8.0,crossing_pair
x_13_39,x_22_42,8.0,crossing_pair
x_13_39,x_22_43,8.0,crossing_pair
x_13_39,x_23_39,8.0,shared_nucleotide
x_13_39,x_23_42,8.0,crossing_pair
x_13_39,x_23_43,8.0,crossing_pair
x_13_39,x_24_39,8.0,shared_nucleotide
x_13_39,x_24_42,8.0,crossing_pair
x_13_39,x_24_43,8.0,crossing_pair
x_13_39,x_25_40,8.0,crossing_pair
x_13_39,x_25_44,8.0,crossing_pair
x_13_39,x_26_39,8.0,shared_nucleotide
x_13_39,x_26_42,8.0,crossing_pair
x_13_39,x_26_43,8.0,crossing_pair
x_13_39,x_27_39,8.0,shared_nucleotide
x_13_39,x_27_42,8.0,crossing_pair
x_13_39,x_27_43,8.0,crossing_pair
x_13_39,x_28_39,8.0,shared_nucleotide
x_13_39,x_28_42,8.0,crossing_pair
x_13_39,x_28_43,8.0,crossing_pair
x_13_39,x_29_39,8.0,shared_nucleotide
x_13_39,x_29_42,8.0,crossing_pair
x_13_39,x_29_43,8.0,crossing_pair
x_13_39,x_30_40,8.0,crossing_pair
x_13_39,x_30_44,8.0,crossing_pair
x_13_39,x_31_39,8.0,shared_nucleotide
x_13_39,x_31_42,8.0,crossing_pair
x_13_39,x_31_43,8.0,crossing_pair
x_13_39,x_32_40,8.0,crossing_pair
x_13_39,x_32_44,8.0,crossing_pair
x_13_39,x_33_39,8.0,shared_nucleotide
x_13_39,x_33_42,8.0,crossing_pair
x_13_39,x_33_43,8.0,crossing_pair
x_13_39,x_34_39,8.0,shared_nucleotide
x_13_39,x_34_41,8.0,crossing_pair
x_13_39,x_34_42,8.0,crossing_pair
x_13_39,x_34_43,8.0,crossing_pair
x_13_39,x_35_39,8.0,shared_nucleotide
x_13_39,x_35_42,8.0,crossing_pair
x_13_39,x_35_43,8.0,crossing_pair
x_13_39,x_36_42,8.0,crossing_pair
x_13_39,x_36_43,8.0,crossing_pair
x_13_39,x_37_44,8.0,crossing_pair
x_13_39,x_38_44,8.0,crossing_pair
x_13_39,x_39_44,8.0,shared_nucleotide
x_13_41,x_13_42,8.0,shared_nucleotide
x_13_41,x_13_43,8.0,shared_nucleotide
x_13_41,x_14_44,8.0,crossing_pair
x_13_41,x_15_44,8.0,crossing_pair
x_13_41,x_16_41,8.0,shared_nucleotide
x_13_41,x_16_42,8.0,crossing_pair
x_13_41,x_16_43,8.0,crossing_pair
x_13_41,x_17_42,8.0,crossing_pair
x_13_41,x_17_43,8.0,crossing_pair
x_13_41,x_18_44,8.0,crossing_pair
x_13_41,x_19_44,8.0,crossing_pair
x_13_41,x_20_41,8.0,shared_nucleotide
x_13_41,x_20_42,8.0,crossing_pair
x_13_41,x_20_43,8.0,crossing_pair
x_13_41,x_21_42,8.0,crossing_pair
x_13_41,x_21_43,8.0,crossing_pair
x_13_41,x_22_41,8.0,shared_nucleotide
x_13_41,x_22_42,8.0,crossing_pair
x_13_41,x_22_43,8.0,crossing_pair
x_13_41,x_23_42,8.0,crossing_pair
x_13_41,x_23_43,8.0,crossing_pair
x_13_41,x_24_42,8.0,crossing_pair
x_13_41,x_24_43,8.0,crossing_pair
x_13_41,x_25_44,8.0,crossing_pair
x_13_41,x_26_42,8.0,crossing_pair
x_13_41,x_26_43,8.0,crossing_pair
x_13_41,x_27_42,8.0,crossing_pair
x_13_41,x_27_43,8.0,crossing_pair
x_13_41,x_28_42,8.0,crossing_pair
x_13_41,x_28_43,8.0,crossing_pair
x_13_41,x_29_42,8.0,crossing_pair
x_13_41,x_29_43,8.0,crossing_pair
x_13_41,x_30_44,8.0,crossing_pair
x_13_41,x_31_42,8.0,crossing_pair
x_13_41,x_31_43,8.0,crossing_pair
x_13_41,x_32_44,8.0,crossing_pair
x_13_41,x_33_42,8.0,crossing_pair
x_13_41,x_33_43,8.0,crossing_pair
x_13_41,x_34_41,8.0,shared_nucleotide
x_13_41,x_34_42,8.0,crossing_pair
x_13_41,x_34_43,8.0,crossing_pair
x_13_41,x_35_42,8.0,crossing_pair
x_13_41,x_35_43,8.0,crossing_pair
x_13_41,x_36_42,8.0,crossing_pair
x_13_41,x_36_43,8.0,crossing_pair
x_13_41,x_37_44,8.0,crossing_pair
x_13_41,x_38_44,8.0,crossing_pair
x_13_41,x_39_44,8.0,crossing_pair
x_13_42,x_13_43,8.0,shared_nucleotide
x_13_42,x_14_44,8.0,crossing_pair
x_13_42,x_15_44,8.0,crossing_pair
x_13_42,x_16_42,8.0,shared_nucleotide
x_13_42,x_16_43,8.0,crossing_pair
x_13_42,x_17_42,8.0,shared_nucleotide
x_13_42,x_17_43,8.0,crossing_pair
x_13_42,x_18_44,8.0,crossing_pair
x_13_42,x_19_44,8.0,crossing_pair
x_13_42,x_20_42,8.0,shared_nucleotide
x_13_42,x_20_43,8.0,crossing_pair
x_13_42,x_21_42,8.0,shared_nucleotide
x_13_42,x_21_43,8.0,crossing_pair
x_13_42,x_22_42,8.0,shared_nucleotide
x_13_42,x_22_43,8.0,crossing_pair
x_13_42,x_23_42,8.0,shared_nucleotide
x_13_42,x_23_43,8.0,crossing_pair
x_13_42,x_24_42,8.0,shared_nucleotide
x_13_42,x_24_43,8.0,crossing_pair
x_13_42,x_25_44,8.0,crossing_pair
x_13_42,x_26_42,8.0,shared_nucleotide
x_13_42,x_26_43,8.0,crossing_pair
x_13_42,x_27_42,8.0,shared_nucleotide
x_13_42,x_27_43,8.0,crossing_pair
x_13_42,x_28_42,8.0,shared_nucleotide
x_13_42,x_28_43,8.0,crossing_pair
x_13_42,x_29_42,8.0,shared_nucleotide
x_13_42,x_29_43,8.0,crossing_pair
x_13_42,x_30_44,8.0,crossing_pair
x_13_42,x_31_42,8.0,shared_nucleotide
x_13_42,x_31_43,8.0,crossing_pair
x_13_42,x_32_44,8.0,crossing_pair
x_13_42,x_33_42,8.0,shared_nucleotide
x_13_42,x_33_43,8.0,crossing_pair
x_13_42,x_34_42,8.0,shared_nucleotide
x_13_42,x_34_43,8.0,crossing_pair
x_13_42,x_35_42,8.0,shared_nucleotide
x_13_42,x_35_43,8.0,crossing_pair
x_13_42,x_36_42,8.0,shared_nucleotide
x_13_42,x_36_43,8.0,crossing_pair
x_13_42,x_37_44,8.0,crossing_pair
x_13_42,x_38_44,8.0,crossing_pair
x_13_42,x_39_44,8.0,crossing_pair
x_13_43,x_14_44,8.0,crossing_pair
x_13_43,x_15_44,8.0,crossing_pair
x_13_43,x_16_43,8.0,shared_nucleotide
x_13_43,x_17_43,8.0,shared_nucleotide
x_13_43,x_18_44,8.0,crossing_pair
x_13_43,x_19_44,8.0,crossing_pair
x_13_43,x_20_43,8.0,shared_nucleotide
x_13_43,x_21_43,8.0,shared_nucleotide
x_13_43,x_22_43,8.0,shared_nucleotide
x_13_43,x_23_43,8.0,shared_nucleotide
x_13_43,x_24_43,8.0,shared_nucleotide
x_13_43,x_25_44,8.0,crossing_pair
x_13_43,x_26_43,8.0,shared_nucleotide
x_13_43,x_27_43,8.0,shared_nucleotide
x_13_43,x_28_43,8.0,shared_nucleotide
x_13_43,x_29_43,8.0,shared_nucleotide
x_13_43,x_30_44,8.0,crossing_pair
x_13_43,x_31_43,8.0,shared_nucleotide
x_13_43,x_32_44,8.0,crossing_pair
x_13_43,x_33_43,8.0,shared_nucleotide
x_13_43,x_34_43,8.0,shared_nucleotide
x_13_43,x_35_43,8.0,shared_nucleotide
x_13_43,x_36_43,8.0,shared_nucleotide
x_13_43,x_37_44,8.0,crossing_pair
x_13_43,x_38_44,8.0,crossing_pair
x_13_43,x_39_44,8.0,crossing_pair
x_14_20,x_14_21,8.0,shared_nucleotide
x_14_20,x_14_22,8.0,shared_nucleotide
x_14_20,x_14_23,8.0,shared_nucleotide
x_14_20,x_14_24,8.0,shared_nucleotide
x_14_20,x_14_26,8.0,shared_nucleotide
x_14_20,x_14_27,8.0,shared_nucleotide
x_14_20,x_14_28,8.0,shared_nucleotide
x_14_20,x_14_29,8.0,shared_nucleotide
x_14_20,x_14_31,8.0,shared_nucleotide
x_14_20,x_14_33,8.0,shared_nucleotide
x_14_20,x_14_34,8.0,shared_nucleotide
x_14_20,x_14_35,8.0,shared_nucleotide
x_14_20,x_14_36,8.0,shared_nucleotide
x_14_20,x_14_40,8.0,shared_nucleotide
x_14_20,x_14_44,8.0,shared_nucleotide
x_14_20,x_15_20,8.0,shared_nucleotide
x_14_20,x_15_22,8.0,crossing_pair
x_14_20,x_15_34,8.0,crossing_pair
x_14_20,x_15_40,8.0,crossing_pair
x_14_20,x_15_44,8.0,crossing_pair
x_14_20,x_16_25,8.0,crossing_pair
x_14_20,x_16_30,8.0,crossing_pair
x_14_20,x_16_32,8.0,crossing_pair
x_14_20,x_16_37,8.0,crossing_pair
x_14_20,x_16_38,8.0,crossing_pair
x_14_20,x_16_39,8.0,crossing_pair
x_14_20,x_16_41,8.0,crossing_pair
x_14_20,x_16_42,8.0,crossing_pair
x_14_20,x_16_43,8.0,crossing_pair
x_14_20,x_17_30,8.0,crossing_pair
x_14_20,x_17_37,8.0,crossing_pair
x_14_20,x_17_38,8.0,crossing_pair
x_14_20,x_17_39,8.0,crossing_pair
x_14_20,x_17_42,8.0,crossing_pair
x_14_20,x_17_43,8.0,crossing_pair
x_14_20,x_18_22,8.0,crossing_pair
x_14_20,x_18_23,8.0,crossing_pair
x_14_20,x_18_24,8.0,crossing_pair
x_14_20,x_18_26,8.0,crossing_pair
x_14_20,x_18_27,8.0,crossing_pair
x_14_20,x_18_28,8.0,crossing_pair
x_14_20,x_18_29,8.0,crossing_pair
x_14_20,x_18_31,8.0,crossing_pair
x_14_20,x_18_33,8.0,crossing_pair
x_14_20,x_18_34,8.0,crossing_pair
x_14_20,x_18_35,8.0,crossing_pair
x_14_20,x_18_36,8.0,crossing_pair
x_14_20,x_18_40,8.0,crossing_pair
x_14_20,x_18_44,8.0,crossing_pair
x_14_20,x_19_23,8.0,crossing_pair
x_14_20,x_19_24,8.0,crossing_pair
x_14_20,x_19_26,8.0,crossing_pair
x_14_20,x_19_27,8.0,crossing_pair
x_14_20,x_19_28,8.0,crossing_pair
x_14_20,x_19_29,8.0,crossing_pair
x_14_20,x_19_31,8.0,crossing_pair
x_14_20,x_19_33,8.0,crossing_pair
x_14_20,x_19_34,8.0,crossing_pair
x_14_20,x_19_35,8.0,crossing_pair
x_14_20,x_19_36,8.0,crossing_pair
x_14_20,x_19_40,8.0,crossing_pair
x_14_20,x_19_44,8.0,crossing_pair
x_14_20,x_20_25,8.0,shared_nucleotide
x_14_20,x_20_30,8.0,shared_nucleotide
x_14_20,x_20_32,8.0,shared_nucleotide
x_14_20,x_20_37,8.0,shared_nucleotide
x_14_20,x_20_38,8.0,shared_nucleotide
x_14_20,x_20_39,8.0,shared_nucleotide
x_14_20,x_20_41,8.0,shared_nucleotide
x_14_20,x_20_42,8.0,shared_nucleotide
x_14_20,x_20_43,8.0,shared_nucleotide
x_14_21,x_14_22,8.0,shared_nucleotide
x_14_21,x_14_23,8.0,shared_nucleotide
x_14_21,x_14_24,8.0,shared_nucleotide
x_14_21,x_14_26,8.0,shared_nucleotide
x_14_21,x_14_27,8.0,shared_nucleotide
x_14_21,x_14_28,8.0,shared_nucleotide
x_14_21,x_14_29,8.0,shared_nucleotide
x_14_21,x_14_31,8.0,shared_nucleotide
x_14_21,x_14_33,8.0,shared_nucleotide
x_14_21,x_14_34,8.0,shared_nucleotide
x_14_21,x_14_35,8.0,shared_nucleotide
x_14_21,x_14_36,8.0,shared_nucleotide
x_14_21,x_14_40,8.0,shared_nucleotide
x_14_21,x_14_44,8.0,shared_nucleotide
x_14_21,x_15_22,8.0,crossing_pair
x_14_21,x_15_34,8.0,crossing_pair
x_14_21,x_15_40,8.0,crossing_pair
x_14_21,x_15_44,8.0,crossing_pair
x_14_21,x_16_25,8.0,crossing_pair
x_14_21,x_16_30,8.0,crossing_pair
x_14_21,x_16_32,8.0,crossing_pair
x_14_21,x_16_37,8.0,crossing_pair
x_14_21,x_16_38,8.0,crossing_pair
x_14_21,x_16_39,8.0,crossing_pair
x_14_21,x_16_41,8.0,crossing_pair
x_14_21,x_16_42,8.0,crossing_pair
x_14_21,x_16_43,8.0,crossing_pair
x_14_21,x_17_30,8.0,crossing_pair
x_14_21,x_17_37,8.0,crossing_pair
x_14_21,x_17_38,8.0,crossing_pair
x_14_21,x_17_39,8.0,crossing_pair
x_14_21,x_17_42,8.0,crossing_pair
x_14_21,x_17_43,8.0,crossing_pair
x_14_21,x_18_22,8.0,crossing_pair
x_14_21,x_18_23,8.0,crossing_pair
x_14_21,x_18_24,8.0,crossing_pair
x_14_21,x_18_26,8.0,crossing_pair
x_14_21,x_18_27,8.0,crossing_pair
x_14_21,x_18_28,8.0,crossing_pair
x_14_21,x_18_29,8.0,crossing_pair
x_14_21,x_18_31,8.0,crossing_pair
x_14_21,x_18_33,8.0,crossing_pair
x_14_21,x_18_34,8.0,crossing_pair
x_14_21,x_18_35,8.0,crossing_pair
x_14_21,x_18_36,8.0,crossing_pair
x_14_21,x_18_40,8.0,crossing_pair
x_14_21,x_18_44,8.0,crossing_pair
x_14_21,x_19_23,8.0,crossing_pair
x_14_21,x_19_24,8.0,crossing_pair
x_14_21,x_19_26,8.0,crossing_pair
x_14_21,x_19_27,8.0,crossing_pair
x_14_21,x_19_28,8.0,crossing_pair
x_14_21,x_19_29,8.0,crossing_pair
x_14_21,x_19_31,8.0,crossing_pair
x_14_21,x_19_33,8.0,crossing_pair
x_14_21,x_19_34,8.0,crossing_pair
x_14_21,x_19_35,8.0,crossing_pair
x_14_21,x_19_36,8.0,crossing_pair
x_14_21,x_19_40,8.0,crossing_pair
x_14_21,x_19_44,8.0,crossing_pair
x_14_21,x_20_25,8.0,crossing_pair
x_14_21,x_20_30,8.0,crossing_pair
x_14_21,x_20_32,8.0,crossing_pair
x_14_21,x_20_37,8.0,crossing_pair
x_14_21,x_20_38,8.0,crossing_pair
x_14_21,x_20_39,8.0,crossing_pair
x_14_21,x_20_41,8.0,crossing_pair
x_14_21,x_20_42,8.0,crossing_pair
x_14_21,x_20_43,8.0,crossing_pair
x_14_21,x_21_30,8.0,shared_nucleotide
x_14_21,x_21_37,8.0,shared_nucleotide
x_14_21,x_21_38,8.0,shared_nucleotide
x_14_21,x_21_39,8.0,shared_nucleotide
x_14_21,x_21_42,8.0,shared_nucleotide
x_14_21,x_21_43,8.0,shared_nucleotide
x_14_22,x_14_23,8.0,shared_nucleotide
x_14_22,x_14_24,8.0,shared_nucleotide
x_14_22,x_14_26,8.0,shared_nucleotide
x_14_22,x_14_27,8.0,shared_nucleotide
x_14_22,x_14_28,8.0,shared_nucleotide
x_14_22,x_14_29,8.0,shared_nucleotide
x_14_22,x_14_31,8.0,shared_nucleotide
x_14_22,x_14_33,8.0,shared_nucleotide
x_14_22,x_14_34,8.0,shared_nucleotide
x_14_22,x_14_35,8.0,shared_nucleotide
x_14_22,x_14_36,8.0,shared_nucleotide
x_14_22,x_14_40,8.0,shared_nucleotide
x_14_22,x_14_44,8.0,shared_nucleotide
x_14_22,x_15_22,8.0,shared_nucleotide
x_14_22,x_15_34,8.0,crossing_pair
x_14_22,x_15_40,8.0,crossing_pair
x_14_22,x_15_44,8.0,crossing_pair
x_14_22,x_16_25,8.0,crossing_pair
x_14_22,x_16_30,8.0,crossing_pair
x_14_22,x_16_32,8.0,crossing_pair
x_14_22,x_16_37,8.0,crossing_pair
x_14_22,x_16_38,8.0,crossing_pair
x_14_22,x_16_39,8.0,crossing_pair
x_14_22,x_16_41,8.0,crossing_pair
x_14_22,x_16_42,8.0,crossing_pair
x_14_22,x_16_43,8.0,crossing_pair
x_14_22,x_17_30,8.0,crossing_pair
x_14_22,x_17_37,8.0,crossing_pair
x_14_22,x_17_38,8.0,crossing_pair
x_14_22,x_17_39,8.0,crossing_pair
x_14_22,x_17_42,8.0,crossing_pair
x_14_22,x_17_43,8.0,crossing_pair
x_14_22,x_18_22,8.0,shared_nucleotide
x_14_22,x_18_23,8.0,crossing_pair
x_14_22,x_18_24,8.0,crossing_pair
x_14_22,x_18_26,8.0,crossing_pair
x_14_22,x_18_27,8.0,crossing_pair
x_14_22,x_18_28,8.0,crossing_pair
x_14_22,x_18_29,8.0,crossing_pair
x_14_22,x_18_31,8.0,crossing_pair
x_14_22,x_18_33,8.0,crossing_pair
x_14_22,x_18_34,8.0,crossing_pair
x_14_22,x_18_35,8.0,crossing_pair
x_14_22,x_18_36,8.0,crossing_pair
x_14_22,x_18_40,8.0,crossing_pair
x_14_22,x_18_44,8.0,crossing_pair
x_14_22,x_19_23,8.0,crossing_pair
x_14_22,x_19_24,8.0,crossing_pair
x_14_22,x_19_26,8.0,crossing_pair
x_14_22,x_19_27,8.0,crossing_pair
x_14_22,x_19_28,8.0,crossing_pair
x_14_22,x_19_29,8.0,crossing_pair
x_14_22,x_19_31,8.0,crossing_pair
x_14_22,x_19_33,8.0,crossing_pair
x_14_22,x_19_34,8.0,crossing_pair
x_14_22,x_19_35,8.0,crossing_pair
x_14_22,x_19_36,8.0,crossing_pair
x_14_22,x_19_40,8.0,crossing_pair
x_14_22,x_19_44,8.0,crossing_pair
x_14_22,x_20_25,8.0,crossing_pair
x_14_22,x_20_30,8.0,crossing_pair
x_14_22,x_20_32,8.0,crossing_pair
x_14_22,x_20_37,8.0,crossing_pair
x_14_22,x_20_38,8.0,crossing_pair
x_14_22,x_20_39,8.0,crossing_pair
x_14_22,x_20_41,8.0,crossing_pair
x_14_22,x_20_42,8.0,crossing_pair
x_14_22,x_20_43,8.0,crossing_pair
x_14_22,x_21_30,8.0,crossing_pair
x_14_22,x_21_37,8.0,crossing_pair
x_14_22,x_21_38,8.0,crossing_pair
x_14_22,x_21_39,8.0,crossing_pair
x_14_22,x_21_42,8.0,crossing_pair
x_14_22,x_21_43,8.0,crossing_pair
x_14_22,x_22_30,8.0,shared_nucleotide
x_14_22,x_22_32,8.0,shared_nucleotide
x_14_22,x_22_37,8.0,shared_nucleotide
x_14_22,x_22_38,8.0,shared_nucleotide
x_14_22,x_22_39,8.0,shared_nucleotide
x_14_22,x_22_41,8.0,shared_nucleotide
x_14_22,x_22_42,8.0,shared_nucleotide
x_14_22,x_22_43,8.0,shared_nucleotide
x_14_23,x_14_24,8.0,shared_nucleotide
x_14_23,x_14_26,8.0,shared_nucleotide
x_14_23,x_14_27,8.0,shared_nucleotide
x_14_23,x_14_28,8.0,shared_nucleotide
x_14_23,x_14_29,8.0,shared_nucleotide
x_14_23,x_14_31,8.0,shared_nucleotide
x_14_23,x_14_33,8.0,shared_nucleotide
x_14_23,x_14_34,8.0,shared_nucleotide
x_14_23,x_14_35,8.0,shared_nucleotide
x_14_23,x_14_36,8.0,shared_nucleotide
x_14_23,x_14_40,8.0,shared_nucleotide
x_14_23,x_14_44,8.0,shared_nucleotide
x_14_23,x_15_34,8.0,crossing_pair
x_14_23,x_15_40,8.0,crossing_pair
x_14_23,x_15_44,8.0,crossing_pair
x_14_23,x_16_25,8.0,crossing_pair
x_14_23,x_16_30,8.0,crossing_pair
x_14_23,x_16_32,8.0,crossing_pair
x_14_23,x_16_37,8.0,crossing_pair
x_14_23,x_16_38,8.0,crossing_pair
x_14_23,x_16_39,8.0,crossing_pair
x_14_23,x_16_41,8.0,crossing_pair
x_14_23,x_16_42,8.0,crossing_pair
x_14_23,x_16_43,8.0,crossing_pair
x_14_23,x_17_30,8.0,crossing_pair
x_14_23,x_17_37,8.0,crossing_pair
x_14_23,x_17_38,8.0,crossing_pair
x_14_23,x_17_39,8.0,crossing_pair
x_14_23,x_17_42,8.0,crossing_pair
x_14_23,x_17_43,8.0,crossing_pair
x_14_23,x_18_23,8.0,shared_nucleotide
x_14_23,x_18_24,8.0,crossing_pair
x_14_23,x_18_26,8.0,crossing_pair
x_14_23,x_18_27,8.0,crossing_pair
x_14_23,x_18_28,8.0,crossing_pair
x_14_23,x_18_29,8.0,crossing_pair
x_14_23,x_18_31,8.0,crossing_pair
x_14_23,x_18_33,8.0,crossing_pair
x_14_23,x_18_34,8.0,crossing_pair
x_14_23,x_18_35,8.0,crossing_pair
x_14_23,x_18_36,8.0,crossing_pair
x_14_23,x_18_40,8.0,crossing_pair
x_14_23,x_18_44,8.0,crossing_pair
x_14_23,x_19_23,8.0,shared_nucleotide
x_14_23,x_19_24,8.0,crossing_pair
x_14_23,x_19_26,8.0,crossing_pair
x_14_23,x_19_27,8.0,crossing_pair
x_14_23,x_19_28,8.0,crossing_pair
x_14_23,x_19_29,8.0,crossing_pair
x_14_23,x_19_31,8.0,crossing_pair
x_14_23,x_19_33,8.0,crossing_pair
x_14_23,x_19_34,8.0,crossing_pair
x_14_23,x_19_35,8.0,crossing_pair
x_14_23,x_19_36,8.0,crossing_pair
x_14_23,x_19_40,8.0,crossing_pair
x_14_23,x_19_44,8.0,crossing_pair
x_14_23,x_20_25,8.0,crossing_pair
x_14_23,x_20_30,8.0,crossing_pair
x_14_23,x_20_32,8.0,crossing_pair
x_14_23,x_20_37,8.0,crossing_pair
x_14_23,x_20_38,8.0,crossing_pair
x_14_23,x_20_39,8.0,crossing_pair
x_14_23,x_20_41,8.0,crossing_pair
x_14_23,x_20_42,8.0,crossing_pair
x_14_23,x_20_43,8.0,crossing_pair
x_14_23,x_21_30,8.0,crossing_pair
x_14_23,x_21_37,8.0,crossing_pair
x_14_23,x_21_38,8.0,crossing_pair
x_14_23,x_21_39,8.0,crossing_pair
x_14_23,x_21_42,8.0,crossing_pair
x_14_23,x_21_43,8.0,crossing_pair
x_14_23,x_22_30,8.0,crossing_pair
x_14_23,x_22_32,8.0,crossing_pair
x_14_23,x_22_37,8.0,crossing_pair
x_14_23,x_22_38,8.0,crossing_pair
x_14_23,x_22_39,8.0,crossing_pair
x_14_23,x_22_41,8.0,crossing_pair
x_14_23,x_22_42,8.0,crossing_pair
x_14_23,x_22_43,8.0,crossing_pair
x_14_23,x_23_30,8.0,shared_nucleotide
x_14_23,x_23_37,8.0,shared_nucleotide
x_14_23,x_23_38,8.0,shared_nucleotide
x_14_23,x_23_39,8.0,shared_nucleotide
x_14_23,x_23_42,8.0,shared_nucleotide
x_14_23,x_23_43,8.0,shared_nucleotide
x_14_24,x_14_26,8.0,shared_nucleotide
x_14_24,x_14_27,8.0,shared_nucleotide
x_14_24,x_14_28,8.0,shared_nucleotide
x_14_24,x_14_29,8.0,shared_nucleotide
x_14_24,x_14_31,8.0,shared_nucleotide
x_14_24,x_14_33,8.0,shared_nucleotide
x_14_24,x_14_34,8.0,shared_nucleotide
x_14_24,x_14_35,8.0,shared_nucleotide
x_14_24,x_14_36,8.0,shared_nucleotide
x_14_24,x_14_40,8.0,shared_nucleotide
x_14_24,x_14_44,8.0,shared_nucleotide
x_14_24,x_15_34,8.0,crossing_pair
x_14_24,x_15_40,8.0,crossing_pair
x_14_24,x_15_44,8.0,crossing_pair
x_14_24,x_16_25,8.0,crossing_pair
x_14_24,x_16_30,8.0,crossing_pair
x_14_24,x_16_32,8.0,crossing_pair
x_14_24,x_16_37,8.0,crossing_pair
x_14_24,x_16_38,8.0,crossing_pair
x_14_24,x_16_39,8.0,crossing_pair
x_14_24,x_16_41,8.0,crossing_pair
x_14_24,x_16_42,8.0,crossing_pair
x_14_24,x_16_43,8.0,crossing_pair
x_14_24,x_17_30,8.0,crossing_pair
x_14_24,x_17_37,8.0,crossing_pair
x_14_24,x_17_38,8.0,crossing_pair
x_14_24,x_17_39,8.0,crossing_pair
x_14_24,x_17_42,8.0,crossing_pair
x_14_24,x_17_43,8.0,crossing_pair
x_14_24,x_18_24,8.0,shared_nucleotide
x_14_24,x_18_26,8.0,crossing_pair
x_14_24,x_18_27,8.0,crossing_pair
x_14_24,x_18_28,8.0,crossing_pair
x_14_24,x_18_29,8.0,crossing_pair
x_14_24,x_18_31,8.0,crossing_pair
x_14_24,x_18_33,8.0,crossing_pair
x_14_24,x_18_34,8.0,crossing_pair
x_14_24,x_18_35,8.0,crossing_pair
x_14_24,x_18_36,8.0,crossing_pair
x_14_24,x_18_40,8.0,crossing_pair
x_14_24,x_18_44,8.0,crossing_pair
x_14_24,x_19_24,8.0,shared_nucleotide
x_14_24,x_19_26,8.0,crossing_pair
x_14_24,x_19_27,8.0,crossing_pair
x_14_24,x_19_28,8.0,crossing_pair
x_14_24,x_19_29,8.0,crossing_pair
x_14_24,x_19_31,8.0,crossing_pair
x_14_24,x_19_33,8.0,crossing_pair
x_14_24,x_19_34,8.0,crossing_pair
x_14_24,x_19_35,8.0,crossing_pair
x_14_24,x_19_36,8.0,crossing_pair
x_14_24,x_19_40,8.0,crossing_pair
x_14_24,x_19_44,8.0,crossing_pair
x_14_24,x_20_25,8.0,crossing_pair
x_14_24,x_20_30,8.0,crossing_pair
x_14_24,x_20_32,8.0,crossing_pair
x_14_24,x_20_37,8.0,crossing_pair
x_14_24,x_20_38,8.0,crossing_pair
x_14_24,x_20_39,8.0,crossing_pair
x_14_24,x_20_41,8.0,crossing_pair
x_14_24,x_20_42,8.0,crossing_pair
x_14_24,x_20_43,8.0,crossing_pair
x_14_24,x_21_30,8.0,crossing_pair
x_14_24,x_21_37,8.0,crossing_pair
x_14_24,x_21_38,8.0,crossing_pair
x_14_24,x_21_39,8.0,crossing_pair
x_14_24,x_21_42,8.0,crossing_pair
x_14_24,x_21_43,8.0,crossing_pair
x_14_24,x_22_30,8.0,crossing_pair
x_14_24,x_22_32,8.0,crossing_pair
x_14_24,x_22_37,8.0,crossing_pair
x_14_24,x_22_38,8.0,crossing_pair
x_14_24,x_22_39,8.0,crossing_pair
x_14_24,x_22_41,8.0,crossing_pair
x_14_24,x_22_42,8.0,crossing_pair
x_14_24,x_22_43,8.0,crossing_pair
x_14_24,x_23_30,8.0,crossing_pair
x_14_24,x_23_37,8.0,crossing_pair
x_14_24,x_23_38,8.0,crossing_pair
x_14_24,x_23_39,8.0,crossing_pair
x_14_24,x_23_42,8.0,crossing_pair
x_14_24,x_23_43,8.0,crossing_pair
x_14_24,x_24_30,8.0,shared_nucleotide
x_14_24,x_24_37,8.0,shared_nucleotide
x_14_24,x_24_38,8.0,shared_nucleotide
x_14_24,x_24_39,8.0,shared_nucleotide
x_14_24,x_24_42,8.0,shared_nucleotide
x_14_24,x_24_43,8.0,shared_nucleotide
x_14_26,x_14_27,8.0,shared_nucleotide
x_14_26,x_14_28,8.0,shared_nucleotide
x_14_26,x_14_29,8.0,shared_nucleotide
x_14_26,x_14_31,8.0,shared_nucleotide
x_14_26,x_14_33,8.0,shared_nucleotide
x_14_26,x_14_34,8.0,shared_nucleotide
x_14_26,x_14_35,8.0,shared_nucleotide
x_14_26,x_14_36,8.0,shared_nucleotide
x_14_26,x_14_40,8.0,shared_nucleotide
x_14_26,x_14_44,8.0,shared_nucleotide
x_14_26,x_15_34,8.0,crossing_pair
x_14_26,x_15_40,8.0,crossing_pair
x_14_26,x_15_44,8.0,crossing_pair
x_14_26,x_16_30,8.0,crossing_pair
x_14_26,x_16_32,8.0,crossing_pair
x_14_26,x_16_37,8.0,crossing_pair
x_14_26,x_16_38,8.0,crossing_pair
x_14_26,x_16_39,8.0,crossing_pair
x_14_26,x_16_41,8.0,crossing_pair
x_14_26,x_16_42,8.0,crossing_pair
x_14_26,x_16_43,8.0,crossing_pair
x_14_26,x_17_30,8.0,crossing_pair
x_14_26,x_17_37,8.0,crossing_pair
x_14_26,x_17_38,8.0,crossing_pair
x_14_26,x_17_39,8.0,crossing_pair
x_14_26,x_17_42,8.0,crossing_pair
x_14_26,x_17_43,8.0,crossing_pair
x_14_26,x_18_26,8.0,shared_nucleotide
x_14_26,x_18_27,8.0,crossing_pair
x_14_26,x_18_28,8.0,crossing_pair
x_14_26,x_18_29,8.0,crossing_pair
x_14_26,x_18_31,8.0,crossing_pair
x_14_26,x_18_33,8.0,crossing_pair
x_14_26,x_18_34,8.0,crossing_pair
x_14_26,x_18_35,8.0,crossing_pair
x_14_26,x_18_36,8.0,crossing_pair
x_14_26,x_18_40,8.0,crossing_pair
x_14_26,x_18_44,8.0,crossing_pair
x_14_26,x_19_26,8.0,shared_nucleotide
x_14_26,x_19_27,8.0,crossing_pair
x_14_26,x_19_28,8.0,crossing_pair
x_14_26,x_19_29,8.0,crossing_pair
x_14_26,x_19_31,8.0,crossing_pair
x_14_26,x_19_33,8.0,crossing_pair
x_14_26,x_19_34,8.0,crossing_pair
x_14_26,x_19_35,8.0,crossing_pair
x_14_26,x_19_36,8.0,crossing_pair
x_14_26,x_19_40,8.0,crossing_pair
x_14_26,x_19_44,8.0,crossing_pair
x_14_26,x_20_30,8.0,crossing_pair
x_14_26,x_20_32,8.0,crossing_pair
x_14_26,x_20_37,8.0,crossing_pair
x_14_26,x_20_38,8.0,crossing_pair
x_14_26,x_20_39,8.0,crossing_pair
x_14_26,x_20_41,8.0,crossing_pair
x_14_26,x_20_42,8.0,crossing_pair
x_14_26,x_20_43,8.0,crossing_pair
x_14_26,x_21_30,8.0,crossing_pair
x_14_26,x_21_37,8.0,crossing_pair
x_14_26,x_21_38,8.0,crossing_pair
x_14_26,x_21_39,8.0,crossing_pair
x_14_26,x_21_42,8.0,crossing_pair
x_14_26,x_21_43,8.0,crossing_pair
x_14_26,x_22_30,8.0,crossing_pair
x_14_26,x_22_32,8.0,crossing_pair
x_14_26,x_22_37,8.0,crossing_pair
x_14_26,x_22_38,8.0,crossing_pair
x_14_26,x_22_39,8.0,crossing_pair
x_14_26,x_22_41,8.0,crossing_pair
x_14_26,x_22_42,8.0,crossing_pair
x_14_26,x_22_43,8.0,crossing_pair
x_14_26,x_23_30,8.0,crossing_pair
x_14_26,x_23_37,8.0,crossing_pair
x_14_26,x_23_38,8.0,crossing_pair
x_14_26,x_23_39,8.0,crossing_pair
x_14_26,x_23_42,8.0,crossing_pair
x_14_26,x_23_43,8.0,crossing_pair
x_14_26,x_24_30,8.0,crossing_pair
x_14_26,x_24_37,8.0,crossing_pair
x_14_26,x_24_38,8.0,crossing_pair
x_14_26,x_24_39,8.0,crossing_pair
x_14_26,x_24_42,8.0,crossing_pair
x_14_26,x_24_43,8.0,crossing_pair
x_14_26,x_25_34,8.0,crossing_pair
x_14_26,x_25_40,8.0,crossing_pair
x_14_26,x_25_44,8.0,crossing_pair
x_14_26,x_26_30,8.0,shared_nucleotide
x_14_26,x_26_37,8.0,shared_nucleotide
x_14_26,x_26_38,8.0,shared_nucleotide
x_14_26,x_26_39,8.0,shared_nucleotide
x_14_26,x_26_42,8.0,shared_nucleotide
x_14_26,x_26_43,8.0,shared_nucleotide
x_14_27,x_14_28,8.0,shared_nucleotide
x_14_27,x_14_29,8.0,shared_nucleotide
x_14_27,x_14_31,8.0,shared_nucleotide
x_14_27,x_14_33,8.0,shared_nucleotide
x_14_27,x_14_34,8.0,shared_nucleotide
x_14_27,x_14_35,8.0,shared_nucleotide
x_14_27,x_14_36,8.0,shared_nucleotide
x_14_27,x_14_40,8.0,shared_nucleotide
x_14_27,x_14_44,8.0,shared_nucleotide
x_14_27,x_15_34,8.0,crossing_pair
x_14_27,x_15_40,8.0,crossing_pair
x_14_27,x_15_44,8.0,crossing_pair
x_14_27,x_16_30,8.0,crossing_pair
x_14_27,x_16_32,8.0,crossing_pair
x_14_27,x_16_37,8.0,crossing_pair
x_14_27,x_16_38,8.0,crossing_pair
x_14_27,x_16_39,8.0,crossing_pair
x_14_27,x_16_41,8.0,crossing_pair
x_14_27,x_16_42,8.0,crossing_pair
x_14_27,x_16_43,8.0,crossing_pair
x_14_27,x_17_30,8.0,crossing_pair
x_14_27,x_17_37,8.0,crossing_pair
x_14_27,x_17_38,8.0,crossing_pair
x_14_27,x_17_39,8.0,crossing_pair
x_14_27,x_17_42,8.0,crossing_pair
x_14_27,x_17_43,8.0,crossing_pair
x_14_27,x_18_27,8.0,shared_nucleotide
x_14_27,x_18_28,8.0,crossing_pair
x_14_27,x_18_29,8.0,crossing_pair
x_14_27,x_18_31,8.0,crossing_pair
x_14_27,x_18_33,8.0,crossing_pair
x_14_27,x_18_34,8.0,crossing_pair
x_14_27,x_18_35,8.0,crossing_pair
x_14_27,x_18_36,8.0,crossing_pair
x_14_27,x_18_40,8.0,crossing_pair
x_14_27,x_18_44,8.0,crossing_pair
x_14_27,x_19_27,8.0,shared_nucleotide
x_14_27,x_19_28,8.0,crossing_pair
x_14_27,x_19_29,8.0,crossing_pair
x_14_27,x_19_31,8.0,crossing_pair
x_14_27,x_19_33,8.0,crossing_pair
x_14_27,x_19_34,8.0,crossing_pair
x_14_27,x_19_35,8.0,crossing_pair
x_14_27,x_19_36,8.0,crossing_pair
x_14_27,x_19_40,8.0,crossing_pair
x_14_27,x_19_44,8.0,crossing_pair
x_14_27,x_20_30,8.0,crossing_pair
x_14_27,x_20_32,8.0,crossing_pair
x_14_27,x_20_37,8.0,crossing_pair
x_14_27,x_20_38,8.0,crossing_pair
x_14_27,x_20_39,8.0,crossing_pair
x_14_27,x_20_41,8.0,crossing_pair
x_14_27,x_20_42,8.0,crossing_pair
x_14_27,x_20_43,8.0,crossing_pair
x_14_27,x_21_30,8.0,crossing_pair
x_14_27,x_21_37,8.0,crossing_pair
x_14_27,x_21_38,8.0,crossing_pair
x_14_27,x_21_39,8.0,crossing_pair
x_14_27,x_21_42,8.0,crossing_pair
x_14_27,x_21_43,8.0,crossing_pair
x_14_27,x_22_30,8.0,crossing_pair
x_14_27,x_22_32,8.0,crossing_pair
x_14_27,x_22_37,8.0,crossing_pair
x_14_27,x_22_38,8.0,crossing_pair
x_14_27,x_22_39,8.0,crossing_pair
x_14_27,x_22_41,8.0,crossing_pair
x_14_27,x_22_42,8.0,crossing_pair
x_14_27,x_22_43,8.0,crossing_pair
x_14_27,x_23_30,8.0,crossing_pair
x_14_27,x_23_37,8.0,crossing_pair
x_14_27,x_23_38,8.0,crossing_pair
x_14_27,x_23_39,8.0,crossing_pair
x_14_27,x_23_42,8.0,crossing_pair
x_14_27,x_23_43,8.0,crossing_pair
x_14_27,x_24_30,8.0,crossing_pair
x_14_27,x_24_37,8.0,crossing_pair
x_14_27,x_24_38,8.0,crossing_pair
x_14_27,x_24_39,8.0,crossing_pair
x_14_27,x_24_42,8.0,crossing_pair
x_14_27,x_24_43,8.0,crossing_pair
x_14_27,x_25_34,8.0,crossing_pair
x_14_27,x_25_40,8.0,crossing_pair
x_14_27,x_25_44,8.0,crossing_pair
x_14_27,x_26_30,8.0,crossing_pair
x_14_27,x_26_37,8.0,crossing_pair
x_14_27,x_26_38,8.0,crossing_pair
x_14_27,x_26_39,8.0,crossing_pair
x_14_27,x_26_42,8.0,crossing_pair
x_14_27,x_26_43,8.0,crossing_pair
x_14_27,x_27_37,8.0,shared_nucleotide
x_14_27,x_27_38,8.0,shared_nucleotide
x_14_27,x_27_39,8.0,shared_nucleotide
x_14_27,x_27_42,8.0,shared_nucleotide
x_14_27,x_27_43,8.0,shared_nucleotide
x_14_28,x_14_29,8.0,shared_nucleotide
x_14_28,x_14_31,8.0,shared_nucleotide
x_14_28,x_14_33,8.0,shared_nucleotide
x_14_28,x_14_34,8.0,shared_nucleotide
x_14_28,x_14_35,8.0,shared_nucleotide
x_14_28,x_14_36,8.0,shared_nucleotide
x_14_28,x_14_40,8.0,shared_nucleotide
x_14_28,x_14_44,8.0,shared_nucleotide
x_14_28,x_15_34,8.0,crossing_pair
x_14_28,x_15_40,8.0,crossing_pair
x_14_28,x_15_44,8.0,crossing_pair
x_14_28,x_16_30,8.0,crossing_pair
x_14_28,x_16_32,8.0,crossing_pair
x_14_28,x_16_37,8.0,crossing_pair
x_14_28,x_16_38,8.0,crossing_pair
x_14_28,x_16_39,8.0,crossing_pair
x_14_28,x_16_41,8.0,crossing_pair
x_14_28,x_16_42,8.0,crossing_pair
x_14_28,x_16_43,8.0,crossing_pair
x_14_28,x_17_30,8.0,crossing_pair
x_14_28,x_17_37,8.0,crossing_pair
x_14_28,x_17_38,8.0,crossing_pair
x_14_28,x_17_39,8.0,crossing_pair
x_14_28,x_17_42,8.0,crossing_pair
x_14_28,x_17_43,8.0,crossing_pair
x_14_28,x_18_28,8.0,shared_nucleotide
x_14_28,x_18_29,8.0,crossing_pair
x_14_28,x_18_31,8.0,crossing_pair
x_14_28,x_18_33,8.0,crossing_pair
x_14_28,x_18_34,8.0,crossing_pair
x_14_28,x_18_35,8.0,crossing_pair
x_14_28,x_18_36,8.0,crossing_pair
x_14_28,x_18_40,8.0,crossing_pair
x_14_28,x_18_44,8.0,crossing_pair
x_14_28,x_19_28,8.0,shared_nucleotide
x_14_28,x_19_29,8.0,crossing_pair
x_14_28,x_19_31,8.0,crossing_pair
x_14_28,x_19_33,8.0,crossing_pair
x_14_28,x_19_34,8.0,crossing_pair
x_14_28,x_19_35,8.0,crossing_pair
x_14_28,x_19_36,8.0,crossing_pair
x_14_28,x_19_40,8.0,crossing_pair
x_14_28,x_19_44,8.0,crossing_pair
x_14_28,x_20_30,8.0,crossing_pair
x_14_28,x_20_32,8.0,crossing_pair
x_14_28,x_20_37,8.0,crossing_pair
x_14_28,x_20_38,8.0,crossing_pair
x_14_28,x_20_39,8.0,crossing_pair
x_14_28,x_20_41,8.0,crossing_pair
x_14_28,x_20_42,8.0,crossing_pair
x_14_28,x_20_43,8.0,crossing_pair
x_14_28,x_21_30,8.0,crossing_pair
x_14_28,x_21_37,8.0,crossing_pair
x_14_28,x_21_38,8.0,crossing_pair
x_14_28,x_21_39,8.0,crossing_pair
x_14_28,x_21_42,8.0,crossing_pair
x_14_28,x_21_43,8.0,crossing_pair
x_14_28,x_22_30,8.0,crossing_pair
x_14_28,x_22_32,8.0,crossing_pair
x_14_28,x_22_37,8.0,crossing_pair
x_14_28,x_22_38,8.0,crossing_pair
x_14_28,x_22_39,8.0,crossing_pair
x_14_28,x_22_41,8.0,crossing_pair
x_14_28,x_22_42,8.0,crossing_pair
x_14_28,x_22_43,8.0,crossing_pair
x_14_28,x_23_30,8.0,crossing_pair
x_14_28,x_23_37,8.0,crossing_pair
x_14_28,x_23_38,8.0,crossing_pair
x_14_28,x_23_39,8.0,crossing_pair
x_14_28,x_23_42,8.0,crossing_pair
x_14_28,x_23_43,8.0,crossing_pair
x_14_28,x_24_30,8.0,crossing_pair
x_14_28,x_24_37,8.0,crossing_pair
x_14_28,x_24_38,8.0,crossing_pair
x_14_28,x_24_39,8.0,crossing_pair
x_14_28,x_24_42,8.0,crossing_pair
x_14_28,x_24_43,8.0,crossing_pair
x_14_28,x_25_34,8.0,crossing_pair
x_14_28,x_25_40,8.0,crossing_pair
x_14_28,x_25_44,8.0,crossing_pair
x_14_28,x_26_30,8.0,crossing_pair
x_14_28,x_26_37,8.0,crossing_pair
x_14_28,x_26_38,8.0,crossing_pair
x_14_28,x_26_39,8.0,crossing_pair
x_14_28,x_26_42,8.0,crossing_pair
x_14_28,x_26_43,8.0,crossing_pair
x_14_28,x_27_37,8.0,crossing_pair
x_14_28,x_27_38,8.0,crossing_pair
x_14_28,x_27_39,8.0,crossing_pair
x_14_28,x_27_42,8.0,crossing_pair
x_14_28,x_27_43,8.0,crossing_pair
x_14_28,x_28_37,8.0,shared_nucleotide
x_14_28,x_28_38,8.0,shared_nucleotide
x_14_28,x_28_39,8.0,shared_nucleotide
x_14_28,x_28_42,8.0,shared_nucleotide
x_14_28,x_28_43,8.0,shared_nucleotide
x_14_29,x_14_31,8.0,shared_nucleotide
x_14_29,x_14_33,8.0,shared_nucleotide
x_14_29,x_14_34,8.0,shared_nucleotide
x_14_29,x_14_35,8.0,shared_nucleotide
x_14_29,x_14_36,8.0,shared_nucleotide
x_14_29,x_14_40,8.0,shared_nucleotide
x_14_29,x_14_44,8.0,shared_nucleotide
x_14_29,x_15_34,8.0,crossing_pair
x_14_29,x_15_40,8.0,crossing_pair
x_14_29,x_15_44,8.0,crossing_pair
x_14_29,x_16_30,8.0,crossing_pair
x_14_29,x_16_32,8.0,crossing_pair
x_14_29,x_16_37,8.0,crossing_pair
x_14_29,x_16_38,8.0,crossing_pair
x_14_29,x_16_39,8.0,crossing_pair
x_14_29,x_16_41,8.0,crossing_pair
x_14_29,x_16_42,8.0,crossing_pair
x_14_29,x_16_43,8.0,crossing_pair
x_14_29,x_17_30,8.0,crossing_pair
x_14_29,x_17_37,8.0,crossing_pair
x_14_29,x_17_38,8.0,crossing_pair
x_14_29,x_17_39,8.0,crossing_pair
x_14_29,x_17_42,8.0,crossing_pair
x_14_29,x_17_43,8.0,crossing_pair
x_14_29,x_18_29,8.0,shared_nucleotide
x_14_29,x_18_31,8.0,crossing_pair
x_14_29,x_18_33,8.0,crossing_pair
x_14_29,x_18_34,8.0,crossing_pair
x_14_29,x_18_35,8.0,crossing_pair
x_14_29,x_18_36,8.0,crossing_pair
x_14_29,x_18_40,8.0,crossing_pair
x_14_29,x_18_44,8.0,crossing_pair
x_14_29,x_19_29,8.0,shared_nucleotide
x_14_29,x_19_31,8.0,crossing_pair
x_14_29,x_19_33,8.0,crossing_pair
x_14_29,x_19_34,8.0,crossing_pair
x_14_29,x_19_35,8.0,crossing_pair
x_14_29,x_19_36,8.0,crossing_pair
x_14_29,x_19_40,8.0,crossing_pair
x_14_29,x_19_44,8.0,crossing_pair
x_14_29,x_20_30,8.0,crossing_pair
x_14_29,x_20_32,8.0,crossing_pair
x_14_29,x_20_37,8.0,crossing_pair
x_14_29,x_20_38,8.0,crossing_pair
x_14_29,x_20_39,8.0,crossing_pair
x_14_29,x_20_41,8.0,crossing_pair
x_14_29,x_20_42,8.0,crossing_pair
x_14_29,x_20_43,8.0,crossing_pair
x_14_29,x_21_30,8.0,crossing_pair
x_14_29,x_21_37,8.0,crossing_pair
x_14_29,x_21_38,8.0,crossing_pair
x_14_29,x_21_39,8.0,crossing_pair
x_14_29,x_21_42,8.0,crossing_pair
x_14_29,x_21_43,8.0,crossing_pair
x_14_29,x_22_30,8.0,crossing_pair
x_14_29,x_22_32,8.0,crossing_pair
x_14_29,x_22_37,8.0,crossing_pair
x_14_29,x_22_38,8.0,crossing_pair
x_14_29,x_22_39,8.0,crossing_pair
x_14_29,x_22_41,8.0,crossing_pair
x_14_29,x_22_42,8.0,crossing_pair
x_14_29,x_22_43,8.0,crossing_pair
x_14_29,x_23_30,8.0,crossing_pair
x_14_29,x_23_37,8.0,crossing_pair
x_14_29,x_23_38,8.0,crossing_pair
x_14_29,x_23_39,8.0,crossing_pair
x_14_29,x_23_42,8.0,crossing_pair
x_14_29,x_23_43,8.0,crossing_pair
x_14_29,x_24_30,8.0,crossing_pair
x_14_29,x_24_37,8.0,crossing_pair
x_14_29,x_24_38,8.0,crossing_pair
x_14_29,x_24_39,8.0,crossing_pair
x_14_29,x_24_42,8.0,crossing_pair
x_14_29,x_24_43,8.0,crossing_pair
x_14_29,x_25_34,8.0,crossing_pair
x_14_29,x_25_40,8.0,crossing_pair
x_14_29,x_25_44,8.0,crossing_pair
x_14_29,x_26_30,8.0,crossing_pair
x_14_29,x_26_37,8.0,crossing_pair
x_14_29,x_26_38,8.0,crossing_pair
x_14_29,x_26_39,8.0,crossing_pair
x_14_29,x_26_42,8.0,crossing_pair
x_14_29,x_26_43,8.0,crossing_pair
x_14_29,x_27_37,8.0,crossing_pair
x_14_29,x_27_38,8.0,crossing_pair
x_14_29,x_27_39,8.0,crossing_pair
x_14_29,x_27_42,8.0,crossing_pair
x_14_29,x_27_43,8.0,crossing_pair
x_14_29,x_28_37,8.0,crossing_pair
x_14_29,x_28_38,8.0,crossing_pair
x_14_29,x_28_39,8.0,crossing_pair
x_14_29,x_28_42,8.0,crossing_pair
x_14_29,x_28_43,8.0,crossing_pair
x_14_29,x_29_37,8.0,shared_nucleotide
x_14_29,x_29_38,8.0,shared_nucleotide
x_14_29,x_29_39,8.0,shared_nucleotide
x_14_29,x_29_42,8.0,shared_nucleotide
x_14_29,x_29_43,8.0,shared_nucleotide
x_14_31,x_14_33,8.0,shared_nucleotide
x_14_31,x_14_34,8.0,shared_nucleotide
x_14_31,x_14_35,8.0,shared_nucleotide
x_14_31,x_14_36,8.0,shared_nucleotide
x_14_31,x_14_40,8.0,shared_nucleotide
x_14_31,x_14_44,8.0,shared_nucleotide
x_14_31,x_15_34,8.0,crossing_pair
x_14_31,x_15_40,8.0,crossing_pair
x_14_31,x_15_44,8.0,crossing_pair
x_14_31,x_16_32,8.0,crossing_pair
x_14_31,x_16_37,8.0,crossing_pair
x_14_31,x_16_38,8.0,crossing_pair
x_14_31,x_16_39,8.0,crossing_pair
x_14_31,x_16_41,8.0,crossing_pair
x_14_31,x_16_42,8.0,crossing_pair
x_14_31,x_16_43,8.0,crossing_pair
x_14_31,x_17_37,8.0,crossing_pair
x_14_31,x_17_38,8.0,crossing_pair
x_14_31,x_17_39,8.0,crossing_pair
x_14_31,x_17_42,8.0,crossing_pair
x_14_31,x_17_43,8.0,crossing_pair
x_14_31,x_18_31,8.0,shared_nucleotide
x_14_31,x_18_33,8.0,crossing_pair
x_14_31,x_18_34,8.0,crossing_pair
x_14_31,x_18_35,8.0,crossing_pair
x_14_31,x_18_36,8.0,crossing_pair
x_14_31,x_18_40,8.0,crossing_pair
x_14_31,x_18_44,8.0,crossing_pair
x_14_31,x_19_31,8.0,shared_nucleotide
x_14_31,x_19_33,8.0,crossing_pair
x_14_31,x_19_34,8.0,crossing_pair
x_14_31,x_19_35,8.0,crossing_pair
x_14_31,x_19_36,8.0,crossing_pair
x_14_31,x_19_40,8.0,crossing_pair
x_14_31,x_19_44,8.0,crossing_pair
x_14_31,x_20_32,8.0,crossing_pair
x_14_31,x_20_37,8.0,crossing_pair
x_14_31,x_20_38,8.0,crossing_pair
x_14_31,x_20_39,8.0,crossing_pair
x_14_31,x_20_41,8.0,crossing_pair
x_14_31,x_20_42,8.0,crossing_pair
x_14_31,x_20_43,8.0,crossing_pair
x_14_31,x_21_37,8.0,crossing_pair
x_14_31,x_21_38,8.0,crossing_pair
x_14_31,x_21_39,8.0,crossing_pair
x_14_31,x_21_42,8.0,crossing_pair
x_14_31,x_21_43,8.0,crossing_pair
x_14_31,x_22_32,8.0,crossing_pair
x_14_31,x_22_37,8.0,crossing_pair
x_14_31,x_22_38,8.0,crossing_pair
x_14_31,x_22_39,8.0,crossing_pair
x_14_31,x_22_41,8.0,crossing_pair
x_14_31,x_22_42,8.0,crossing_pair
x_14_31,x_22_43,8.0,crossing_pair
x_14_31,x_23_37,8.0,crossing_pair
x_14_31,x_23_38,8.0,crossing_pair
x_14_31,x_23_39,8.0,crossing_pair
x_14_31,x_23_42,8.0,crossing_pair
x_14_31,x_23_43,8.0,crossing_pair
x_14_31,x_24_37,8.0,crossing_pair
x_14_31,x_24_38,8.0,crossing_pair
x_14_31,x_24_39,8.0,crossing_pair
x_14_31,x_24_42,8.0,crossing_pair
x_14_31,x_24_43,8.0,crossing_pair
x_14_31,x_25_34,8.0,crossing_pair
x_14_31,x_25_40,8.0,crossing_pair
x_14_31,x_25_44,8.0,crossing_pair
x_14_31,x_26_37,8.0,crossing_pair
x_14_31,x_26_38,8.0,crossing_pair
x_14_31,x_26_39,8.0,crossing_pair
x_14_31,x_26_42,8.0,crossing_pair
x_14_31,x_26_43,8.0,crossing_pair
x_14_31,x_27_37,8.0,crossing_pair
x_14_31,x_27_38,8.0,crossing_pair
x_14_31,x_27_39,8.0,crossing_pair
x_14_31,x_27_42,8.0,crossing_pair
x_14_31,x_27_43,8.0,crossing_pair
x_14_31,x_28_37,8.0,crossing_pair
x_14_31,x_28_38,8.0,crossing_pair
x_14_31,x_28_39,8.0,crossing_pair
x_14_31,x_28_42,8.0,crossing_pair
x_14_31,x_28_43,8.0,crossing_pair
x_14_31,x_29_37,8.0,crossing_pair
x_14_31,x_29_38,8.0,crossing_pair
x_14_31,x_29_39,8.0,crossing_pair
x_14_31,x_29_42,8.0,crossing_pair
x_14_31,x_29_43,8.0,crossing_pair
x_14_31,x_30_34,8.0,crossing_pair
x_14_31,x_30_35,8.0,crossing_pair
x_14_31,x_30_36,8.0,crossing_pair
x_14_31,x_30_40,8.0,crossing_pair
x_14_31,x_30_44,8.0,crossing_pair
x_14_31,x_31_37,8.0,shared_nucleotide
x_14_31,x_31_38,8.0,shared_nucleotide
x_14_31,x_31_39,8.0,shared_nucleotide
x_14_31,x_31_42,8.0,shared_nucleotide
x_14_31,x_31_43,8.0,shared_nucleotide
x_14_33,x_14_34,8.0,shared_nucleotide
x_14_33,x_14_35,8.0,shared_nucleotide
x_14_33,x_14_36,8.0,shared_nucleotide
x_14_33,x_14_40,8.0,shared_nucleotide
x_14_33,x_14_44,8.0,shared_nucleotide
x_14_33,x_15_34,8.0,crossing_pair
x_14_33,x_15_40,8.0,crossing_pair
x_14_33,x_15_44,8.0,crossing_pair
x_14_33,x_16_37,8.0,crossing_pair
x_14_33,x_16_38,8.0,crossing_pair
x_14_33,x_16_39,8.0,crossing_pair
x_14_33,x_16_41,8.0,crossing_pair
x_14_33,x_16_42,8.0,crossing_pair
x_14_33,x_16_43,8.0,crossing_pair
x_14_33,x_17_37,8.0,crossing_pair
x_14_33,x_17_38,8.0,crossing_pair
x_14_33,x_17_39,8.0,crossing_pair
x_14_33,x_17_42,8.0,crossing_pair
x_14_33,x_17_43,8.0,crossing_pair
x_14_33,x_18_33,8.0,shared_nucleotide
x_14_33,x_18_34,8.0,crossing_pair
x_14_33,x_18_35,8.0,crossing_pair
x_14_33,x_18_36,8.0,crossing_pair
x_14_33,x_18_40,8.0,crossing_pair
x_14_33,x_18_44,8.0,crossing_pair
x_14_33,x_19_33,8.0,shared_nucleotide
x_14_33,x_19_34,8.0,crossing_pair
x_14_33,x_19_35,8.0,crossing_pair
x_14_33,x_19_36,8.0,crossing_pair
x_14_33,x_19_40,8.0,crossing_pair
x_14_33,x_19_44,8.0,crossing_pair
x_14_33,x_20_37,8.0,crossing_pair
x_14_33,x_20_38,8.0,crossing_pair
x_14_33,x_20_39,8.0,crossing_pair
x_14_33,x_20_41,8.0,crossing_pair
x_14_33,x_20_42,8.0,crossing_pair
x_14_33,x_20_43,8.0,crossing_pair
x_14_33,x_21_37,8.0,crossing_pair
x_14_33,x_21_38,8.0,crossing_pair
x_14_33,x_21_39,8.0,crossing_pair
x_14_33,x_21_42,8.0,crossing_pair
x_14_33,x_21_43,8.0,crossing_pair
x_14_33,x_22_37,8.0,crossing_pair
x_14_33,x_22_38,8.0,crossing_pair
x_14_33,x_22_39,8.0,crossing_pair
x_14_33,x_22_41,8.0,crossing_pair
x_14_33,x_22_42,8.0,crossing_pair
x_14_33,x_22_43,8.0,crossing_pair
x_14_33,x_23_37,8.0,crossing_pair
x_14_33,x_23_38,8.0,crossing_pair
x_14_33,x_23_39,8.0,crossing_pair
x_14_33,x_23_42,8.0,crossing_pair
x_14_33,x_23_43,8.0,crossing_pair
x_14_33,x_24_37,8.0,crossing_pair
x_14_33,x_24_38,8.0,crossing_pair
x_14_33,x_24_39,8.0,crossing_pair
x_14_33,x_24_42,8.0,crossing_pair
x_14_33,x_24_43,8.0,crossing_pair
x_14_33,x_25_34,8.0,crossing_pair
x_14_33,x_25_40,8.0,crossing_pair
x_14_33,x_25_44,8.0,crossing_pair
x_14_33,x_26_37,8.0,crossing_pair
x_14_33,x_26_38,8.0,crossing_pair
x_14_33,x_26_39,8.0,crossing_pair
x_14_33,x_26_42,8.0,crossing_pair
x_14_33,x_26_43,8.0,crossing_pair
x_14_33,x_27_37,8.0,crossing_pair
x_14_33,x_27_38,8.0,crossing_pair
x_14_33,x_27_39,8.0,crossing_pair
x_14_33,x_27_42,8.0,crossing_pair
x_14_33,x_27_43,8.0,crossing_pair
x_14_33,x_28_37,8.0,crossing_pair
x_14_33,x_28_38,8.0,crossing_pair
x_14_33,x_28_39,8.0,crossing_pair
x_14_33,x_28_42,8.0,crossing_pair
x_14_33,x_28_43,8.0,crossing_pair
x_14_33,x_29_37,8.0,crossing_pair
x_14_33,x_29_38,8.0,crossing_pair
x_14_33,x_29_39,8.0,crossing_pair
x_14_33,x_29_42,8.0,crossing_pair
x_14_33,x_29_43,8.0,crossing_pair
x_14_33,x_30_34,8.0,crossing_pair
x_14_33,x_30_35,8.0,crossing_pair
x_14_33,x_30_36,8.0,crossing_pair
x_14_33,x_30_40,8.0,crossing_pair
x_14_33,x_30_44,8.0,crossing_pair
x_14_33,x_31_37,8.0,crossing_pair
x_14_33,x_31_38,8.0,crossing_pair
x_14_33,x_31_39,8.0,crossing_pair
x_14_33,x_31_42,8.0,crossing_pair
x_14_33,x_31_43,8.0,crossing_pair
x_14_33,x_32_40,8.0,crossing_pair
x_14_33,x_32_44,8.0,crossing_pair
x_14_33,x_33_37,8.0,shared_nucleotide
x_14_33,x_33_38,8.0,shared_nucleotide
x_14_33,x_33_39,8.0,shared_nucleotide
x_14_33,x_33_42,8.0,shared_nucleotide
x_14_33,x_33_43,8.0,shared_nucleotide
x_14_34,x_14_35,8.0,shared_nucleotide
x_14_34,x_14_36,8.0,shared_nucleotide
x_14_34,x_14_40,8.0,shared_nucleotide
x_14_34,x_14_44,8.0,shared_nucleotide
x_14_34,x_15_34,8.0,shared_nucleotide
x_14_34,x_15_40,8.0,crossing_pair
x_14_34,x_15_44,8.0,crossing_pair
x_14_34,x_16_37,8.0,crossing_pair
x_14_34,x_16_38,8.0,crossing_pair
x_14_34,x_16_39,8.0,crossing_pair
x_14_34,x_16_41,8.0,crossing_pair
x_14_34,x_16_42,8.0,crossing_pair
x_14_34,x_16_43,8.0,crossing_pair
x_14_34,x_17_37,8.0,crossing_pair
x_14_34,x_17_38,8.0,crossing_pair
x_14_34,x_17_39,8.0,crossing_pair
x_14_34,x_17_42,8.0,crossing_pair
x_14_34,x_17_43,8.0,crossing_pair
x_14_34,x_18_34,8.0,shared_nucleotide
x_14_34,x_18_35,8.0,crossing_pair
x_14_34,x_18_36,8.0,crossing_pair
x_14_34,x_18_40,8.0,crossing_pair
x_14_34,x_18_44,8.0,crossing_pair
x_14_34,x_19_34,8.0,shared_nucleotide
x_14_34,x_19_35,8.0,crossing_pair
x_14_34,x_19_36,8.0,crossing_pair
x_14_34,x_19_40,8.0,crossing_pair
x_14_34,x_19_44,8.0,crossing_pair
x_14_34,x_20_37,8.0,crossing_pair
x_14_34,x_20_38,8.0,crossing_pair
x_14_34,x_20_39,8.0,crossing_pair
x_14_34,x_20_41,8.0,crossing_pair
x_14_34,x_20_42,8.0,crossing_pair
x_14_34,x_20_43,8.0,crossing_pair
x_14_34,x_21_37,8.0,crossing_pair
x_14_34,x_21_38,8.0,crossing_pair
x_14_34,x_21_39,8.0,crossing_pair
x_14_34,x_21_42,8.0,crossing_pair
x_14_34,x_21_43,8.0,crossing_pair
x_14_34,x_22_37,8.0,crossing_pair
x_14_34,x_22_38,8.0,crossing_pair
x_14_34,x_22_39,8.0,crossing_pair
x_14_34,x_22_41,8.0,crossing_pair
x_14_34,x_22_42,8.0,crossing_pair
x_14_34,x_22_43,8.0,crossing_pair
x_14_34,x_23_37,8.0,crossing_pair
x_14_34,x_23_38,8.0,crossing_pair
x_14_34,x_23_39,8.0,crossing_pair
x_14_34,x_23_42,8.0,crossing_pair
x_14_34,x_23_43,8.0,crossing_pair
x_14_34,x_24_37,8.0,crossing_pair
x_14_34,x_24_38,8.0,crossing_pair
x_14_34,x_24_39,8.0,crossing_pair
x_14_34,x_24_42,8.0,crossing_pair
x_14_34,x_24_43,8.0,crossing_pair
x_14_34,x_25_34,8.0,shared_nucleotide
x_14_34,x_25_40,8.0,crossing_pair
x_14_34,x_25_44,8.0,crossing_pair
x_14_34,x_26_37,8.0,crossing_pair
x_14_34,x_26_38,8.0,crossing_pair
x_14_34,x_26_39,8.0,crossing_pair
x_14_34,x_26_42,8.0,crossing_pair
x_14_34,x_26_43,8.0,crossing_pair
x_14_34,x_27_37,8.0,crossing_pair
x_14_34,x_27_38,8.0,crossing_pair
x_14_34,x_27_39,8.0,crossing_pair
x_14_34,x_27_42,8.0,crossing_pair
x_14_34,x_27_43,8.0,crossing_pair
x_14_34,x_28_37,8.0,crossing_pair
x_14_34,x_28_38,8.0,crossing_pair
x_14_34,x_28_39,8.0,crossing_pair
x_14_34,x_28_42,8.0,crossing_pair
x_14_34,x_28_43,8.0,crossing_pair
x_14_34,x_29_37,8.0,crossing_pair
x_14_34,x_29_38,8.0,crossing_pair
x_14_34,x_29_39,8.0,crossing_pair
x_14_34,x_29_42,8.0,crossing_pair
x_14_34,x_29_43,8.0,crossing_pair
x_14_34,x_30_34,8.0,shared_nucleotide
x_14_34,x_30_35,8.0,crossing_pair
x_14_34,x_30_36,8.0,crossing_pair
x_14_34,x_30_40,8.0,crossing_pair
x_14_34,x_30_44,8.0,crossing_pair
x_14_34,x_31_37,8.0,crossing_pair
x_14_34,x_31_38,8.0,crossing_pair
x_14_34,x_31_39,8.0,crossing_pair
x_14_34,x_31_42,8.0,crossing_pair
x_14_34,x_31_43,8.0,crossing_pair
x_14_34,x_32_40,8.0,crossing_pair
x_14_34,x_32_44,8.0,crossing_pair
x_14_34,x_33_37,8.0,crossing_pair
x_14_34,x_33_38,8.0,crossing_pair
x_14_34,x_33_39,8.0,crossing_pair
x_14_34,x_33_42,8.0,crossing_pair
x_14_34,x_33_43,8.0,crossing_pair
x_14_34,x_34_38,8.0,shared_nucleotide
x_14_34,x_34_39,8.0,shared_nucleotide
x_14_34,x_34_41,8.0,shared_nucleotide
x_14_34,x_34_42,8.0,shared_nucleotide
x_14_34,x_34_43,8.0,shared_nucleotide
x_14_35,x_14_36,8.0,shared_nucleotide
x_14_35,x_14_40,8.0,shared_nucleotide
x_14_35,x_14_44,8.0,shared_nucleotide
x_14_35,x_15_40,8.0,crossing_pair
x_14_35,x_15_44,8.0,crossing_pair
x_14_35,x_16_37,8.0,crossing_pair
x_14_35,x_16_38,8.0,crossing_pair
x_14_35,x_16_39,8.0,crossing_pair
x_14_35,x_16_41,8.0,crossing_pair
x_14_35,x_16_42,8.0,crossing_pair
x_14_35,x_16_43,8.0,crossing_pair
x_14_35,x_17_37,8.0,crossing_pair
x_14_35,x_17_38,8.0,crossing_pair
x_14_35,x_17_39,8.0,crossing_pair
x_14_35,x_17_42,8.0,crossing_pair
x_14_35,x_17_43,8.0,crossing_pair
x_14_35,x_18_35,8.0,shared_nucleotide
x_14_35,x_18_36,8.0,crossing_pair
x_14_35,x_18_40,8.0,crossing_pair
x_14_35,x_18_44,8.0,crossing_pair
x_14_35,x_19_35,8.0,shared_nucleotide
x_14_35,x_19_36,8.0,crossing_pair
x_14_35,x_19_40,8.0,crossing_pair
x_14_35,x_19_44,8.0,crossing_pair
x_14_35,x_20_37,8.0,crossing_pair
x_14_35,x_20_38,8.0,crossing_pair
x_14_35,x_20_39,8.0,crossing_pair
x_14_35,x_20_41,8.0,crossing_pair
x_14_35,x_20_42,8.0,crossing_pair
x_14_35,x_20_43,8.0,crossing_pair
x_14_35,x_21_37,8.0,crossing_pair
x_14_35,x_21_38,8.0,crossing_pair
x_14_35,x_21_39,8.0,crossing_pair
x_14_35,x_21_42,8.0,crossing_pair
x_14_35,x_21_43,8.0,crossing_pair
x_14_35,x_22_37,8.0,crossing_pair
x_14_35,x_22_38,8.0,crossing_pair
x_14_35,x_22_39,8.0,crossing_pair
x_14_35,x_22_41,8.0,crossing_pair
x_14_35,x_22_42,8.0,crossing_pair
x_14_35,x_22_43,8.0,crossing_pair
x_14_35,x_23_37,8.0,crossing_pair
x_14_35,x_23_38,8.0,crossing_pair
x_14_35,x_23_39,8.0,crossing_pair
x_14_35,x_23_42,8.0,crossing_pair
x_14_35,x_23_43,8.0,crossing_pair
x_14_35,x_24_37,8.0,crossing_pair
x_14_35,x_24_38,8.0,crossing_pair
x_14_35,x_24_39,8.0,crossing_pair
x_14_35,x_24_42,8.0,crossing_pair
x_14_35,x_24_43,8.0,crossing_pair
x_14_35,x_25_40,8.0,crossing_pair
x_14_35,x_25_44,8.0,crossing_pair
x_14_35,x_26_37,8.0,crossing_pair
x_14_35,x_26_38,8.0,crossing_pair
x_14_35,x_26_39,8.0,crossing_pair
x_14_35,x_26_42,8.0,crossing_pair
x_14_35,x_26_43,8.0,crossing_pair
x_14_35,x_27_37,8.0,crossing_pair
x_14_35,x_27_38,8.0,crossing_pair
x_14_35,x_27_39,8.0,crossing_pair
x_14_35,x_27_42,8.0,crossing_pair
x_14_35,x_27_43,8.0,crossing_pair
x_14_35,x_28_37,8.0,crossing_pair
x_14_35,x_28_38,8.0,crossing_pair
x_14_35,x_28_39,8.0,crossing_pair
x_14_35,x_28_42,8.0,crossing_pair
x_14_35,x_28_43,8.0,crossing_pair
x_14_35,x_29_37,8.0,crossing_pair
x_14_35,x_29_38,8.0,crossing_pair
x_14_35,x_29_39,8.0,crossing_pair
x_14_35,x_29_42,8.0,crossing_pair
x_14_35,x_29_43,8.0,crossing_pair
x_14_35,x_30_35,8.0,shared_nucleotide
x_14_35,x_30_36,8.0,crossing_pair
x_14_35,x_30_40,8.0,crossing_pair
x_14_35,x_30_44,8.0,crossing_pair
x_14_35,x_31_37,8.0,crossing_pair
x_14_35,x_31_38,8.0,crossing_pair
x_14_35,x_31_39,8.0,crossing_pair
x_14_35,x_31_42,8.0,crossing_pair
x_14_35,x_31_43,8.0,crossing_pair
x_14_35,x_32_40,8.0,crossing_pair
x_14_35,x_32_44,8.0,crossing_pair
x_14_35,x_33_37,8.0,crossing_pair
x_14_35,x_33_38,8.0,crossing_pair
x_14_35,x_33_39,8.0,crossing_pair
x_14_35,x_33_42,8.0,crossing_pair
x_14_35,x_33_43,8.0,crossing_pair
x_14_35,x_34_38,8.0,crossing_pair
x_14_35,x_34_39,8.0,crossing_pair
x_14_35,x_34_41,8.0,crossing_pair
x_14_35,x_34_42,8.0,crossing_pair
x_14_35,x_34_43,8.0,crossing_pair
x_14_35,x_35_39,8.0,shared_nucleotide
x_14_35,x_35_42,8.0,shared_nucleotide
x_14_35,x_35_43,8.0,shared_nucleotide
x_14_36,x_14_40,8.0,shared_nucleotide
x_14_36,x_14_44,8.0,shared_nucleotide
x_14_36,x_15_40,8.0,crossing_pair
x_14_36,x_15_44,8.0,crossing_pair
x_14_36,x_16_37,8.0,crossing_pair
x_14_36,x_16_38,8.0,crossing_pair
x_14_36,x_16_39,8.0,crossing_pair
x_14_36,x_16_41,8.0,crossing_pair
x_14_36,x_16_42,8.0,crossing_pair
x_14_36,x_16_43,8.0,crossing_pair
x_14_36,x_17_37,8.0,crossing_pair
x_14_36,x_17_38,8.0,crossing_pair
x_14_36,x_17_39,8.0,crossing_pair
x_14_36,x_17_42,8.0,crossing_pair
x_14_36,x_17_43,8.0,crossing_pair
x_14_36,x_18_36,8.0,shared_nucleotide
x_14_36,x_18_40,8.0,crossing_pair
x_14_36,x_18_44,8.0,crossing_pair
x_14_36,x_19_36,8.0,shared_nucleotide
x_14_36,x_19_40,8.0,crossing_pair
x_14_36,x_19_44,8.0,crossing_pair
x_14_36,x_20_37,8.0,crossing_pair
x_14_36,x_20_38,8.0,crossing_pair
x_14_36,x_20_39,8.0,crossing_pair
x_14_36,x_20_41,8.0,crossing_pair
x_14_36,x_20_42,8.0,crossing_pair
x_14_36,x_20_43,8.0,crossing_pair
x_14_36,x_21_37,8.0,crossing_pair
x_14_36,x_21_38,8.0,crossing_pair
x_14_36,x_21_39,8.0,crossing_pair
x_14_36,x_21_42,8.0,crossing_pair
x_14_36,x_21_43,8.0,crossing_pair
x_14_36,x_22_37,8.0,crossing_pair
x_14_36,x_22_38,8.0,crossing_pair
x_14_36,x_22_39,8.0,crossing_pair
x_14_36,x_22_41,8.0,crossing_pair
x_14_36,x_22_42,8.0,crossing_pair
x_14_36,x_22_43,8.0,crossing_pair
x_14_36,x_23_37,8.0,crossing_pair
x_14_36,x_23_38,8.0,crossing_pair
x_14_36,x_23_39,8.0,crossing_pair
x_14_36,x_23_42,8.0,crossing_pair
x_14_36,x_23_43,8.0,crossing_pair
x_14_36,x_24_37,8.0,crossing_pair
x_14_36,x_24_38,8.0,crossing_pair
x_14_36,x_24_39,8.0,crossing_pair
x_14_36,x_24_42,8.0,crossing_pair
x_14_36,x_24_43,8.0,crossing_pair
x_14_36,x_25_40,8.0,crossing_pair
x_14_36,x_25_44,8.0,crossing_pair
x_14_36,x_26_37,8.0,crossing_pair
x_14_36,x_26_38,8.0,crossing_pair
x_14_36,x_26_39,8.0,crossing_pair
x_14_36,x_26_42,8.0,crossing_pair
x_14_36,x_26_43,8.0,crossing_pair
x_14_36,x_27_37,8.0,crossing_pair
x_14_36,x_27_38,8.0,crossing_pair
x_14_36,x_27_39,8.0,crossing_pair
x_14_36,x_27_42,8.0,crossing_pair
x_14_36,x_27_43,8.0,crossing_pair
x_14_36,x_28_37,8.0,crossing_pair
x_14_36,x_28_38,8.0,crossing_pair
x_14_36,x_28_39,8.0,crossing_pair
x_14_36,x_28_42,8.0,crossing_pair
x_14_36,x_28_43,8.0,crossing_pair
x_14_36,x_29_37,8.0,crossing_pair
x_14_36,x_29_38,8.0,crossing_pair
x_14_36,x_29_39,8.0,crossing_pair
x_14_36,x_29_42,8.0,crossing_pair
x_14_36,x_29_43,8.0,crossing_pair
x_14_36,x_30_36,8.0,shared_nucleotide
x_14_36,x_30_40,8.0,crossing_pair
x_14_36,x_30_44,8.0,crossing_pair
x_14_36,x_31_37,8.0,crossing_pair
x_14_36,x_31_38,8.0,crossing_pair
x_14_36,x_31_39,8.0,crossing_pair
x_14_36,x_31_42,8.0,crossing_pair
x_14_36,x_31_43,8.0,crossing_pair
x_14_36,x_32_40,8.0,crossing_pair
x_14_36,x_32_44,8.0,crossing_pair
x_14_36,x_33_37,8.0,crossing_pair
x_14_36,x_33_38,8.0,crossing_pair
x_14_36,x_33_39,8.0,crossing_pair
x_14_36,x_33_42,8.0,crossing_pair
x_14_36,x_33_43,8.0,crossing_pair
x_14_36,x_34_38,8.0,crossing_pair
x_14_36,x_34_39,8.0,crossing_pair
x_14_36,x_34_41,8.0,crossing_pair
x_14_36,x_34_42,8.0,crossing_pair
x_14_36,x_34_43,8.0,crossing_pair
x_14_36,x_35_39,8.0,crossing_pair
x_14_36,x_35_42,8.0,crossing_pair
x_14_36,x_35_43,8.0,crossing_pair
x_14_36,x_36_42,8.0,shared_nucleotide
x_14_36,x_36_43,8.0,shared_nucleotide
x_14_40,x_14_44,8.0,shared_nucleotide
x_14_40,x_15_40,8.0,shared_nucleotide
x_14_40,x_15_44,8.0,crossing_pair
x_14_40,x_16_41,8.0,crossing_pair
x_14_40,x_16_42,8.0,crossing_pair
x_14_40,x_16_43,8.0,crossing_pair
x_14_40,x_17_42,8.0,crossing_pair
x_14_40,x_17_43,8.0,crossing_pair
x_14_40,x_18_40,8.0,shared_nucleotide
x_14_40,x_18_44,8.0,crossing_pair
x_14_40,x_19_40,8.0,shared_nucleotide
x_14_40,x_19_44,8.0,crossing_pair
x_14_40,x_20_41,8.0,crossing_pair
x_14_40,x_20_42,8.0,crossing_pair
x_14_40,x_20_43,8.0,crossing_pair
x_14_40,x_21_42,8.0,crossing_pair
x_14_40,x_21_43,8.0,crossing_pair
x_14_40,x_22_41,8.0,crossing_pair
x_14_40,x_22_42,8.0,crossing_pair
x_14_40,x_22_43,8.0,crossing_pair
x_14_40,x_23_42,8.0,crossing_pair
x_14_40,x_23_43,8.0,crossing_pair
x_14_40,x_24_42,8.0,crossing_pair
x_14_40,x_24_43,8.0,crossing_pair
x_14_40,x_25_40,8.0,shared_nucleotide
x_14_40,x_25_44,8.0,crossing_pair
x_14_40,x_26_42,8.0,crossing_pair
x_14_40,x_26_43,8.0,crossing_pair
x_14_40,x_27_42,8.0,crossing_pair
x_14_40,x_27_43,8.0,crossing_pair
x_14_40,x_28_42,8.0,crossing_pair
x_14_40,x_28_43,8.0,crossing_pair
x_14_40,x_29_42,8.0,crossing_pair
x_14_40,x_29_43,8.0,crossing_pair
x_14_40,x_30_40,8.0,shared_nucleotide
x_14_40,x_30_44,8.0,crossing_pair
x_14_40,x_31_42,8.0,crossing_pair
x_14_40,x_31_43,8.0,crossing_pair
x_14_40,x_32_40,8.0,shared_nucleotide
x_14_40,x_32_44,8.0,crossing_pair
x_14_40,x_33_42,8.0,crossing_pair
x_14_40,x_33_43,8.0,crossing_pair
x_14_40,x_34_41,8.0,crossing_pair
x_14_40,x_34_42,8.0,crossing_pair
x_14_40,x_34_43,8.0,crossing_pair
x_14_40,x_35_42,8.0,crossing_pair
x_14_40,x_35_43,8.0,crossing_pair
x_14_40,x_36_42,8.0,crossing_pair
x_14_40,x_36_43,8.0,crossing_pair
x_14_40,x_37_44,8.0,crossing_pair
x_14_40,x_38_44,8.0,crossing_pair
x_14_40,x_39_44,8.0,crossing_pair
x_14_44,x_15_44,8.0,shared_nucleotide
x_14_44,x_18_44,8.0,shared_nucleotide
x_14_44,x_19_44,8.0,shared_nucleotide
x_14_44,x_25_44,8.0,shared_nucleotide
x_14_44,x_30_44,8.0,shared_nucleotide
x_14_44,x_32_44,8.0,shared_nucleotide
x_14_44,x_37_44,8.0,shared_nucleotide
x_14_44,x_38_44,8.0,shared_nucleotide
x_14_44,x_39_44,8.0,shared_nucleotide
x_15_20,x_15_22,8.0,shared_nucleotide
x_15_20,x_15_34,8.0,shared_nucleotide
x_15_20,x_15_40,8.0,shared_nucleotide
x_15_20,x_15_44,8.0,shared_nucleotide
x_15_20,x_16_25,8.0,crossing_pair
x_15_20,x_16_30,8.0,crossing_pair
x_15_20,x_16_32,8.0,crossing_pair
x_15_20,x_16_37,8.0,crossing_pair
x_15_20,x_16_38,8.0,crossing_pair
x_15_20,x_16_39,8.0,crossing_pair
x_15_20,x_16_41,8.0,crossing_pair
x_15_20,x_16_42,8.0,crossing_pair
x_15_20,x_16_43,8.0,crossing_pair
x_15_20,x_17_30,8.0,crossing_pair
x_15_20,x_17_37,8.0,crossing_pair
x_15_20,x_17_38,8.0,crossing_pair
x_15_20,x_17_39,8.0,crossing_pair
x_15_20,x_17_42,8.0,crossing_pair
x_15_20,x_17_43,8.0,crossing_pair
x_15_20,x_18_22,8.0,crossing_pair
x_15_20,x_18_23,8.0,crossing_pair
x_15_20,x_18_24,8.0,crossing_pair
x_15_20,x_18_26,8.0,crossing_pair
x_15_20,x_18_27,8.0,crossing_pair
x_15_20,x_18_28,8.0,crossing_pair
x_15_20,x_18_29,8.0,crossing_pair
x_15_20,x_18_31,8.0,crossing_pair
x_15_20,x_18_33,8.0,crossing_pair
x_15_20,x_18_34,8.0,crossing_pair
x_15_20,x_18_35,8.0,crossing_pair
x_15_20,x_18_36,8.0,crossing_pair
x_15_20,x_18_40,8.0,crossing_pair
x_15_20,x_18_44,8.0,crossing_pair
x_15_20,x_19_23,8.0,crossing_pair
x_15_20,x_19_24,8.0,crossing_pair
x_15_20,x_19_26,8.0,crossing_pair
x_15_20,x_19_27,8.0,crossing_pair
x_15_20,x_19_28,8.0,crossing_pair
x_15_20,x_19_29,8.0,crossing_pair
x_15_20,x_19_31,8.0,crossing_pair
x_15_20,x_19_33,8.0,crossing_pair
x_15_20,x_19_34,8.0,crossing_pair
x_15_20,x_19_35,8.0,crossing_pair
x_15_20,x_19_36,8.0,crossing_pair
x_15_20,x_19_40,8.0,crossing_pair
x_15_20,x_19_44,8.0,crossing_pair
x_15_20,x_20_25,8.0,shared_nucleotide
x_15_20,x_20_30,8.0,shared_nucleotide
x_15_20,x_20_32,8.0,shared_nucleotide
x_15_20,x_20_37,8.0,shared_nucleotide
x_15_20,x_20_38,8.0,shared_nucleotide
x_15_20,x_20_39,8.0,shared_nucleotide
x_15_20,x_20_41,8.0,shared_nucleotide
x_15_20,x_20_42,8.0,shared_nucleotide
x_15_20,x_20_43,8.0,shared_nucleotide
x_15_22,x_15_34,8.0,shared_nucleotide
x_15_22,x_15_40,8.0,shared_nucleotide
x_15_22,x_15_44,8.0,shared_nucleotide
x_15_22,x_16_25,8.0,crossing_pair
x_15_22,x_16_30,8.0,crossing_pair
x_15_22,x_16_32,8.0,crossing_pair
x_15_22,x_16_37,8.0,crossing_pair
x_15_22,x_16_38,8.0,crossing_pair
x_15_22,x_16_39,8.0,crossing_pair
x_15_22,x_16_41,8.0,crossing_pair
x_15_22,x_16_42,8.0,crossing_pair
x_15_22,x_16_43,8.0,crossing_pair
x_15_22,x_17_30,8.0,crossing_pair
x_15_22,x_17_37,8.0,crossing_pair
x_15_22,x_17_38,8.0,crossing_pair
x_15_22,x_17_39,8.0,crossing_pair
x_15_22,x_17_42,8.0,crossing_pair
x_15_22,x_17_43,8.0,crossing_pair
x_15_22,x_18_22,8.0,shared_nucleotide
x_15_22,x_18_23,8.0,crossing_pair
x_15_22,x_18_24,8.0,crossing_pair
x_15_22,x_18_26,8.0,crossing_pair
x_15_22,x_18_27,8.0,crossing_pair
x_15_22,x_18_28,8.0,crossing_pair
x_15_22,x_18_29,8.0,crossing_pair
x_15_22,x_18_31,8.0,crossing_pair
x_15_22,x_18_33,8.0,crossing_pair
x_15_22,x_18_34,8.0,crossing_pair
x_15_22,x_18_35,8.0,crossing_pair
x_15_22,x_18_36,8.0,crossing_pair
x_15_22,x_18_40,8.0,crossing_pair
x_15_22,x_18_44,8.0,crossing_pair
x_15_22,x_19_23,8.0,crossing_pair
x_15_22,x_19_24,8.0,crossing_pair
x_15_22,x_19_26,8.0,crossing_pair
x_15_22,x_19_27,8.0,crossing_pair
x_15_22,x_19_28,8.0,crossing_pair
x_15_22,x_19_29,8.0,crossing_pair
x_15_22,x_19_31,8.0,crossing_pair
x_15_22,x_19_33,8.0,crossing_pair
x_15_22,x_19_34,8.0,crossing_pair
x_15_22,x_19_35,8.0,crossing_pair
x_15_22,x_19_36,8.0,crossing_pair
x_15_22,x_19_40,8.0,crossing_pair
x_15_22,x_19_44,8.0,crossing_pair
x_15_22,x_20_25,8.0,crossing_pair
x_15_22,x_20_30,8.0,crossing_pair
x_15_22,x_20_32,8.0,crossing_pair
x_15_22,x_20_37,8.0,crossing_pair
x_15_22,x_20_38,8.0,crossing_pair
x_15_22,x_20_39,8.0,crossing_pair
x_15_22,x_20_41,8.0,crossing_pair
x_15_22,x_20_42,8.0,crossing_pair
x_15_22,x_20_43,8.0,crossing_pair
x_15_22,x_21_30,8.0,crossing_pair
x_15_22,x_21_37,8.0,crossing_pair
x_15_22,x_21_38,8.0,crossing_pair
x_15_22,x_21_39,8.0,crossing_pair
x_15_22,x_21_42,8.0,crossing_pair
x_15_22,x_21_43,8.0,crossing_pair
x_15_22,x_22_30,8.0,shared_nucleotide
x_15_22,x_22_32,8.0,shared_nucleotide
x_15_22,x_22_37,8.0,shared_nucleotide
x_15_22,x_22_38,8.0,shared_nucleotide
x_15_22,x_22_39,8.0,shared_nucleotide
x_15_22,x_22_41,8.0,shared_nucleotide
x_15_22,x_22_42,8.0,shared_nucleotide
x_15_22,x_22_43,8.0,shared_nucleotide
x_15_34,x_15_40,8.0,shared_nucleotide
x_15_34,x_15_44,8.0,shared_nucleotide
x_15_34,x_16_37,8.0,crossing_pair
x_15_34,x_16_38,8.0,crossing_pair
x_15_34,x_16_39,8.0,crossing_pair
x_15_34,x_16_41,8.0,crossing_pair
x_15_34,x_16_42,8.0,crossing_pair
x_15_34,x_16_43,8.0,crossing_pair
x_15_34,x_17_37,8.0,crossing_pair
x_15_34,x_17_38,8.0,crossing_pair
x_15_34,x_17_39,8.0,crossing_pair
x_15_34,x_17_42,8.0,crossing_pair
x_15_34,x_17_43,8.0,crossing_pair
x_15_34,x_18_34,8.0,shared_nucleotide
x_15_34,x_18_35,8.0,crossing_pair
x_15_34,x_18_36,8.0,crossing_pair
x_15_34,x_18_40,8.0,crossing_pair
x_15_34,x_18_44,8.0,crossing_pair
x_15_34,x_19_34,8.0,shared_nucleotide
x_15_34,x_19_35,8.0,crossing_pair
x_15_34,x_19_36,8.0,crossing_pair
x_15_34,x_19_40,8.0,crossing_pair
x_15_34,x_19_44,8.0,crossing_pair
x_15_34,x_20_37,8.0,crossing_pair
x_15_34,x_20_38,8.0,crossing_pair
x_15_34,x_20_39,8.0,crossing_pair
x_15_34,x_20_41,8.0,crossing_pair
x_15_34,x_20_42,8.0,crossing_pair
x_15_34,x_20_43,8.0,crossing_pair
x_15_34,x_21_37,8.0,crossing_pair
x_15_34,x_21_38,8.0,crossing_pair
x_15_34,x_21_39,8.0,crossing_pair
x_15_34,x_21_42,8.0,crossing_pair
x_15_34,x_21_43,8.0,crossing_pair
x_15_34,x_22_37,8.0,crossing_pair
x_15_34,x_22_38,8.0,crossing_pair
x_15_34,x_22_39,8.0,crossing_pair
x_15_34,x_22_41,8.0,crossing_pair
x_15_34,x_22_42,8.0,crossing_pair
x_15_34,x_22_43,8.0,crossing_pair
x_15_34,x_23_37,8.0,crossing_pair
x_15_34,x_23_38,8.0,crossing_pair
x_15_34,x_23_39,8.0,crossing_pair
x_15_34,x_23_42,8.0,crossing_pair
x_15_34,x_23_43,8.0,crossing_pair
x_15_34,x_24_37,8.0,crossing_pair
x_15_34,x_24_38,8.0,crossing_pair
x_15_34,x_24_39,8.0,crossing_pair
x_15_34,x_24_42,8.0,crossing_pair
x_15_34,x_24_43,8.0,crossing_pair
x_15_34,x_25_34,8.0,shared_nucleotide
x_15_34,x_25_40,8.0,crossing_pair
x_15_34,x_25_44,8.0,crossing_pair
x_15_34,x_26_37,8.0,crossing_pair
x_15_34,x_26_38,8.0,crossing_pair
x_15_34,x_26_39,8.0,crossing_pair
x_15_34,x_26_42,8.0,crossing_pair
x_15_34,x_26_43,8.0,crossing_pair
x_15_34,x_27_37,8.0,crossing_pair
x_15_34,x_27_38,8.0,crossing_pair
x_15_34,x_27_39,8.0,crossing_pair
x_15_34,x_27_42,8.0,crossing_pair
x_15_34,x_27_43,8.0,crossing_pair
x_15_34,x_28_37,8.0,crossing_pair
x_15_34,x_28_38,8.0,crossing_pair
x_15_34,x_28_39,8.0,crossing_pair
x_15_34,x_28_42,8.0,crossing_pair
x_15_34,x_28_43,8.0,crossing_pair
x_15_34,x_29_37,8.0,crossing_pair
x_15_34,x_29_38,8.0,crossing_pair
x_15_34,x_29_39,8.0,crossing_pair
x_15_34,x_29_42,8.0,crossing_pair
x_15_34,x_29_43,8.0,crossing_pair
x_15_34,x_30_34,8.0,shared_nucleotide
x_15_34,x_30_35,8.0,crossing_pair
x_15_34,x_30_36,8.0,crossing_pair
x_15_34,x_30_40,8.0,crossing_pair
x_15_34,x_30_44,8.0,crossing_pair
x_15_34,x_31_37,8.0,crossing_pair
x_15_34,x_31_38,8.0,crossing_pair
x_15_34,x_31_39,8.0,crossing_pair
x_15_34,x_31_42,8.0,crossing_pair
x_15_34,x_31_43,8.0,crossing_pair
x_15_34,x_32_40,8.0,crossing_pair
x_15_34,x_32_44,8.0,crossing_pair
x_15_34,x_33_37,8.0,crossing_pair
x_15_34,x_33_38,8.0,crossing_pair
x_15_34,x_33_39,8.0,crossing_pair
x_15_34,x_33_42,8.0,crossing_pair
x_15_34,x_33_43,8.0,crossing_pair
x_15_34,x_34_38,8.0,shared_nucleotide
x_15_34,x_34_39,8.0,shared_nucleotide
x_15_34,x_34_41,8.0,shared_nucleotide
x_15_34,x_34_42,8.0,shared_nucleotide
x_15_34,x_34_43,8.0,shared_nucleotide
x_15_40,x_15_44,8.0,shared_nucleotide
x_15_40,x_16_41,8.0,crossing_pair
x_15_40,x_16_42,8.0,crossing_pair
x_15_40,x_16_43,8.0,crossing_pair
x_15_40,x_17_42,8.0,crossing_pair
x_15_40,x_17_43,8.0,crossing_pair
x_15_40,x_18_40,8.0,shared_nucleotide
x_15_40,x_18_44,8.0,crossing_pair
x_15_40,x_19_40,8.0,shared_nucleotide
x_15_40,x_19_44,8.0,crossing_pair
x_15_40,x_20_41,8.0,crossing_pair
x_15_40,x_20_42,8.0,crossing_pair
x_15_40,x_20_43,8.0,crossing_pair
x_15_40,x_21_42,8.0,crossing_pair
x_15_40,x_21_43,8.0,crossing_pair
x_15_40,x_22_41,8.0,crossing_pair
x_15_40,x_22_42,8.0,crossing_pair
x_15_40,x_22_43,8.0,crossing_pair
x_15_40,x_23_42,8.0,crossing_pair
x_15_40,x_23_43,8.0,crossing_pair
x_15_40,x_24_42,8.0,crossing_pair
x_15_40,x_24_43,8.0,crossing_pair
x_15_40,x_25_40,8.0,shared_nucleotide
x_15_40,x_25_44,8.0,crossing_pair
x_15_40,x_26_42,8.0,crossing_pair
x_15_40,x_26_43,8.0,crossing_pair
x_15_40,x_27_42,8.0,crossing_pair
x_15_40,x_27_43,8.0,crossing_pair
x_15_40,x_28_42,8.0,crossing_pair
x_15_40,x_28_43,8.0,crossing_pair
x_15_40,x_29_42,8.0,crossing_pair
x_15_40,x_29_43,8.0,crossing_pair
x_15_40,x_30_40,8.0,shared_nucleotide
x_15_40,x_30_44,8.0,crossing_pair
x_15_40,x_31_42,8.0,crossing_pair
x_15_40,x_31_43,8.0,crossing_pair
x_15_40,x_32_40,8.0,shared_nucleotide
x_15_40,x_32_44,8.0,crossing_pair
x_15_40,x_33_42,8.0,crossing_pair
x_15_40,x_33_43,8.0,crossing_pair
x_15_40,x_34_41,8.0,crossing_pair
x_15_40,x_34_42,8.0,crossing_pair
x_15_40,x_34_43,8.0,crossing_pair
x_15_40,x_35_42,8.0,crossing_pair
x_15_40,x_35_43,8.0,crossing_pair
x_15_40,x_36_42,8.0,crossing_pair
x_15_40,x_36_43,8.0,crossing_pair
x_15_40,x_37_44,8.0,crossing_pair
x_15_40,x_38_44,8.0,crossing_pair
x_15_40,x_39_44,8.0,crossing_pair
x_15_44,x_18_44,8.0,shared_nucleotide
x_15_44,x_19_44,8.0,shared_nucleotide
x_15_44,x_25_44,8.0,shared_nucleotide
x_15_44,x_30_44,8.0,shared_nucleotide
x_15_44,x_32_44,8.0,shared_nucleotide
x_15_44,x_37_44,8.0,shared_nucleotide
x_15_44,x_38_44,8.0,shared_nucleotide
x_15_44,x_39_44,8.0,shared_nucleotide
x_16_25,x_16_30,8.0,shared_nucleotide
x_16_25,x_16_32,8.0,shared_nucleotide
x_16_25,x_16_37,8.0,shared_nucleotide
x_16_25,x_16_38,8.0,shared_nucleotide
x_16_25,x_16_39,8.0,shared_nucleotide
x_16_25,x_16_41,8.0,shared_nucleotide
x_16_25,x_16_42,8.0,shared_nucleotide
x_16_25,x_16_43,8.0,shared_nucleotide
x_16_25,x_17_30,8.0,crossing_pair
x_16_25,x_17_37,8.0,crossing_pair
x_16_25,x_17_38,8.0,crossing_pair
x_16_25,x_17_39,8.0,crossing_pair
x_16_25,x_17_42,8.0,crossing_pair
x_16_25,x_17_43,8.0,crossing_pair
x_16_25,x_18_26,8.0,crossing_pair
x_16_25,x_18_27,8.0,crossing_pair
x_16_25,x_18_28,8.0,crossing_pair
x_16_25,x_18_29,8.0,crossing_pair
x_16_25,x_18_31,8.0,crossing_pair
x_16_25,x_18_33,8.0,crossing_pair
x_16_25,x_18_34,8.0,crossing_pair
x_16_25,x_18_35,8.0,crossing_pair
x_16_25,x_18_36,8.0,crossing_pair
x_16_25,x_18_40,8.0,crossing_pair
x_16_25,x_18_44,8.0,crossing_pair
x_16_25,x_19_26,8.0,crossing_pair
x_16_25,x_19_27,8.0,crossing_pair
x_16_25,x_19_28,8.0,crossing_pair
x_16_25,x_19_29,8.0,crossing_pair
x_16_25,x_19_31,8.0,crossing_pair
x_16_25,x_19_33,8.0,crossing_pair
x_16_25,x_19_34,8.0,crossing_pair
x_16_25,x_19_35,8.0,crossing_pair
x_16_25,x_19_36,8.0,crossing_pair
x_16_25,x_19_40,8.0,crossing_pair
x_16_25,x_19_44,8.0,crossing_pair
x_16_25,x_20_25,8.0,shared_nucleotide
x_16_25,x_20_30,8.0,crossing_pair
x_16_25,x_20_32,8.0,crossing_pair
x_16_25,x_20_37,8.0,crossing_pair
x_16_25,x_20_38,8.0,crossing_pair
x_16_25,x_20_39,8.0,crossing_pair
x_16_25,x_20_41,8.0,crossing_pair
x_16_25,x_20_42,8.0,crossing_pair
x_16_25,x_20_43,8.0,crossing_pair
x_16_25,x_21_30,8.0,crossing_pair
x_16_25,x_21_37,8.0,crossing_pair
x_16_25,x_21_38,8.0,crossing_pair
x_16_25,x_21_39,8.0,crossing_pair
x_16_25,x_21_42,8.0,crossing_pair
x_16_25,x_21_43,8.0,crossing_pair
x_16_25,x_22_30,8.0,crossing_pair
x_16_25,x_22_32,8.0,crossing_pair
x_16_25,x_22_37,8.0,crossing_pair
x_16_25,x_22_38,8.0,crossing_pair
x_16_25,x_22_39,8.0,crossing_pair
x_16_25,x_22_41,8.0,crossing_pair
x_16_25,x_22_42,8.0,crossing_pair
x_16_25,x_22_43,8.0,crossing_pair
x_16_25,x_23_30,8.0,crossing_pair
x_16_25,x_23_37,8.0,crossing_pair
x_16_25,x_23_38,8.0,crossing_pair
x_16_25,x_23_39,8.0,crossing_pair
x_16_25,x_23_42,8.0,crossing_pair
x_16_25,x_23_43,8.0,crossing_pair
x_16_25,x_24_30,8.0,crossing_pair
x_16_25,x_24_37,8.0,crossing_pair
x_16_25,x_24_38,8.0,crossing_pair
x_16_25,x_24_39,8.0,crossing_pair
x_16_25,x_24_42,8.0,crossing_pair
x_16_25,x_24_43,8.0,crossing_pair
x_16_25,x_25_34,8.0,shared_nucleotide
x_16_25,x_25_40,8.0,shared_nucleotide
x_16_25,x_25_44,8.0,shared_nucleotide
x_16_30,x_16_32,8.0,shared_nucleotide
x_16_30,x_16_37,8.0,shared_nucleotide
x_16_30,x_16_38,8.0,shared_nucleotide
x_16_30,x_16_39,8.0,shared_nucleotide
x_16_30,x_16_41,8.0,shared_nucleotide
x_16_30,x_16_42,8.0,shared_nucleotide
x_16_30,x_16_43,8.0,shared_nucleotide
x_16_30,x_17_30,8.0,shared_nucleotide
x_16_30,x_17_37,8.0,crossing_pair
x_16_30,x_17_38,8.0,crossing_pair
x_16_30,x_17_39,8.0,crossing_pair
x_16_30,x_17_42,8.0,crossing_pair
x_16_30,x_17_43,8.0,crossing_pair
x_16_30,x_18_31,8.0,crossing_pair
x_16_30,x_18_33,8.0,crossing_pair
x_16_30,x_18_34,8.0,crossing_pair
x_16_30,x_18_35,8.0,crossing_pair
x_16_30,x_18_36,8.0,crossing_pair
x_16_30,x_18_40,8.0,crossing_pair
x_16_30,x_18_44,8.0,crossing_pair
x_16_30,x_19_31,8.0,crossing_pair
x_16_30,x_19_33,8.0,crossing_pair
x_16_30,x_19_34,8.0,crossing_pair
x_16_30,x_19_35,8.0,crossing_pair
x_16_30,x_19_36,8.0,crossing_pair
x_16_30,x_19_40,8.0,crossing_pair
x_16_30,x_19_44,8.0,crossing_pair
x_16_30,x_20_30,8.0,shared_nucleotide
x_16_30,x_20_32,8.0,crossing_pair
x_16_30,x_20_37,8.0,crossing_pair
x_16_30,x_20_38,8.0,crossing_pair
x_16_30,x_20_39,8.0,crossing_pair
x_16_30,x_20_41,8.0,crossing_pair
x_16_30,x_20_42,8.0,crossing_pair
x_16_30,x_20_43,8.0,crossing_pair
x_16_30,x_21_30,8.0,shared_nucleotide
x_16_30,x_21_37,8.0,crossing_pair
x_16_30,x_21_38,8.0,crossing_pair
x_16_30,x_21_39,8.0,crossing_pair
x_16_30,x_21_42,8.0,crossing_pair
x_16_30,x_21_43,8.0,crossing_pair
x_16_30,x_22_30,8.0,shared_nucleotide
x_16_30,x_22_32,8.0,crossing_pair
x_16_30,x_22_37,8.0,crossing_pair
x_16_30,x_22_38,8.0,crossing_pair
x_16_30,x_22_39,8.0,crossing_pair
x_16_30,x_22_41,8.0,crossing_pair
x_16_30,x_22_42,8.0,crossing_pair
x_16_30,x_22_43,8.0,crossing_pair
x_16_30,x_23_30,8.0,shared_nucleotide
x_16_30,x_23_37,8.0,crossing_pair
x_16_30,x_23_38,8.0,crossing_pair
x_16_30,x_23_39,8.0,crossing_pair
x_16_30,x_23_42,8.0,crossing_pair
x_16_30,x_23_43,8.0,crossing_pair
x_16_30,x_24_30,8.0,shared_nucleotide
x_16_30,x_24_37,8.0,crossing_pair
x_16_30,x_24_38,8.0,crossing_pair
x_16_30,x_24_39,8.0,crossing_pair
x_16_30,x_24_42,8.0,crossing_pair
x_16_30,x_24_43,8.0,crossing_pair
x_16_30,x_25_34,8.0,crossing_pair
x_16_30,x_25_40,8.0,crossing_pair
x_16_30,x_25_44,8.0,crossing_pair
x_16_30,x_26_30,8.0,shared_nucleotide
x_16_30,x_26_37,8.0,crossing_pair
x_16_30,x_26_38,8.0,crossing_pair
x_16_30,x_26_39,8.0,crossing_pair
x_16_30,x_26_42,8.0,crossing_pair
x_16_30,x_26_43,8.0,crossing_pair
x_16_30,x_27_37,8.0,crossing_pair
x_16_30,x_27_38,8.0,crossing_pair
x_16_30,x_27_39,8.0,crossing_pair
x_16_30,x_27_42,8.0,crossing_pair
x_16_30,x_27_43,8.0,crossing_pair
x_16_30,x_28_37,8.0,crossing_pair
x_16_30,x_28_38,8.0,crossing_pair
x_16_30,x_28_39,8.0,crossing_pair
x_16_30,x_28_42,8.0,crossing_pair
x_16_30,x_28_43,8.0,crossing_pair
x_16_30,x_29_37,8.0,crossing_pair
x_16_30,x_29_38,8.0,crossing_pair
x_16_30,x_29_39,8.0,crossing_pair
x_16_30,x_29_42,8.0,crossing_pair
x_16_30,x_29_43,8.0,crossing_pair
x_16_30,x_30_34,8.0,shared_nucleotide
x_16_30,x_30_35,8.0,shared_nucleotide
x_16_30,x_30_36,8.0,shared_nucleotide
x_16_30,x_30_40,8.0,shared_nucleotide
x_16_30,x_30_44,8.0,shared_nucleotide
x_16_32,x_16_37,8.0,shared_nucleotide
x_16_32,x_16_38,8.0,shared_nucleotide
x_16_32,x_16_39,8.0,shared_nucleotide
x_16_32,x_16_41,8.0,shared_nucleotide
x_16_32,x_16_42,8.0,shared_nucleotide
x_16_32,x_16_43,8.0,shared_nucleotide
x_16_32,x_17_37,8.0,crossing_pair
x_16_32,x_17_38,8.0,crossing_pair
x_16_32,x_17_39,8.0,crossing_pair
x_16_32,x_17_42,8.0,crossing_pair
x_16_32,x_17_43,8.0,crossing_pair
x_16_32,x_18_33,8.0,crossing_pair
x_16_32,x_18_34,8.0,crossing_pair
x_16_32,x_18_35,8.0,crossing_pair
x_16_32,x_18_36,8.0,crossing_pair
x_16_32,x_18_40,8.0,crossing_pair
x_16_32,x_18_44,8.0,crossing_pair
x_16_32,x_19_33,8.0,crossing_pair
x_16_32,x_19_34,8.0,crossing_pair
x_16_32,x_19_35,8.0,crossing_pair
x_16_32,x_19_36,8.0,crossing_pair
x_16_32,x_19_40,8.0,crossing_pair
x_16_32,x_19_44,8.0,crossing_pair
x_16_32,x_20_32,8.0,shared_nucleotide
x_16_32,x_20_37,8.0,crossing_pair
x_16_32,x_20_38,8.0,crossing_pair
x_16_32,x_20_39,8.0,crossing_pair
x_16_32,x_20_41,8.0,crossing_pair
x_16_32,x_20_42,8.0,crossing_pair
x_16_32,x_20_43,8.0,crossing_pair
x_16_32,x_21_37,8.0,crossing_pair
x_16_32,x_21_38,8.0,crossing_pair
x_16_32,x_21_39,8.0,crossing_pair
x_16_32,x_21_42,8.0,crossing_pair
x_16_32,x_21_43,8.0,crossing_pair
x_16_32,x_22_32,8.0,shared_nucleotide
x_16_32,x_22_37,8.0,crossing_pair
x_16_32,x_22_38,8.0,crossing_pair
x_16_32,x_22_39,8.0,crossing_pair
x_16_32,x_22_41,8.0,crossing_pair
x_16_32,x_22_42,8.0,crossing_pair
x_16_32,x_22_43,8.0,crossing_pair
x_16_32,x_23_37,8.0,crossing_pair
x_16_32,x_23_38,8.0,crossing_pair
x_16_32,x_23_39,8.0,crossing_pair
x_16_32,x_23_42,8.0,crossing_pair
x_16_32,x_23_43,8.0,crossing_pair
x_16_32,x_24_37,8.0,crossing_pair
x_16_32,x_24_38,8.0,crossing_pair
x_16_32,x_24_39,8.0,crossing_pair
x_16_32,x_24_42,8.0,crossing_pair
x_16_32,x_24_43,8.0,crossing_pair
x_16_32,x_25_34,8.0,crossing_pair
x_16_32,x_25_40,8.0,crossing_pair
x_16_32,x_25_44,8.0,crossing_pair
x_16_32,x_26_37,8.0,crossing_pair
x_16_32,x_26_38,8.0,crossing_pair
x_16_32,x_26_39,8.0,crossing_pair
x_16_32,x_26_42,8.0,crossing_pair
x_16_32,x_26_43,8.0,crossing_pair
x_16_32,x_27_37,8.0,crossing_pair
x_16_32,x_27_38,8.0,crossing_pair
x_16_32,x_27_39,8.0,crossing_pair
x_16_32,x_27_42,8.0,crossing_pair
x_16_32,x_27_43,8.0,crossing_pair
x_16_32,x_28_37,8.0,crossing_pair
x_16_32,x_28_38,8.0,crossing_pair
x_16_32,x_28_39,8.0,crossing_pair
x_16_32,x_28_42,8.0,crossing_pair
x_16_32,x_28_43,8.0,crossing_pair
x_16_32,x_29_37,8.0,crossing_pair
x_16_32,x_29_38,8.0,crossing_pair
x_16_32,x_29_39,8.0,crossing_pair
x_16_32,x_29_42,8.0,crossing_pair
x_16_32,x_29_43,8.0,crossing_pair
x_16_32,x_30_34,8.0,crossing_pair
x_16_32,x_30_35,8.0,crossing_pair
x_16_32,x_30_36,8.0,crossing_pair
x_16_32,x_30_40,8.0,crossing_pair
x_16_32,x_30_44,8.0,crossing_pair
x_16_32,x_31_37,8.0,crossing_pair
x_16_32,x_31_38,8.0,crossing_pair
x_16_32,x_31_39,8.0,crossing_pair
x_16_32,x_31_42,8.0,crossing_pair
x_16_32,x_31_43,8.0,crossing_pair
x_16_32,x_32_40,8.0,shared_nucleotide
x_16_32,x_32_44,8.0,shared_nucleotide
x_16_37,x_16_38,8.0,shared_nucleotide
x_16_37,x_16_39,8.0,shared_nucleotide
x_16_37,x_16_41,8.0,shared_nucleotide
x_16_37,x_16_42,8.0,shared_nucleotide
x_16_37,x_16_43,8.0,shared_nucleotide
x_16_37,x_17_37,8.0,shared_nucleotide
x_16_37,x_17_38,8.0,crossing_pair
x_16_37,x_17_39,8.0,crossing_pair
x_16_37,x_17_42,8.0,crossing_pair
x_16_37,x_17_43,8.0,crossing_pair
x_16_37,x_18_40,8.0,crossing_pair
x_16_37,x_18_44,8.0,crossing_pair
x_16_37,x_19_40,8.0,crossing_pair
x_16_37,x_19_44,8.0,crossing_pair
x_16_37,x_20_37,8.0,shared_nucleotide
x_16_37,x_20_38,8.0,crossing_pair
x_16_37,x_20_39,8.0,crossing_pair
x_16_37,x_20_41,8.0,crossing_pair
x_16_37,x_20_42,8.0,crossing_pair
x_16_37,x_20_43,8.0,crossing_pair
x_16_37,x_21_37,8.0,shared_nucleotide
x_16_37,x_21_38,8.0,crossing_pair
x_16_37,x_21_39,8.0,crossing_pair
x_16_37,x_21_42,8.0,crossing_pair
x_16_37,x_21_43,8.0,crossing_pair
x_16_37,x_22_37,8.0,shared_nucleotide
x_16_37,x_22_38,8.0,crossing_pair
x_16_37,x_22_39,8.0,crossing_pair
x_16_37,x_22_41,8.0,crossing_pair
x_16_37,x_22_42,8.0,crossing_pair
x_16_37,x_22_43,8.0,crossing_pair
x_16_37,x_23_37,8.0,shared_nucleotide
x_16_37,x_23_38,8.0,crossing_pair
x_16_37,x_23_39,8.0,crossing_pair
x_16_37,x_23_42,8.0,crossing_pair
x_16_37,x_23_43,8.0,crossing_pair
x_16_37,x_24_37,8.0,shared_nucleotide
x_16_37,x_24_38,8.0,crossing_pair
x_16_37,x_24_39,8.0,crossing_pair
x_16_37,x_24_42,8.0,crossing_pair
x_16_37,x_24_43,8.0,crossing_pair
x_16_37,x_25_40,8.0,crossing_pair
x_16_37,x_25_44,8.0,crossing_pair
x_16_37,x_26_37,8.0,shared_nucleotide
x_16_37,x_26_38,8.0,crossing_pair
x_16_37,x_26_39,8.0,crossing_pair
x_16_37,x_26_42,8.0,crossing_pair
x_16_37,x_26_43,8.0,crossing_pair
x_16_37,x_27_37,8.0,shared_nucleotide
x_16_37,x_27_38,8.0,crossing_pair
x_16_37,x_27_39,8.0,crossing_pair
x_16_37,x_27_42,8.0,crossing_pair
x_16_37,x_27_43,8.0,crossing_pair
x_16_37,x_28_37,8.0,shared_nucleotide
x_16_37,x_28_38,8.0,crossing_pair
x_16_37,x_28_39,8.0,crossing_pair
x_16_37,x_28_42,8.0,crossing_pair
x_16_37,x_28_43,8.0,crossing_pair
x_16_37,x_29_37,8.0,shared_nucleotide
x_16_37,x_29_38,8.0,crossing_pair
x_16_37,x_29_39,8.0,crossing_pair
x_16_37,x_29_42,8.0,crossing_pair
x_16_37,x_29_43,8.0,crossing_pair
x_16_37,x_30_40,8.0,crossing_pair
x_16_37,x_30_44,8.0,crossing_pair
x_16_37,x_31_37,8.0,shared_nucleotide
x_16_37,x_31_38,8.0,crossing_pair
x_16_37,x_31_39,8.0,crossing_pair
x_16_37,x_31_42,8.0,crossing_pair
x_16_37,x_31_43,8.0,crossing_pair
x_16_37,x_32_40,8.0,crossing_pair
x_16_37,x_32_44,8.0,crossing_pair
x_16_37,x_33_37,8.0,shared_nucleotide
x_16_37,x_33_38,8.0,crossing_pair
x_16_37,x_33_39,8.0,crossing_pair
x_16_37,x_33_42,8.0,crossing_pair
x_16_37,x_33_43,8.0,crossing_pair
x_16_37,x_34_38,8.0,crossing_pair
x_16_37,x_34_39,8.0,crossing_pair
x_16_37,x_34_41,8.0,crossing_pair
x_16_37,x_34_42,8.0,crossing_pair
x_16_37,x_34_43,8.0,crossing_pair
x_16_37,x_35_39,8.0,crossing_pair
x_16_37,x_35_42,8.0,crossing_pair
x_16_37,x_35_43,8.0,crossing_pair
x_16_37,x_36_42,8.0,crossing_pair
x_16_37,x_36_43,8.0,crossing_pair
x_16_37,x_37_44,8.0,shared_nucleotide
x_16_38,x_16_39,8.0,shared_nucleotide
x_16_38,x_16_41,8.0,shared_nucleotide
x_16_38,x_16_42,8.0,shared_nucleotide
x_16_38,x_16_43,8.0,shared_nucleotide
x_16_38,x_17_38,8.0,shared_nucleotide
x_16_38,x_17_39,8.0,crossing_pair
x_16_38,x_17_42,8.0,crossing_pair
x_16_38,x_17_43,8.0,crossing_pair
x_16_38,x_18_40,8.0,crossing_pair
x_16_38,x_18_44,8.0,crossing_pair
x_16_38,x_19_40,8.0,crossing_pair
x_16_38,x_19_44,8.0,crossing_pair
x_16_38,x_20_38,8.0,shared_nucleotide
x_16_38,x_20_39,8.0,crossing_pair
x_16_38,x_20_41,8.0,crossing_pair
x_16_38,x_20_42,8.0,crossing_pair
x_16_38,x_20_43,8.0,crossing_pair
x_16_38,x_21_38,8.0,shared_nucleotide
x_16_38,x_21_39,8.0,crossing_pair
x_16_38,x_21_42,8.0,crossing_pair
x_16_38,x_21_43,8.0,crossing_pair
x_16_38,x_22_38,8.0,shared_nucleotide
x_16_38,x_22_39,8.0,crossing_pair
x_16_38,x_22_41,8.0,crossing_pair
x_16_38,x_22_42,8.0,crossing_pair
x_16_38,x_22_43,8.0,crossing_pair
x_16_38,x_23_38,8.0,shared_nucleotide
x_16_38,x_23_39,8.0,crossing_pair
x_16_38,x_23_42,8.0,crossing_pair
x_16_38,x_23_43,8.0,crossing_pair
x_16_38,x_24_38,8.0,shared_nucleotide
x_16_38,x_24_39,8.0,crossing_pair
x_16_38,x_24_42,8.0,crossing_pair
x_16_38,x_24_43,8.0,crossing_pair
x_16_38,x_25_40,8.0,crossing_pair
x_16_38,x_25_44,8.0,crossing_pair
x_16_38,x_26_38,8.0,shared_nucleotide
x_16_38,x_26_39,8.0,crossing_pair
x_16_38,x_26_42,8.0,crossing_pair
x_16_38,x_26_43,8.0,crossing_pair
x_16_38,x_27_38,8.0,shared_nucleotide
x_16_38,x_27_39,8.0,crossing_pair
x_16_38,x_27_42,8.0,crossing_pair
x_16_38,x_27_43,8.0,crossing_pair
x_16_38,x_28_38,8.0,shared_nucleotide
x_16_38,x_28_39,8.0,crossing_pair
x_16_38,x_28_42,8.0,crossing_pair
x_16_38,x_28_43,8.0,crossing_pair
x_16_38,x_29_38,8.0,shared_nucleotide
x_16_38,x_29_39,8.0,crossing_pair
x_16_38,x_29_42,8.0,crossing_pair
x_16_38,x_29_43,8.0,crossing_pair
x_16_38,x_30_40,8.0,crossing_pair
x_16_38,x_30_44,8.0,crossing_pair
x_16_38,x_31_38,8.0,shared_nucleotide
x_16_38,x_31_39,8.0,crossing_pair
x_16_38,x_31_42,8.0,crossing_pair
x_16_38,x_31_43,8.0,crossing_pair
x_16_38,x_32_40,8.0,crossing_pair
x_16_38,x_32_44,8.0,crossing_pair
x_16_38,x_33_38,8.0,shared_nucleotide
x_16_38,x_33_39,8.0,crossing_pair
x_16_38,x_33_42,8.0,crossing_pair
x_16_38,x_33_43,8.0,crossing_pair
x_16_38,x_34_38,8.0,shared_nucleotide
x_16_38,x_34_39,8.0,crossing_pair
x_16_38,x_34_41,8.0,crossing_pair
x_16_38,x_34_42,8.0,crossing_pair
x_16_38,x_34_43,8.0,crossing_pair
x_16_38,x_35_39,8.0,crossing_pair
x_16_38,x_35_42,8.0,crossing_pair
x_16_38,x_35_43,8.0,crossing_pair
x_16_38,x_36_42,8.0,crossing_pair
x_16_38,x_36_43,8.0,crossing_pair
x_16_38,x_37_44,8.0,crossing_pair
x_16_38,x_38_44,8.0,shared_nucleotide
x_16_39,x_16_41,8.0,shared_nucleotide
x_16_39,x_16_42,8.0,shared_nucleotide
x_16_39,x_16_43,8.0,shared_nucleotide
x_16_39,x_17_39,8.0,shared_nucleotide
x_16_39,x_17_42,8.0,crossing_pair
x_16_39,x_17_43,8.0,crossing_pair
x_16_39,x_18_40,8.0,crossing_pair
x_16_39,x_18_44,8.0,crossing_pair
x_16_39,x_19_40,8.0,crossing_pair
x_16_39,x_19_44,8.0,crossing_pair
x_16_39,x_20_39,8.0,shared_nucleotide
x_16_39,x_20_41,8.0,crossing_pair
x_16_39,x_20_42,8.0,crossing_pair
x_16_39,x_20_43,8.0,crossing_pair
x_16_39,x_21_39,8.0,shared_nucleotide
x_16_39,x_21_42,8.0,crossing_pair
x_16_39,x_21_43,8.0,crossing_pair
x_16_39,x_22_39,8.0,shared_nucleotide
x_16_39,x_22_41,8.0,crossing_pair
x_16_39,x_22_42,8.0,crossing_pair
x_16_39,x_22_43,8.0,crossing_pair
x_16_39,x_23_39,8.0,shared_nucleotide
x_16_39,x_23_42,8.0,crossing_pair
x_16_39,x_23_43,8.0,crossing_pair
x_16_39,x_24_39,8.0,shared_nucleotide
x_16_39,x_24_42,8.0,crossing_pair
x_16_39,x_24_43,8.0,crossing_pair
x_16_39,x_25_40,8.0,crossing_pair
x_16_39,x_25_44,8.0,crossing_pair
x_16_39,x_26_39,8.0,shared_nucleotide
x_16_39,x_26_42,8.0,crossing_pair
x_16_39,x_26_43,8.0,crossing_pair
x_16_39,x_27_39,8.0,shared_nucleotide
x_16_39,x_27_42,8.0,crossing_pair
x_16_39,x_27_43,8.0,crossing_pair
x_16_39,x_28_39,8.0,shared_nucleotide
x_16_39,x_28_42,8.0,crossing_pair
x_16_39,x_28_43,8.0,crossing_pair
x_16_39,x_29_39,8.0,shared_nucleotide
x_16_39,x_29_42,8.0,crossing_pair
x_16_39,x_29_43,8.0,crossing_pair
x_16_39,x_30_40,8.0,crossing_pair
x_16_39,x_30_44,8.0,crossing_pair
x_16_39,x_31_39,8.0,shared_nucleotide
x_16_39,x_31_42,8.0,crossing_pair
x_16_39,x_31_43,8.0,crossing_pair
x_16_39,x_32_40,8.0,crossing_pair
x_16_39,x_32_44,8.0,crossing_pair
x_16_39,x_33_39,8.0,shared_nucleotide
x_16_39,x_33_42,8.0,crossing_pair
x_16_39,x_33_43,8.0,crossing_pair
x_16_39,x_34_39,8.0,shared_nucleotide
x_16_39,x_34_41,8.0,crossing_pair
x_16_39,x_34_42,8.0,crossing_pair
x_16_39,x_34_43,8.0,crossing_pair
x_16_39,x_35_39,8.0,shared_nucleotide
x_16_39,x_35_42,8.0,crossing_pair
x_16_39,x_35_43,8.0,crossing_pair
x_16_39,x_36_42,8.0,crossing_pair
x_16_39,x_36_43,8.0,crossing_pair
x_16_39,x_37_44,8.0,crossing_pair
x_16_39,x_38_44,8.0,crossing_pair
x_16_39,x_39_44,8.0,shared_nucleotide
x_16_41,x_16_42,8.0,shared_nucleotide
x_16_41,x_16_43,8.0,shared_nucleotide
x_16_41,x_17_42,8.0,crossing_pair
x_16_41,x_17_43,8.0,crossing_pair
x_16_41,x_18_44,8.0,crossing_pair
x_16_41,x_19_44,8.0,crossing_pair
x_16_41,x_20_41,8.0,shared_nucleotide
x_16_41,x_20_42,8.0,crossing_pair
x_16_41,x_20_43,8.0,crossing_pair
x_16_41,x_21_42,8.0,crossing_pair
x_16_41,x_21_43,8.0,crossing_pair
x_16_41,x_22_41,8.0,shared_nucleotide
x_16_41,x_22_42,8.0,crossing_pair
x_16_41,x_22_43,8.0,crossing_pair
x_16_41,x_23_42,8.0,crossing_pair
x_16_41,x_23_43,8.0,crossing_pair
x_16_41,x_24_42,8.0,crossing_pair
x_16_41,x_24_43,8.0,crossing_pair
x_16_41,x_25_44,8.0,crossing_pair
x_16_41,x_26_42,8.0,crossing_pair
x_16_41,x_26_43,8.0,crossing_pair
x_16_41,x_27_42,8.0,crossing_pair
x_16_41,x_27_43,8.0,crossing_pair
x_16_41,x_28_42,8.0,crossing_pair
x_16_41,x_28_43,8.0,crossing_pair
x_16_41,x_29_42,8.0,crossing_pair
x_16_41,x_29_43,8.0,crossing_pair
x_16_41,x_30_44,8.0,crossing_pair
x_16_41,x_31_42,8.0,crossing_pair
x_16_41,x_31_43,8.0,crossing_pair
x_16_41,x_32_44,8.0,crossing_pair
x_16_41,x_33_42,8.0,crossing_pair
x_16_41,x_33_43,8.0,crossing_pair
x_16_41,x_34_41,8.0,shared_nucleotide
x_16_41,x_34_42,8.0,crossing_pair
x_16_41,x_34_43,8.0,crossing_pair
x_16_41,x_35_42,8.0,crossing_pair
x_16_41,x_35_43,8.0,crossing_pair
x_16_41,x_36_42,8.0,crossing_pair
x_16_41,x_36_43,8.0,crossing_pair
x_16_41,x_37_44,8.0,crossing_pair
x_16_41,x_38_44,8.0,crossing_pair
x_16_41,x_39_44,8.0,crossing_pair
x_16_42,x_16_43,8.0,shared_nucleotide
x_16_42,x_17_42,8.0,shared_nucleotide
x_16_42,x_17_43,8.0,crossing_pair
x_16_42,x_18_44,8.0,crossing_pair
x_16_42,x_19_44,8.0,crossing_pair
x_16_42,x_20_42,8.0,shared_nucleotide
x_16_42,x_20_43,8.0,crossing_pair
x_16_42,x_21_42,8.0,shared_nucleotide
x_16_42,x_21_43,8.0,crossing_pair
x_16_42,x_22_42,8.0,shared_nucleotide
x_16_42,x_22_43,8.0,crossing_pair
x_16_42,x_23_42,8.0,shared_nucleotide
x_16_42,x_23_43,8.0,crossing_pair
x_16_42,x_24_42,8.0,shared_nucleotide
x_16_42,x_24_43,8.0,crossing_pair
x_16_42,x_25_44,8.0,crossing_pair
x_16_42,x_26_42,8.0,shared_nucleotide
x_16_42,x_26_43,8.0,crossing_pair
x_16_42,x_27_42,8.0,shared_nucleotide
x_16_42,x_27_43,8.0,crossing_pair
x_16_42,x_28_42,8.0,shared_nucleotide
x_16_42,x_28_43,8.0,crossing_pair
x_16_42,x_29_42,8.0,shared_nucleotide
x_16_42,x_29_43,8.0,crossing_pair
x_16_42,x_30_44,8.0,crossing_pair
x_16_42,x_31_42,8.0,shared_nucleotide
x_16_42,x_31_43,8.0,crossing_pair
x_16_42,x_32_44,8.0,crossing_pair
x_16_42,x_33_42,8.0,shared_nucleotide
x_16_42,x_33_43,8.0,crossing_pair
x_16_42,x_34_42,8.0,shared_nucleotide
x_16_42,x_34_43,8.0,crossing_pair
x_16_42,x_35_42,8.0,shared_nucleotide
x_16_42,x_35_43,8.0,crossing_pair
x_16_42,x_36_42,8.0,shared_nucleotide
x_16_42,x_36_43,8.0,crossing_pair
x_16_42,x_37_44,8.0,crossing_pair
x_16_42,x_38_44,8.0,crossing_pair
x_16_42,x_39_44,8.0,crossing_pair
x_16_43,x_17_43,8.0,shared_nucleotide
x_16_43,x_18_44,8.0,crossing_pair
x_16_43,x_19_44,8.0,crossing_pair
x_16_43,x_20_43,8.0,shared_nucleotide
x_16_43,x_21_43,8.0,shared_nucleotide
x_16_43,x_22_43,8.0,shared_nucleotide
x_16_43,x_23_43,8.0,shared_nucleotide
x_16_43,x_24_43,8.0,shared_nucleotide
x_16_43,x_25_44,8.0,crossing_pair
x_16_43,x_26_43,8.0,shared_nucleotide
x_16_43,x_27_43,8.0,shared_nucleotide
x_16_43,x_28_43,8.0,shared_nucleotide
x_16_43,x_29_43,8.0,shared_nucleotide
x_16_43,x_30_44,8.0,crossing_pair
x_16_43,x_31_43,8.0,shared_nucleotide
x_16_43,x_32_44,8.0,crossing_pair
x_16_43,x_33_43,8.0,shared_nucleotide
x_16_43,x_34_43,8.0,shared_nucleotide
x_16_43,x_35_43,8.0,shared_nucleotide
x_16_43,x_36_43,8.0,shared_nucleotide
x_16_43,x_37_44,8.0,crossing_pair
x_16_43,x_38_44,8.0,crossing_pair
x_16_43,x_39_44,8.0,crossing_pair
x_17_30,x_17_37,8.0,shared_nucleotide
x_17_30,x_17_38,8.0,shared_nucleotide
x_17_30,x_17_39,8.0,shared_nucleotide
x_17_30,x_17_42,8.0,shared_nucleotide
x_17_30,x_17_43,8.0,shared_nucleotide
x_17_30,x_18_31,8.0,crossing_pair
x_17_30,x_18_33,8.0,crossing_pair
x_17_30,x_18_34,8.0,crossing_pair
x_17_30,x_18_35,8.0,crossing_pair
x_17_30,x_18_36,8.0,crossing_pair
x_17_30,x_18_40,8.0,crossing_pair
x_17_30,x_18_44,8.0,crossing_pair
x_17_30,x_19_31,8.0,crossing_pair
x_17_30,x_19_33,8.0,crossing_pair
x_17_30,x_19_34,8.0,crossing_pair
x_17_30,x_19_35,8.0,crossing_pair
x_17_30,x_19_36,8.0,crossing_pair
x_17_30,x_19_40,8.0,crossing_pair
x_17_30,x_19_44,8.0,crossing_pair
x_17_30,x_20_30,8.0,shared_nucleotide
x_17_30,x_20_32,8.0,crossing_pair
x_17_30,x_20_37,8.0,crossing_pair
x_17_30,x_20_38,8.0,crossing_pair
x_17_30,x_20_39,8.0,crossing_pair
x_17_30,x_20_41,8.0,crossing_pair
x_17_30,x_20_42,8.0,crossing_pair
x_17_30,x_20_43,8.0,crossing_pair
x_17_30,x_21_30,8.0,shared_nucleotide
x_17_30,x_21_37,8.0,crossing_pair
x_17_30,x_21_38,8.0,crossing_pair
x_17_30,x_21_39,8.0,crossing_pair
x_17_30,x_21_42,8.0,crossing_pair
x_17_30,x_21_43,8.0,crossing_pair
x_17_30,x_22_30,8.0,shared_nucleotide
x_17_30,x_22_32,8.0,crossing_pair
x_17_30,x_22_37,8.0,crossing_pair
x_17_30,x_22_38,8.0,crossing_pair
x_17_30,x_22_39,8.0,crossing_pair
x_17_30,x_22_41,8.0,crossing_pair
x_17_30,x_22_42,8.0,crossing_pair
x_17_30,x_22_43,8.0,crossing_pair
x_17_30,x_23_30,8.0,shared_nucleotide
x_17_30,x_23_37,8.0,crossing_pair
x_17_30,x_23_38,8.0,crossing_pair
x_17_30,x_23_39,8.0,crossing_pair
x_17_30,x_23_42,8.0,crossing_pair
x_17_30,x_23_43,8.0,crossing_pair
x_17_30,x_24_30,8.0,shared_nucleotide
x_17_30,x_24_37,8.0,crossing_pair
x_17_30,x_24_38,8.0,crossing_pair
x_17_30,x_24_39,8.0,crossing_pair
x_17_30,x_24_42,8.0,crossing_pair
x_17_30,x_24_43,8.0,crossing_pair
x_17_30,x_25_34,8.0,crossing_pair
x_17_30,x_25_40,8.0,crossing_pair
x_17_30,x_25_44,8.0,crossing_pair
x_17_30,x_26_30,8.0,shared_nucleotide
x_17_30,x_26_37,8.0,crossing_pair
x_17_30,x_26_38,8.0,crossing_pair
x_17_30,x_26_39,8.0,crossing_pair
x_17_30,x_26_42,8.0,crossing_pair
x_17_30,x_26_43,8.0,crossing_pair
x_17_30,x_27_37,8.0,crossing_pair
x_17_30,x_27_38,8.0,crossing_pair
x_17_30,x_27_39,8.0,crossing_pair
x_17_30,x_27_42,8.0,crossing_pair
x_17_30,x_27_43,8.0,crossing_pair
x_17_30,x_28_37,8.0,crossing_pair
x_17_30,x_28_38,8.0,crossing_pair
x_17_30,x_28_39,8.0,crossing_pair
x_17_30,x_28_42,8.0,crossing_pair
x_17_30,x_28_43,8.0,crossing_pair
x_17_30,x_29_37,8.0,crossing_pair
x_17_30,x_29_38,8.0,crossing_pair
x_17_30,x_29_39,8.0,crossing_pair
x_17_30,x_29_42,8.0,crossing_pair
x_17_30,x_29_43,8.0,crossing_pair
x_17_30,x_30_34,8.0,shared_nucleotide
x_17_30,x_30_35,8.0,shared_nucleotide
x_17_30,x_30_36,8.0,shared_nucleotide
x_17_30,x_30_40,8.0,shared_nucleotide
x_17_30,x_30_44,8.0,shared_nucleotide
x_17_37,x_17_38,8.0,shared_nucleotide
x_17_37,x_17_39,8.0,shared_nucleotide
x_17_37,x_17_42,8.0,shared_nucleotide
x_17_37,x_17_43,8.0,shared_nucleotide
x_17_37,x_18_40,8.0,crossing_pair
x_17_37,x_18_44,8.0,crossing_pair
x_17_37,x_19_40,8.0,crossing_pair
x_17_37,x_19_44,8.0,crossing_pair
x_17_37,x_20_37,8.0,shared_nucleotide
x_17_37,x_20_38,8.0,crossing_pair
x_17_37,x_20_39,8.0,crossing_pair
x_17_37,x_20_41,8.0,crossing_pair
x_17_37,x_20_42,8.0,crossing_pair
x_17_37,x_20_43,8.0,crossing_pair
x_17_37,x_21_37,8.0,shared_nucleotide
x_17_37,x_21_38,8.0,crossing_pair
x_17_37,x_21_39,8.0,crossing_pair
x_17_37,x_21_42,8.0,crossing_pair
x_17_37,x_21_43,8.0,crossing_pair
x_17_37,x_22_37,8.0,shared_nucleotide
x_17_37,x_22_38,8.0,crossing_pair
x_17_37,x_22_39,8.0,crossing_pair
x_17_37,x_22_41,8.0,crossing_pair
x_17_37,x_22_42,8.0,crossing_pair
x_17_37,x_22_43,8.0,crossing_pair
x_17_37,x_23_37,8.0,shared_nucleotide
x_17_37,x_23_38,8.0,crossing_pair
x_17_37,x_23_39,8.0,crossing_pair
x_17_37,x_23_42,8.0,crossing_pair
x_17_37,x_23_43,8.0,crossing_pair
x_17_37,x_24_37,8.0,shared_nucleotide
x_17_37,x_24_38,8.0,crossing_pair
x_17_37,x_24_39,8.0,crossing_pair
x_17_37,x_24_42,8.0,crossing_pair
x_17_37,x_24_43,8.0,crossing_pair
x_17_37,x_25_40,8.0,crossing_pair
x_17_37,x_25_44,8.0,crossing_pair
x_17_37,x_26_37,8.0,shared_nucleotide
x_17_37,x_26_38,8.0,crossing_pair
x_17_37,x_26_39,8.0,crossing_pair
x_17_37,x_26_42,8.0,crossing_pair
x_17_37,x_26_43,8.0,crossing_pair
x_17_37,x_27_37,8.0,shared_nucleotide
x_17_37,x_27_38,8.0,crossing_pair
x_17_37,x_27_39,8.0,crossing_pair
x_17_37,x_27_42,8.0,crossing_pair
x_17_37,x_27_43,8.0,crossing_pair
x_17_37,x_28_37,8.0,shared_nucleotide
x_17_37,x_28_38,8.0,crossing_pair
x_17_37,x_28_39,8.0,crossing_pair
x_17_37,x_28_42,8.0,crossing_pair
x_17_37,x_28_43,8.0,crossing_pair
x_17_37,x_29_37,8.0,shared_nucleotide
x_17_37,x_29_38,8.0,crossing_pair
x_17_37,x_29_39,8.0,crossing_pair
x_17_37,x_29_42,8.0,crossing_pair
x_17_37,x_29_43,8.0,crossing_pair
x_17_37,x_30_40,8.0,crossing_pair
x_17_37,x_30_44,8.0,crossing_pair
x_17_37,x_31_37,8.0,shared_nucleotide
x_17_37,x_31_38,8.0,crossing_pair
x_17_37,x_31_39,8.0,crossing_pair
x_17_37,x_31_42,8.0,crossing_pair
x_17_37,x_31_43,8.0,crossing_pair
x_17_37,x_32_40,8.0,crossing_pair
x_17_37,x_32_44,8.0,crossing_pair
x_17_37,x_33_37,8.0,shared_nucleotide
x_17_37,x_33_38,8.0,crossing_pair
x_17_37,x_33_39,8.0,crossing_pair
x_17_37,x_33_42,8.0,crossing_pair
x_17_37,x_33_43,8.0,crossing_pair
x_17_37,x_34_38,8.0,crossing_pair
x_17_37,x_34_39,8.0,crossing_pair
x_17_37,x_34_41,8.0,crossing_pair
x_17_37,x_34_42,8.0,crossing_pair
x_17_37,x_34_43,8.0,crossing_pair
x_17_37,x_35_39,8.0,crossing_pair
x_17_37,x_35_42,8.0,crossing_pair
x_17_37,x_35_43,8.0,crossing_pair
x_17_37,x_36_42,8.0,crossing_pair
x_17_37,x_36_43,8.0,crossing_pair
x_17_37,x_37_44,8.0,shared_nucleotide
x_17_38,x_17_39,8.0,shared_nucleotide
x_17_38,x_17_42,8.0,shared_nucleotide
x_17_38,x_17_43,8.0,shared_nucleotide
x_17_38,x_18_40,8.0,crossing_pair
x_17_38,x_18_44,8.0,crossing_pair
x_17_38,x_19_40,8.0,crossing_pair
x_17_38,x_19_44,8.0,crossing_pair
x_17_38,x_20_38,8.0,shared_nucleotide
x_17_38,x_20_39,8.0,crossing_pair
x_17_38,x_20_41,8.0,crossing_pair
x_17_38,x_20_42,8.0,crossing_pair
x_17_38,x_20_43,8.0,crossing_pair
x_17_38,x_21_38,8.0,shared_nucleotide
x_17_38,x_21_39,8.0,crossing_pair
x_17_38,x_21_42,8.0,crossing_pair
x_17_38,x_21_43,8.0,crossing_pair
x_17_38,x_22_38,8.0,shared_nucleotide
x_17_38,x_22_39,8.0,crossing_pair
x_17_38,x_22_41,8.0,crossing_pair
x_17_38,x_22_42,8.0,crossing_pair
x_17_38,x_22_43,8.0,crossing_pair
x_17_38,x_23_38,8.0,shared_nucleotide
x_17_38,x_23_39,8.0,crossing_pair
x_17_38,x_23_42,8.0,crossing_pair
x_17_38,x_23_43,8.0,crossing_pair
x_17_38,x_24_38,8.0,shared_nucleotide
x_17_38,x_24_39,8.0,crossing_pair
x_17_38,x_24_42,8.0,crossing_pair
x_17_38,x_24_43,8.0,crossing_pair
x_17_38,x_25_40,8.0,crossing_pair
x_17_38,x_25_44,8.0,crossing_pair
x_17_38,x_26_38,8.0,shared_nucleotide
x_17_38,x_26_39,8.0,crossing_pair
x_17_38,x_26_42,8.0,crossing_pair
x_17_38,x_26_43,8.0,crossing_pair
x_17_38,x_27_38,8.0,shared_nucleotide
x_17_38,x_27_39,8.0,crossing_pair
x_17_38,x_27_42,8.0,crossing_pair
x_17_38,x_27_43,8.0,crossing_pair
x_17_38,x_28_38,8.0,shared_nucleotide
x_17_38,x_28_39,8.0,crossing_pair
x_17_38,x_28_42,8.0,crossing_pair
x_17_38,x_28_43,8.0,crossing_pair
x_17_38,x_29_38,8.0,shared_nucleotide
x_17_38,x_29_39,8.0,crossing_pair
x_17_38,x_29_42,8.0,crossing_pair
x_17_38,x_29_43,8.0,crossing_pair
x_17_38,x_30_40,8.0,crossing_pair
x_17_38,x_30_44,8.0,crossing_pair
x_17_38,x_31_38,8.0,shared_nucleotide
x_17_38,x_31_39,8.0,crossing_pair
x_17_38,x_31_42,8.0,crossing_pair
x_17_38,x_31_43,8.0,crossing_pair
x_17_38,x_32_40,8.0,crossing_pair
x_17_38,x_32_44,8.0,crossing_pair
x_17_38,x_33_38,8.0,shared_nucleotide
x_17_38,x_33_39,8.0,crossing_pair
x_17_38,x_33_42,8.0,crossing_pair
x_17_38,x_33_43,8.0,crossing_pair
x_17_38,x_34_38,8.0,shared_nucleotide
x_17_38,x_34_39,8.0,crossing_pair
x_17_38,x_34_41,8.0,crossing_pair
x_17_38,x_34_42,8.0,crossing_pair
x_17_38,x_34_43,8.0,crossing_pair
x_17_38,x_35_39,8.0,crossing_pair
x_17_38,x_35_42,8.0,crossing_pair
x_17_38,x_35_43,8.0,crossing_pair
x_17_38,x_36_42,8.0,crossing_pair
x_17_38,x_36_43,8.0,crossing_pair
x_17_38,x_37_44,8.0,crossing_pair
x_17_38,x_38_44,8.0,shared_nucleotide
x_17_39,x_17_42,8.0,shared_nucleotide
x_17_39,x_17_43,8.0,shared_nucleotide
x_17_39,x_18_40,8.0,crossing_pair
x_17_39,x_18_44,8.0,crossing_pair
x_17_39,x_19_40,8.0,crossing_pair
x_17_39,x_19_44,8.0,crossing_pair
x_17_39,x_20_39,8.0,shared_nucleotide
x_17_39,x_20_41,8.0,crossing_pair
x_17_39,x_20_42,8.0,crossing_pair
x_17_39,x_20_43,8.0,crossing_pair
x_17_39,x_21_39,8.0,shared_nucleotide
x_17_39,x_21_42,8.0,crossing_pair
x_17_39,x_21_43,8.0,crossing_pair
x_17_39,x_22_39,8.0,shared_nucleotide
x_17_39,x_22_41,8.0,crossing_pair
x_17_39,x_22_42,8.0,crossing_pair
x_17_39,x_22_43,8.0,crossing_pair
x_17_39,x_23_39,8.0,shared_nucleotide
x_17_39,x_23_42,8.0,crossing_pair
x_17_39,x_23_43,8.0,crossing_pair
x_17_39,x_24_39,8.0,shared_nucleotide
x_17_39,x_24_42,8.0,crossing_pair
x_17_39,x_24_43,8.0,crossing_pair
x_17_39,x_25_40,8.0,crossing_pair
x_17_39,x_25_44,8.0,crossing_pair
x_17_39,x_26_39,8.0,shared_nucleotide
x_17_39,x_26_42,8.0,crossing_pair
x_17_39,x_26_43,8.0,crossing_pair
x_17_39,x_27_39,8.0,shared_nucleotide
x_17_39,x_27_42,8.0,crossing_pair
x_17_39,x_27_43,8.0,crossing_pair
x_17_39,x_28_39,8.0,shared_nucleotide
x_17_39,x_28_42,8.0,crossing_pair
x_17_39,x_28_43,8.0,crossing_pair
x_17_39,x_29_39,8.0,shared_nucleotide
x_17_39,x_29_42,8.0,crossing_pair
x_17_39,x_29_43,8.0,crossing_pair
x_17_39,x_30_40,8.0,crossing_pair
x_17_39,x_30_44,8.0,crossing_pair
x_17_39,x_31_39,8.0,shared_nucleotide
x_17_39,x_31_42,8.0,crossing_pair
x_17_39,x_31_43,8.0,crossing_pair
x_17_39,x_32_40,8.0,crossing_pair
x_17_39,x_32_44,8.0,crossing_pair
x_17_39,x_33_39,8.0,shared_nucleotide
x_17_39,x_33_42,8.0,crossing_pair
x_17_39,x_33_43,8.0,crossing_pair
x_17_39,x_34_39,8.0,shared_nucleotide
x_17_39,x_34_41,8.0,crossing_pair
x_17_39,x_34_42,8.0,crossing_pair
x_17_39,x_34_43,8.0,crossing_pair
x_17_39,x_35_39,8.0,shared_nucleotide
x_17_39,x_35_42,8.0,crossing_pair
x_17_39,x_35_43,8.0,crossing_pair
x_17_39,x_36_42,8.0,crossing_pair
x_17_39,x_36_43,8.0,crossing_pair
x_17_39,x_37_44,8.0,crossing_pair
x_17_39,x_38_44,8.0,crossing_pair
x_17_39,x_39_44,8.0,shared_nucleotide
x_17_42,x_17_43,8.0,shared_nucleotide
x_17_42,x_18_44,8.0,crossing_pair
x_17_42,x_19_44,8.0,crossing_pair
x_17_42,x_20_42,8.0,shared_nucleotide
x_17_42,x_20_43,8.0,crossing_pair
x_17_42,x_21_42,8.0,shared_nucleotide
x_17_42,x_21_43,8.0,crossing_pair
x_17_42,x_22_42,8.0,shared_nucleotide
x_17_42,x_22_43,8.0,crossing_pair
x_17_42,x_23_42,8.0,shared_nucleotide
x_17_42,x_23_43,8.0,crossing_pair
x_17_42,x_24_42,8.0,shared_nucleotide
x_17_42,x_24_43,8.0,crossing_pair
x_17_42,x_25_44,8.0,crossing_pair
x_17_42,x_26_42,8.0,shared_nucleotide
x_17_42,x_26_43,8.0,crossing_pair
x_17_42,x_27_42,8.0,shared_nucleotide
x_17_42,x_27_43,8.0,crossing_pair
x_17_42,x_28_42,8.0,shared_nucleotide
x_17_42,x_28_43,8.0,crossing_pair
x_17_42,x_29_42,8.0,shared_nucleotide
x_17_42,x_29_43,8.0,crossing_pair
x_17_42,x_30_44,8.0,crossing_pair
x_17_42,x_31_42,8.0,shared_nucleotide
x_17_42,x_31_43,8.0,crossing_pair
x_17_42,x_32_44,8.0,crossing_pair
x_17_42,x_33_42,8.0,shared_nucleotide
x_17_42,x_33_43,8.0,crossing_pair
x_17_42,x_34_42,8.0,shared_nucleotide
x_17_42,x_34_43,8.0,crossing_pair
x_17_42,x_35_42,8.0,shared_nucleotide
x_17_42,x_35_43,8.0,crossing_pair
x_17_42,x_36_42,8.0,shared_nucleotide
x_17_42,x_36_43,8.0,crossing_pair
x_17_42,x_37_44,8.0,crossing_pair
x_17_42,x_38_44,8.0,crossing_pair
x_17_42,x_39_44,8.0,crossing_pair
x_17_43,x_18_44,8.0,crossing_pair
x_17_43,x_19_44,8.0,crossing_pair
x_17_43,x_20_43,8.0,shared_nucleotide
x_17_43,x_21_43,8.0,shared_nucleotide
x_17_43,x_22_43,8.0,shared_nucleotide
x_17_43,x_23_43,8.0,shared_nucleotide
x_17_43,x_24_43,8.0,shared_nucleotide
x_17_43,x_25_44,8.0,crossing_pair
x_17_43,x_26_43,8.0,shared_nucleotide
x_17_43,x_27_43,8.0,shared_nucleotide
x_17_43,x_28_43,8.0,shared_nucleotide
x_17_43,x_29_43,8.0,shared_nucleotide
x_17_43,x_30_44,8.0,crossing_pair
x_17_43,x_31_43,8.0,shared_nucleotide
x_17_43,x_32_44,8.0,crossing_pair
x_17_43,x_33_43,8.0,shared_nucleotide
x_17_43,x_34_43,8.0,shared_nucleotide
x_17_43,x_35_43,8.0,shared_nucleotide
x_17_43,x_36_43,8.0,shared_nucleotide
x_17_43,x_37_44,8.0,crossing_pair
x_17_43,x_38_44,8.0,crossing_pair
x_17_43,x_39_44,8.0,crossing_pair
x_18_22,x_18_23,8.0,shared_nucleotide
x_18_22,x_18_24,8.0,shared_nucleotide
x_18_22,x_18_26,8.0,shared_nucleotide
x_18_22,x_18_27,8.0,shared_nucleotide
x_18_22,x_18_28,8.0,shared_nucleotide
x_18_22,x_18_29,8.0,shared_nucleotide
x_18_22,x_18_31,8.0,shared_nucleotide
x_18_22,x_18_33,8.0,shared_nucleotide
x_18_22,x_18_34,8.0,shared_nucleotide
x_18_22,x_18_35,8.0,shared_nucleotide
x_18_22,x_18_36,8.0,shared_nucleotide
x_18_22,x_18_40,8.0,shared_nucleotide
x_18_22,x_18_44,8.0,shared_nucleotide
x_18_22,x_19_23,8.0,crossing_pair
x_18_22,x_19_24,8.0,crossing_pair
x_18_22,x_19_26,8.0,crossing_pair
x_18_22,x_19_27,8.0,crossing_pair
x_18_22,x_19_28,8.0,crossing_pair
x_18_22,x_19_29,8.0,crossing_pair
x_18_22,x_19_31,8.0,crossing_pair
x_18_22,x_19_33,8.0,crossing_pair
x_18_22,x_19_34,8.0,crossing_pair
x_18_22,x_19_35,8.0,crossing_pair
x_18_22,x_19_36,8.0,crossing_pair
x_18_22,x_19_40,8.0,crossing_pair
x_18_22,x_19_44,8.0,crossing_pair
x_18_22,x_20_25,8.0,crossing_pair
x_18_22,x_20_30,8.0,crossing_pair
x_18_22,x_20_32,8.0,crossing_pair
x_18_22,x_20_37,8.0,crossing_pair
x_18_22,x_20_38,8.0,crossing_pair
x_18_22,x_20_39,8.0,crossing_pair
x_18_22,x_20_41,8.0,crossing_pair
x_18_22,x_20_42,8.0,crossing_pair
x_18_22,x_20_43,8.0,crossing_pair
x_18_22,x_21_30,8.0,crossing_pair
x_18_22,x_21_37,8.0,crossing_pair
x_18_22,x_21_38,8.0,crossing_pair
x_18_22,x_21_39,8.0,crossing_pair
x_18_22,x_21_42,8.0,crossing_pair
x_18_22,x_21_43,8.0,crossing_pair
x_18_22,x_22_30,8.0,shared_nucleotide
x_18_22,x_22_32,8.0,shared_nucleotide
x_18_22,x_22_37,8.0,shared_nucleotide
x_18_22,x_22_38,8.0,shared_nucleotide
x_18_22,x_22_39,8.0,shared_nucleotide
x_18_22,x_22_41,8.0,shared_nucleotide
x_18_22,x_22_42,8.0,shared_nucleotide
x_18_22,x_22_43,8.0,shared_nucleotide
x_18_23,x_18_24,8.0,shared_nucleotide
x_18_23,x_18_26,8.0,shared_nucleotide
x_18_23,x_18_27,8.0,shared_nucleotide
x_18_23,x_18_28,8.0,shared_nucleotide
x_18_23,x_18_29,8.0,shared_nucleotide
x_18_23,x_18_31,8.0,shared_nucleotide
x_18_23,x_18_33,8.0,shared_nucleotide
x_18_23,x_18_34,8.0,shared_nucleotide
x_18_23,x_18_35,8.0,shared_nucleotide
x_18_23,x_18_36,8.0,shared_nucleotide
x_18_23,x_18_40,8.0,shared_nucleotide
x_18_23,x_18_44,8.0,shared_nucleotide
x_18_23,x_19_23,8.0,shared_nucleotide
x_18_23,x_19_24,8.0,crossing_pair
x_18_23,x_19_26,8.0,crossing_pair
x_18_23,x_19_27,8.0,crossing_pair
x_18_23,x_19_28,8.0,crossing_pair
x_18_23,x_19_29,8.0,crossing_pair
x_18_23,x_19_31,8.0,crossing_pair
x_18_23,x_19_33,8.0,crossing_pair
x_18_23,x_19_34,8.0,crossing_pair
x_18_23,x_19_35,8.0,crossing_pair
x_18_23,x_19_36,8.0,crossing_pair
x_18_23,x_19_40,8.0,crossing_pair
x_18_23,x_19_44,8.0,crossing_pair
x_18_23,x_20_25,8.0,crossing_pair
x_18_23,x_20_30,8.0,crossing_pair
x_18_23,x_20_32,8.0,crossing_pair
x_18_23,x_20_37,8.0,crossing_pair
x_18_23,x_20_38,8.0,crossing_pair
x_18_23,x_20_39,8.0,crossing_pair
x_18_23,x_20_41,8.0,crossing_pair
x_18_23,x_20_42,8.0,crossing_pair
x_18_23,x_20_43,8.0,crossing_pair
x_18_23,x_21_30,8.0,crossing_pair
x_18_23,x_21_37,8.0,crossing_pair
x_18_23,x_21_38,8.0,crossing_pair
x_18_23,x_21_39,8.0,crossing_pair
x_18_23,x_21_42,8.0,crossing_pair
x_18_23,x_21_43,8.0,crossing_pair
x_18_23,x_22_30,8.0,crossing_pair
x_18_23,x_22_32,8.0,crossing_pair
x_18_23,x_22_37,8.0,crossing_pair
x_18_23,x_22_38,8.0,crossing_pair
x_18_23,x_22_39,8.0,crossing_pair
x_18_23,x_22_41,8.0,crossing_pair
x_18_23,x_22_42,8.0,crossing_pair
x_18_23,x_22_43,8.0,crossing_pair
x_18_23,x_23_30,8.0,shared_nucleotide
x_18_23,x_23_37,8.0,shared_nucleotide
x_18_23,x_23_38,8.0,shared_nucleotide
x_18_23,x_23_39,8.0,shared_nucleotide
x_18_23,x_23_42,8.0,shared_nucleotide
x_18_23,x_23_43,8.0,shared_nucleotide
x_18_24,x_18_26,8.0,shared_nucleotide
x_18_24,x_18_27,8.0,shared_nucleotide
x_18_24,x_18_28,8.0,shared_nucleotide
x_18_24,x_18_29,8.0,shared_nucleotide
x_18_24,x_18_31,8.0,shared_nucleotide
x_18_24,x_18_33,8.0,shared_nucleotide
x_18_24,x_18_34,8.0,shared_nucleotide
x_18_24,x_18_35,8.0,shared_nucleotide
x_18_24,x_18_36,8.0,shared_nucleotide
x_18_24,x_18_40,8.0,shared_nucleotide
x_18_24,x_18_44,8.0,shared_nucleotide
x_18_24,x_19_24,8.0,shared_nucleotide
x_18_24,x_19_26,8.0,crossing_pair
x_18_24,x_19_27,8.0,crossing_pair
x_18_24,x_19_28,8.0,crossing_pair
x_18_24,x_19_29,8.0,crossing_pair
x_18_24,x_19_31,8.0,crossing_pair
x_18_24,x_19_33,8.0,crossing_pair
x_18_24,x_19_34,8.0,crossing_pair
x_18_24,x_19_35,8.0,crossing_pair
x_18_24,x_19_36,8.0,crossing_pair
x_18_24,x_19_40,8.0,crossing_pair
x_18_24,x_19_44,8.0,crossing_pair
x_18_24,x_20_25,8.0,crossing_pair
x_18_24,x_20_30,8.0,crossing_pair
x_18_24,x_20_32,8.0,crossing_pair
x_18_24,x_20_37,8.0,crossing_pair
x_18_24,x_20_38,8.0,crossing_pair
x_18_24,x_20_39,8.0,crossing_pair
x_18_24,x_20_41,8.0,crossing_pair
x_18_24,x_20_42,8.0,crossing_pair
x_18_24,x_20_43,8.0,crossing_pair
x_18_24,x_21_30,8.0,crossing_pair
x_18_24,x_21_37,8.0,crossing_pair
x_18_24,x_21_38,8.0,crossing_pair
x_18_24,x_21_39,8.0,crossing_pair
x_18_24,x_21_42,8.0,crossing_pair
x_18_24,x_21_43,8.0,crossing_pair
x_18_24,x_22_30,8.0,crossing_pair
x_18_24,x_22_32,8.0,crossing_pair
x_18_24,x_22_37,8.0,crossing_pair
x_18_24,x_22_38,8.0,crossing_pair
x_18_24,x_22_39,8.0,crossing_pair
x_18_24,x_22_41,8.0,crossing_pair
x_18_24,x_22_42,8.0,crossing_pair
x_18_24,x_22_43,8.0,crossing_pair
x_18_24,x_23_30,8.0,crossing_pair
x_18_24,x_23_37,8.0,crossing_pair
x_18_24,x_23_38,8.0,crossing_pair
x_18_24,x_23_39,8.0,crossing_pair
x_18_24,x_23_42,8.0,crossing_pair
x_18_24,x_23_43,8.0,crossing_pair
x_18_24,x_24_30,8.0,shared_nucleotide
x_18_24,x_24_37,8.0,shared_nucleotide
x_18_24,x_24_38,8.0,shared_nucleotide
x_18_24,x_24_39,8.0,shared_nucleotide
x_18_24,x_24_42,8.0,shared_nucleotide
x_18_24,x_24_43,8.0,shared_nucleotide
x_18_26,x_18_27,8.0,shared_nucleotide
x_18_26,x_18_28,8.0,shared_nucleotide
x_18_26,x_18_29,8.0,shared_nucleotide
x_18_26,x_18_31,8.0,shared_nucleotide
x_18_26,x_18_33,8.0,shared_nucleotide
x_18_26,x_18_34,8.0,shared_nucleotide
x_18_26,x_18_35,8.0,shared_nucleotide
x_18_26,x_18_36,8.0,shared_nucleotide
x_18_26,x_18_40,8.0,shared_nucleotide
x_18_26,x_18_44,8.0,shared_nucleotide
x_18_26,x_19_26,8.0,shared_nucleotide
x_18_26,x_19_27,8.0,crossing_pair
x_18_26,x_19_28,8.0,crossing_pair
x_18_26,x_19_29,8.0,crossing_pair
x_18_26,x_19_31,8.0,crossing_pair
x_18_26,x_19_33,8.0,crossing_pair
x_18_26,x_19_34,8.0,crossing_pair
x_18_26,x_19_35,8.0,crossing_pair
x_18_26,x_19_36,8.0,crossing_pair
x_18_26,x_19_40,8.0,crossing_pair
x_18_26,x_19_44,8.0,crossing_pair
x_18_26,x_20_30,8.0,crossing_pair
x_18_26,x_20_32,8.0,crossing_pair
x_18_26,x_20_37,8.0,crossing_pair
x_18_26,x_20_38,8.0,crossing_pair
x_18_26,x_20_39,8.0,crossing_pair
x_18_26,x_20_41,8.0,crossing_pair
x_18_26,x_20_42,8.0,crossing_pair
x_18_26,x_20_43,8.0,crossing_pair
x_18_26,x_21_30,8.0,crossing_pair
x_18_26,x_21_37,8.0,crossing_pair
x_18_26,x_21_38,8.0,crossing_pair
x_18_26,x_21_39,8.0,crossing_pair
x_18_26,x_21_42,8.0,crossing_pair
x_18_26,x_21_43,8.0,crossing_pair
x_18_26,x_22_30,8.0,crossing_pair
x_18_26,x_22_32,8.0,crossing_pair
x_18_26,x_22_37,8.0,crossing_pair
x_18_26,x_22_38,8.0,crossing_pair
x_18_26,x_22_39,8.0,crossing_pair
x_18_26,x_22_41,8.0,crossing_pair
x_18_26,x_22_42,8.0,crossing_pair
x_18_26,x_22_43,8.0,crossing_pair
x_18_26,x_23_30,8.0,crossing_pair
x_18_26,x_23_37,8.0,crossing_pair
x_18_26,x_23_38,8.0,crossing_pair
x_18_26,x_23_39,8.0,crossing_pair
x_18_26,x_23_42,8.0,crossing_pair
x_18_26,x_23_43,8.0,crossing_pair
x_18_26,x_24_30,8.0,crossing_pair
x_18_26,x_24_37,8.0,crossing_pair
x_18_26,x_24_38,8.0,crossing_pair
x_18_26,x_24_39,8.0,crossing_pair
x_18_26,x_24_42,8.0,crossing_pair
x_18_26,x_24_43,8.0,crossing_pair
x_18_26,x_25_34,8.0,crossing_pair
x_18_26,x_25_40,8.0,crossing_pair
x_18_26,x_25_44,8.0,crossing_pair
x_18_26,x_26_30,8.0,shared_nucleotide
x_18_26,x_26_37,8.0,shared_nucleotide
x_18_26,x_26_38,8.0,shared_nucleotide
x_18_26,x_26_39,8.0,shared_nucleotide
x_18_26,x_26_42,8.0,shared_nucleotide
x_18_26,x_26_43,8.0,shared_nucleotide
x_18_27,x_18_28,8.0,shared_nucleotide
x_18_27,x_18_29,8.0,shared_nucleotide
x_18_27,x_18_31,8.0,shared_nucleotide
x_18_27,x_18_33,8.0,shared_nucleotide
x_18_27,x_18_34,8.0,shared_nucleotide
x_18_27,x_18_35,8.0,shared_nucleotide
x_18_27,x_18_36,8.0,shared_nucleotide
x_18_27,x_18_40,8.0,shared_nucleotide
x_18_27,x_18_44,8.0,shared_nucleotide
x_18_27,x_19_27,8.0,shared_nucleotide
x_18_27,x_19_28,8.0,crossing_pair
x_18_27,x_19_29,8.0,crossing_pair
x_18_27,x_19_31,8.0,crossing_pair
x_18_27,x_19_33,8.0,crossing_pair
x_18_27,x_19_34,8.0,crossing_pair
x_18_27,x_19_35,8.0,crossing_pair
x_18_27,x_19_36,8.0,crossing_pair
x_18_27,x_19_40,8.0,crossing_pair
x_18_27,x_19_44,8.0,crossing_pair
x_18_27,x_20_30,8.0,crossing_pair
x_18_27,x_20_32,8.0,crossing_pair
x_18_27,x_20_37,8.0,crossing_pair
x_18_27,x_20_38,8.0,crossing_pair
x_18_27,x_20_39,8.0,crossing_pair
x_18_27,x_20_41,8.0,crossing_pair
x_18_27,x_20_42,8.0,crossing_pair
x_18_27,x_20_43,8.0,crossing_pair
x_18_27,x_21_30,8.0,crossing_pair
x_18_27,x_21_37,8.0,crossing_pair
x_18_27,x_21_38,8.0,crossing_pair
x_18_27,x_21_39,8.0,crossing_pair
x_18_27,x_21_42,8.0,crossing_pair
x_18_27,x_21_43,8.0,crossing_pair
x_18_27,x_22_30,8.0,crossing_pair
x_18_27,x_22_32,8.0,crossing_pair
x_18_27,x_22_37,8.0,crossing_pair
x_18_27,x_22_38,8.0,crossing_pair
x_18_27,x_22_39,8.0,crossing_pair
x_18_27,x_22_41,8.0,crossing_pair
x_18_27,x_22_42,8.0,crossing_pair
x_18_27,x_22_43,8.0,crossing_pair
x_18_27,x_23_30,8.0,crossing_pair
x_18_27,x_23_37,8.0,crossing_pair
x_18_27,x_23_38,8.0,crossing_pair
x_18_27,x_23_39,8.0,crossing_pair
x_18_27,x_23_42,8.0,crossing_pair
x_18_27,x_23_43,8.0,crossing_pair
x_18_27,x_24_30,8.0,crossing_pair
x_18_27,x_24_37,8.0,crossing_pair
x_18_27,x_24_38,8.0,crossing_pair
x_18_27,x_24_39,8.0,crossing_pair
x_18_27,x_24_42,8.0,crossing_pair
x_18_27,x_24_43,8.0,crossing_pair
x_18_27,x_25_34,8.0,crossing_pair
x_18_27,x_25_40,8.0,crossing_pair
x_18_27,x_25_44,8.0,crossing_pair
x_18_27,x_26_30,8.0,crossing_pair
x_18_27,x_26_37,8.0,crossing_pair
x_18_27,x_26_38,8.0,crossing_pair
x_18_27,x_26_39,8.0,crossing_pair
x_18_27,x_26_42,8.0,crossing_pair
x_18_27,x_26_43,8.0,crossing_pair
x_18_27,x_27_37,8.0,shared_nucleotide
x_18_27,x_27_38,8.0,shared_nucleotide
x_18_27,x_27_39,8.0,shared_nucleotide
x_18_27,x_27_42,8.0,shared_nucleotide
x_18_27,x_27_43,8.0,shared_nucleotide
x_18_28,x_18_29,8.0,shared_nucleotide
x_18_28,x_18_31,8.0,shared_nucleotide
x_18_28,x_18_33,8.0,shared_nucleotide
x_18_28,x_18_34,8.0,shared_nucleotide
x_18_28,x_18_35,8.0,shared_nucleotide
x_18_28,x_18_36,8.0,shared_nucleotide
x_18_28,x_18_40,8.0,shared_nucleotide
x_18_28,x_18_44,8.0,shared_nucleotide
x_18_28,x_19_28,8.0,shared_nucleotide
x_18_28,x_19_29,8.0,crossing_pair
x_18_28,x_19_31,8.0,crossing_pair
x_18_28,x_19_33,8.0,crossing_pair
x_18_28,x_19_34,8.0,crossing_pair
x_18_28,x_19_35,8.0,crossing_pair
x_18_28,x_19_36,8.0,crossing_pair
x_18_28,x_19_40,8.0,crossing_pair
x_18_28,x_19_44,8.0,crossing_pair
x_18_28,x_20_30,8.0,crossing_pair
x_18_28,x_20_32,8.0,crossing_pair
x_18_28,x_20_37,8.0,crossing_pair
x_18_28,x_20_38,8.0,crossing_pair
x_18_28,x_20_39,8.0,crossing_pair
x_18_28,x_20_41,8.0,crossing_pair
x_18_28,x_20_42,8.0,crossing_pair
x_18_28,x_20_43,8.0,crossing_pair
x_18_28,x_21_30,8.0,crossing_pair
x_18_28,x_21_37,8.0,crossing_pair
x_18_28,x_21_38,8.0,crossing_pair
x_18_28,x_21_39,8.0,crossing_pair
x_18_28,x_21_42,8.0,crossing_pair
x_18_28,x_21_43,8.0,crossing_pair
x_18_28,x_22_30,8.0,crossing_pair
x_18_28,x_22_32,8.0,crossing_pair
x_18_28,x_22_37,8.0,crossing_pair
x_18_28,x_22_38,8.0,crossing_pair
x_18_28,x_22_39,8.0,crossing_pair
x_18_28,x_22_41,8.0,crossing_pair
x_18_28,x_22_42,8.0,crossing_pair
x_18_28,x_22_43,8.0,crossing_pair
x_18_28,x_23_30,8.0,crossing_pair
x_18_28,x_23_37,8.0,crossing_pair
x_18_28,x_23_38,8.0,crossing_pair
x_18_28,x_23_39,8.0,crossing_pair
x_18_28,x_23_42,8.0,crossing_pair
x_18_28,x_23_43,8.0,crossing_pair
x_18_28,x_24_30,8.0,crossing_pair
x_18_28,x_24_37,8.0,crossing_pair
x_18_28,x_24_38,8.0,crossing_pair
x_18_28,x_24_39,8.0,crossing_pair
x_18_28,x_24_42,8.0,crossing_pair
x_18_28,x_24_43,8.0,crossing_pair
x_18_28,x_25_34,8.0,crossing_pair
x_18_28,x_25_40,8.0,crossing_pair
x_18_28,x_25_44,8.0,crossing_pair
x_18_28,x_26_30,8.0,crossing_pair
x_18_28,x_26_37,8.0,crossing_pair
x_18_28,x_26_38,8.0,crossing_pair
x_18_28,x_26_39,8.0,crossing_pair
x_18_28,x_26_42,8.0,crossing_pair
x_18_28,x_26_43,8.0,crossing_pair
x_18_28,x_27_37,8.0,crossing_pair
x_18_28,x_27_38,8.0,crossing_pair
x_18_28,x_27_39,8.0,crossing_pair
x_18_28,x_27_42,8.0,crossing_pair
x_18_28,x_27_43,8.0,crossing_pair
x_18_28,x_28_37,8.0,shared_nucleotide
x_18_28,x_28_38,8.0,shared_nucleotide
x_18_28,x_28_39,8.0,shared_nucleotide
x_18_28,x_28_42,8.0,shared_nucleotide
x_18_28,x_28_43,8.0,shared_nucleotide
x_18_29,x_18_31,8.0,shared_nucleotide
x_18_29,x_18_33,8.0,shared_nucleotide
x_18_29,x_18_34,8.0,shared_nucleotide
x_18_29,x_18_35,8.0,shared_nucleotide
x_18_29,x_18_36,8.0,shared_nucleotide
x_18_29,x_18_40,8.0,shared_nucleotide
x_18_29,x_18_44,8.0,shared_nucleotide
x_18_29,x_19_29,8.0,shared_nucleotide
x_18_29,x_19_31,8.0,crossing_pair
x_18_29,x_19_33,8.0,crossing_pair
x_18_29,x_19_34,8.0,crossing_pair
x_18_29,x_19_35,8.0,crossing_pair
x_18_29,x_19_36,8.0,crossing_pair
x_18_29,x_19_40,8.0,crossing_pair
x_18_29,x_19_44,8.0,crossing_pair
x_18_29,x_20_30,8.0,crossing_pair
x_18_29,x_20_32,8.0,crossing_pair
x_18_29,x_20_37,8.0,crossing_pair
x_18_29,x_20_38,8.0,crossing_pair
x_18_29,x_20_39,8.0,crossing_pair
x_18_29,x_20_41,8.0,crossing_pair
x_18_29,x_20_42,8.0,crossing_pair
x_18_29,x_20_43,8.0,crossing_pair
x_18_29,x_21_30,8.0,crossing_pair
x_18_29,x_21_37,8.0,crossing_pair
x_18_29,x_21_38,8.0,crossing_pair
x_18_29,x_21_39,8.0,crossing_pair
x_18_29,x_21_42,8.0,crossing_pair
x_18_29,x_21_43,8.0,crossing_pair
x_18_29,x_22_30,8.0,crossing_pair
x_18_29,x_22_32,8.0,crossing_pair
x_18_29,x_22_37,8.0,crossing_pair
x_18_29,x_22_38,8.0,crossing_pair
x_18_29,x_22_39,8.0,crossing_pair
x_18_29,x_22_41,8.0,crossing_pair
x_18_29,x_22_42,8.0,crossing_pair
x_18_29,x_22_43,8.0,crossing_pair
x_18_29,x_23_30,8.0,crossing_pair
x_18_29,x_23_37,8.0,crossing_pair
x_18_29,x_23_38,8.0,crossing_pair
x_18_29,x_23_39,8.0,crossing_pair
x_18_29,x_23_42,8.0,crossing_pair
x_18_29,x_23_43,8.0,crossing_pair
x_18_29,x_24_30,8.0,crossing_pair
x_18_29,x_24_37,8.0,crossing_pair
x_18_29,x_24_38,8.0,crossing_pair
x_18_29,x_24_39,8.0,crossing_pair
x_18_29,x_24_42,8.0,crossing_pair
x_18_29,x_24_43,8.0,crossing_pair
x_18_29,x_25_34,8.0,crossing_pair
x_18_29,x_25_40,8.0,crossing_pair
x_18_29,x_25_44,8.0,crossing_pair
x_18_29,x_26_30,8.0,crossing_pair
x_18_29,x_26_37,8.0,crossing_pair
x_18_29,x_26_38,8.0,crossing_pair
x_18_29,x_26_39,8.0,crossing_pair
x_18_29,x_26_42,8.0,crossing_pair
x_18_29,x_26_43,8.0,crossing_pair
x_18_29,x_27_37,8.0,crossing_pair
x_18_29,x_27_38,8.0,crossing_pair
x_18_29,x_27_39,8.0,crossing_pair
x_18_29,x_27_42,8.0,crossing_pair
x_18_29,x_27_43,8.0,crossing_pair
x_18_29,x_28_37,8.0,crossing_pair
x_18_29,x_28_38,8.0,crossing_pair
x_18_29,x_28_39,8.0,crossing_pair
x_18_29,x_28_42,8.0,crossing_pair
x_18_29,x_28_43,8.0,crossing_pair
x_18_29,x_29_37,8.0,shared_nucleotide
x_18_29,x_29_38,8.0,shared_nucleotide
x_18_29,x_29_39,8.0,shared_nucleotide
x_18_29,x_29_42,8.0,shared_nucleotide
x_18_29,x_29_43,8.0,shared_nucleotide
x_18_31,x_18_33,8.0,shared_nucleotide
x_18_31,x_18_34,8.0,shared_nucleotide
x_18_31,x_18_35,8.0,shared_nucleotide
x_18_31,x_18_36,8.0,shared_nucleotide
x_18_31,x_18_40,8.0,shared_nucleotide
x_18_31,x_18_44,8.0,shared_nucleotide
x_18_31,x_19_31,8.0,shared_nucleotide
x_18_31,x_19_33,8.0,crossing_pair
x_18_31,x_19_34,8.0,crossing_pair
x_18_31,x_19_35,8.0,crossing_pair
x_18_31,x_19_36,8.0,crossing_pair
x_18_31,x_19_40,8.0,crossing_pair
x_18_31,x_19_44,8.0,crossing_pair
x_18_31,x_20_32,8.0,crossing_pair
x_18_31,x_20_37,8.0,crossing_pair
x_18_31,x_20_38,8.0,crossing_pair
x_18_31,x_20_39,8.0,crossing_pair
x_18_31,x_20_41,8.0,crossing_pair
x_18_31,x_20_42,8.0,crossing_pair
x_18_31,x_20_43,8.0,crossing_pair
x_18_31,x_21_37,8.0,crossing_pair
x_18_31,x_21_38,8.0,crossing_pair
x_18_31,x_21_39,8.0,crossing_pair
x_18_31,x_21_42,8.0,crossing_pair
x_18_31,x_21_43,8.0,crossing_pair
x_18_31,x_22_32,8.0,crossing_pair
x_18_31,x_22_37,8.0,crossing_pair
x_18_31,x_22_38,8.0,crossing_pair
x_18_31,x_22_39,8.0,crossing_pair
x_18_31,x_22_41,8.0,crossing_pair
x_18_31,x_22_42,8.0,crossing_pair
x_18_31,x_22_43,8.0,crossing_pair
x_18_31,x_23_37,8.0,crossing_pair
x_18_31,x_23_38,8.0,crossing_pair
x_18_31,x_23_39,8.0,crossing_pair
x_18_31,x_23_42,8.0,crossing_pair
x_18_31,x_23_43,8.0,crossing_pair
x_18_31,x_24_37,8.0,crossing_pair
x_18_31,x_24_38,8.0,crossing_pair
x_18_31,x_24_39,8.0,crossing_pair
x_18_31,x_24_42,8.0,crossing_pair
x_18_31,x_24_43,8.0,crossing_pair
x_18_31,x_25_34,8.0,crossing_pair
x_18_31,x_25_40,8.0,crossing_pair
x_18_31,x_25_44,8.0,crossing_pair
x_18_31,x_26_37,8.0,crossing_pair
x_18_31,x_26_38,8.0,crossing_pair
x_18_31,x_26_39,8.0,crossing_pair
x_18_31,x_26_42,8.0,crossing_pair
x_18_31,x_26_43,8.0,crossing_pair
x_18_31,x_27_37,8.0,crossing_pair
x_18_31,x_27_38,8.0,crossing_pair
x_18_31,x_27_39,8.0,crossing_pair
x_18_31,x_27_42,8.0,crossing_pair
x_18_31,x_27_43,8.0,crossing_pair
x_18_31,x_28_37,8.0,crossing_pair
x_18_31,x_28_38,8.0,crossing_pair
x_18_31,x_28_39,8.0,crossing_pair
x_18_31,x_28_42,8.0,crossing_pair
x_18_31,x_28_43,8.0,crossing_pair
x_18_31,x_29_37,8.0,crossing_pair
x_18_31,x_29_38,8.0,crossing_pair
x_18_31,x_29_39,8.0,crossing_pair
x_18_31,x_29_42,8.0,crossing_pair
x_18_31,x_29_43,8.0,crossing_pair
x_18_31,x_30_34,8.0,crossing_pair
x_18_31,x_30_35,8.0,crossing_pair
x_18_31,x_30_36,8.0,crossing_pair
x_18_31,x_30_40,8.0,crossing_pair
x_18_31,x_30_44,8.0,crossing_pair
x_18_31,x_31_37,8.0,shared_nucleotide
x_18_31,x_31_38,8.0,shared_nucleotide
x_18_31,x_31_39,8.0,shared_nucleotide
x_18_31,x_31_42,8.0,shared_nucleotide
x_18_31,x_31_43,8.0,shared_nucleotide
x_18_33,x_18_34,8.0,shared_nucleotide
x_18_33,x_18_35,8.0,shared_nucleotide
x_18_33,x_18_36,8.0,shared_nucleotide
x_18_33,x_18_40,8.0,shared_nucleotide
x_18_33,x_18_44,8.0,shared_nucleotide
x_18_33,x_19_33,8.0,shared_nucleotide
x_18_33,x_19_34,8.0,crossing_pair
x_18_33,x_19_35,8.0,crossing_pair
x_18_33,x_19_36,8.0,crossing_pair
x_18_33,x_19_40,8.0,crossing_pair
x_18_33,x_19_44,8.0,crossing_pair
x_18_33,x_20_37,8.0,crossing_pair
x_18_33,x_20_38,8.0,crossing_pair
x_18_33,x_20_39,8.0,crossing_pair
x_18_33,x_20_41,8.0,crossing_pair
x_18_33,x_20_42,8.0,crossing_pair
x_18_33,x_20_43,8.0,crossing_pair
x_18_33,x_21_37,8.0,crossing_pair
x_18_33,x_21_38,8.0,crossing_pair
x_18_33,x_21_39,8.0,crossing_pair
x_18_33,x_21_42,8.0,crossing_pair
x_18_33,x_21_43,8.0,crossing_pair
x_18_33,x_22_37,8.0,crossing_pair
x_18_33,x_22_38,8.0,crossing_pair
x_18_33,x_22_39,8.0,crossing_pair
x_18_33,x_22_41,8.0,crossing_pair
x_18_33,x_22_42,8.0,crossing_pair
x_18_33,x_22_43,8.0,crossing_pair
x_18_33,x_23_37,8.0,crossing_pair
x_18_33,x_23_38,8.0,crossing_pair
x_18_33,x_23_39,8.0,crossing_pair
x_18_33,x_23_42,8.0,crossing_pair
x_18_33,x_23_43,8.0,crossing_pair
x_18_33,x_24_37,8.0,crossing_pair
x_18_33,x_24_38,8.0,crossing_pair
x_18_33,x_24_39,8.0,crossing_pair
x_18_33,x_24_42,8.0,crossing_pair
x_18_33,x_24_43,8.0,crossing_pair
x_18_33,x_25_34,8.0,crossing_pair
x_18_33,x_25_40,8.0,crossing_pair
x_18_33,x_25_44,8.0,crossing_pair
x_18_33,x_26_37,8.0,crossing_pair
x_18_33,x_26_38,8.0,crossing_pair
x_18_33,x_26_39,8.0,crossing_pair
x_18_33,x_26_42,8.0,crossing_pair
x_18_33,x_26_43,8.0,crossing_pair
x_18_33,x_27_37,8.0,crossing_pair
x_18_33,x_27_38,8.0,crossing_pair
x_18_33,x_27_39,8.0,crossing_pair
x_18_33,x_27_42,8.0,crossing_pair
x_18_33,x_27_43,8.0,crossing_pair
x_18_33,x_28_37,8.0,crossing_pair
x_18_33,x_28_38,8.0,crossing_pair
x_18_33,x_28_39,8.0,crossing_pair
x_18_33,x_28_42,8.0,crossing_pair
x_18_33,x_28_43,8.0,crossing_pair
x_18_33,x_29_37,8.0,crossing_pair
x_18_33,x_29_38,8.0,crossing_pair
x_18_33,x_29_39,8.0,crossing_pair
x_18_33,x_29_42,8.0,crossing_pair
x_18_33,x_29_43,8.0,crossing_pair
x_18_33,x_30_34,8.0,crossing_pair
x_18_33,x_30_35,8.0,crossing_pair
x_18_33,x_30_36,8.0,crossing_pair
x_18_33,x_30_40,8.0,crossing_pair
x_18_33,x_30_44,8.0,crossing_pair
x_18_33,x_31_37,8.0,crossing_pair
x_18_33,x_31_38,8.0,crossing_pair
x_18_33,x_31_39,8.0,crossing_pair
x_18_33,x_31_42,8.0,crossing_pair
x_18_33,x_31_43,8.0,crossing_pair
x_18_33,x_32_40,8.0,crossing_pair
x_18_33,x_32_44,8.0,crossing_pair
x_18_33,x_33_37,8.0,shared_nucleotide
x_18_33,x_33_38,8.0,shared_nucleotide
x_18_33,x_33_39,8.0,shared_nucleotide
x_18_33,x_33_42,8.0,shared_nucleotide
x_18_33,x_33_43,8.0,shared_nucleotide
x_18_34,x_18_35,8.0,shared_nucleotide
x_18_34,x_18_36,8.0,shared_nucleotide
x_18_34,x_18_40,8.0,shared_nucleotide
x_18_34,x_18_44,8.0,shared_nucleotide
x_18_34,x_19_34,8.0,shared_nucleotide
x_18_34,x_19_35,8.0,crossing_pair
x_18_34,x_19_36,8.0,crossing_pair
x_18_34,x_19_40,8.0,crossing_pair
x_18_34,x_19_44,8.0,crossing_pair
x_18_34,x_20_37,8.0,crossing_pair
x_18_34,x_20_38,8.0,crossing_pair
x_18_34,x_20_39,8.0,crossing_pair
x_18_34,x_20_41,8.0,crossing_pair
x_18_34,x_20_42,8.0,crossing_pair
x_18_34,x_20_43,8.0,crossing_pair
x_18_34,x_21_37,8.0,crossing_pair
x_18_34,x_21_38,8.0,crossing_pair
x_18_34,x_21_39,8.0,crossing_pair
x_18_34,x_21_42,8.0,crossing_pair
x_18_34,x_21_43,8.0,crossing_pair
x_18_34,x_22_37,8.0,crossing_pair
x_18_34,x_22_38,8.0,crossing_pair
x_18_34,x_22_39,8.0,crossing_pair
x_18_34,x_22_41,8.0,crossing_pair
x_18_34,x_22_42,8.0,crossing_pair
x_18_34,x_22_43,8.0,crossing_pair
x_18_34,x_23_37,8.0,crossing_pair
x_18_34,x_23_38,8.0,crossing_pair
x_18_34,x_23_39,8.0,crossing_pair
x_18_34,x_23_42,8.0,crossing_pair
x_18_34,x_23_43,8.0,crossing_pair
x_18_34,x_24_37,8.0,crossing_pair
x_18_34,x_24_38,8.0,crossing_pair
x_18_34,x_24_39,8.0,crossing_pair
x_18_34,x_24_42,8.0,crossing_pair
x_18_34,x_24_43,8.0,crossing_pair
x_18_34,x_25_34,8.0,shared_nucleotide
x_18_34,x_25_40,8.0,crossing_pair
x_18_34,x_25_44,8.0,crossing_pair
x_18_34,x_26_37,8.0,crossing_pair
x_18_34,x_26_38,8.0,crossing_pair
x_18_34,x_26_39,8.0,crossing_pair
x_18_34,x_26_42,8.0,crossing_pair
x_18_34,x_26_43,8.0,crossing_pair
x_18_34,x_27_37,8.0,crossing_pair
x_18_34,x_27_38,8.0,crossing_pair
x_18_34,x_27_39,8.0,crossing_pair
x_18_34,x_27_42,8.0,crossing_pair
x_18_34,x_27_43,8.0,crossing_pair
x_18_34,x_28_37,8.0,crossing_pair
x_18_34,x_28_38,8.0,crossing_pair
x_18_34,x_28_39,8.0,crossing_pair
x_18_34,x_28_42,8.0,crossing_pair
x_18_34,x_28_43,8.0,crossing_pair
x_18_34,x_29_37,8.0,crossing_pair
x_18_34,x_29_38,8.0,crossing_pair
x_18_34,x_29_39,8.0,crossing_pair
x_18_34,x_29_42,8.0,crossing_pair
x_18_34,x_29_43,8.0,crossing_pair
x_18_34,x_30_34,8.0,shared_nucleotide
x_18_34,x_30_35,8.0,crossing_pair
x_18_34,x_30_36,8.0,crossing_pair
x_18_34,x_30_40,8.0,crossing_pair
x_18_34,x_30_44,8.0,crossing_pair
x_18_34,x_31_37,8.0,crossing_pair
x_18_34,x_31_38,8.0,crossing_pair
x_18_34,x_31_39,8.0,crossing_pair
x_18_34,x_31_42,8.0,crossing_pair
x_18_34,x_31_43,8.0,crossing_pair
x_18_34,x_32_40,8.0,crossing_pair
x_18_34,x_32_44,8.0,crossing_pair
x_18_34,x_33_37,8.0,crossing_pair
x_18_34,x_33_38,8.0,crossing_pair
x_18_34,x_33_39,8.0,crossing_pair
x_18_34,x_33_42,8.0,crossing_pair
x_18_34,x_33_43,8.0,crossing_pair
x_18_34,x_34_38,8.0,shared_nucleotide
x_18_34,x_34_39,8.0,shared_nucleotide
x_18_34,x_34_41,8.0,shared_nucleotide
x_18_34,x_34_42,8.0,shared_nucleotide
x_18_34,x_34_43,8.0,shared_nucleotide
x_18_35,x_18_36,8.0,shared_nucleotide
x_18_35,x_18_40,8.0,shared_nucleotide
x_18_35,x_18_44,8.0,shared_nucleotide
x_18_35,x_19_35,8.0,shared_nucleotide
x_18_35,x_19_36,8.0,crossing_pair
x_18_35,x_19_40,8.0,crossing_pair
x_18_35,x_19_44,8.0,crossing_pair
x_18_35,x_20_37,8.0,crossing_pair
x_18_35,x_20_38,8.0,crossing_pair
x_18_35,x_20_39,8.0,crossing_pair
x_18_35,x_20_41,8.0,crossing_pair
x_18_35,x_20_42,8.0,crossing_pair
x_18_35,x_20_43,8.0,crossing_pair
x_18_35,x_21_37,8.0,crossing_pair
x_18_35,x_21_38,8.0,crossing_pair
x_18_35,x_21_39,8.0,crossing_pair
x_18_35,x_21_42,8.0,crossing_pair
x_18_35,x_21_43,8.0,crossing_pair
x_18_35,x_22_37,8.0,crossing_pair
x_18_35,x_22_38,8.0,crossing_pair
x_18_35,x_22_39,8.0,crossing_pair
x_18_35,x_22_41,8.0,crossing_pair
x_18_35,x_22_42,8.0,crossing_pair
x_18_35,x_22_43,8.0,crossing_pair
x_18_35,x_23_37,8.0,crossing_pair
x_18_35,x_23_38,8.0,crossing_pair
x_18_35,x_23_39,8.0,crossing_pair
x_18_35,x_23_42,8.0,crossing_pair
x_18_35,x_23_43,8.0,crossing_pair
x_18_35,x_24_37,8.0,crossing_pair
x_18_35,x_24_38,8.0,crossing_pair
x_18_35,x_24_39,8.0,crossing_pair
x_18_35,x_24_42,8.0,crossing_pair
x_18_35,x_24_43,8.0,crossing_pair
x_18_35,x_25_40,8.0,crossing_pair
x_18_35,x_25_44,8.0,crossing_pair
x_18_35,x_26_37,8.0,crossing_pair
x_18_35,x_26_38,8.0,crossing_pair
x_18_35,x_26_39,8.0,crossing_pair
x_18_35,x_26_42,8.0,crossing_pair
x_18_35,x_26_43,8.0,crossing_pair
x_18_35,x_27_37,8.0,crossing_pair
x_18_35,x_27_38,8.0,crossing_pair
x_18_35,x_27_39,8.0,crossing_pair
x_18_35,x_27_42,8.0,crossing_pair
x_18_35,x_27_43,8.0,crossing_pair
x_18_35,x_28_37,8.0,crossing_pair
x_18_35,x_28_38,8.0,crossing_pair
x_18_35,x_28_39,8.0,crossing_pair
x_18_35,x_28_42,8.0,crossing_pair
x_18_35,x_28_43,8.0,crossing_pair
x_18_35,x_29_37,8.0,crossing_pair
x_18_35,x_29_38,8.0,crossing_pair
x_18_35,x_29_39,8.0,crossing_pair
x_18_35,x_29_42,8.0,crossing_pair
x_18_35,x_29_43,8.0,crossing_pair
x_18_35,x_30_35,8.0,shared_nucleotide
x_18_35,x_30_36,8.0,crossing_pair
x_18_35,x_30_40,8.0,crossing_pair
x_18_35,x_30_44,8.0,crossing_pair
x_18_35,x_31_37,8.0,crossing_pair
x_18_35,x_31_38,8.0,crossing_pair
x_18_35,x_31_39,8.0,crossing_pair
x_18_35,x_31_42,8.0,crossing_pair
x_18_35,x_31_43,8.0,crossing_pair
x_18_35,x_32_40,8.0,crossing_pair
x_18_35,x_32_44,8.0,crossing_pair
x_18_35,x_33_37,8.0,crossing_pair
x_18_35,x_33_38,8.0,crossing_pair
x_18_35,x_33_39,8.0,crossing_pair
x_18_35,x_33_42,8.0,crossing_pair
x_18_35,x_33_43,8.0,crossing_pair
x_18_35,x_34_38,8.0,crossing_pair
x_18_35,x_34_39,8.0,crossing_pair
x_18_35,x_34_41,8.0,crossing_pair
x_18_35,x_34_42,8.0,crossing_pair
x_18_35,x_34_43,8.0,crossing_pair
x_18_35,x_35_39,8.0,shared_nucleotide
x_18_35,x_35_42,8.0,shared_nucleotide
x_18_35,x_35_43,8.0,shared_nucleotide
x_18_36,x_18_40,8.0,shared_nucleotide
x_18_36,x_18_44,8.0,shared_nucleotide
x_18_36,x_19_36,8.0,shared_nucleotide
x_18_36,x_19_40,8.0,crossing_pair
x_18_36,x_19_44,8.0,crossing_pair
x_18_36,x_20_37,8.0,crossing_pair
x_18_36,x_20_38,8.0,crossing_pair
x_18_36,x_20_39,8.0,crossing_pair
x_18_36,x_20_41,8.0,crossing_pair
x_18_36,x_20_42,8.0,crossing_pair
x_18_36,x_20_43,8.0,crossing_pair
x_18_36,x_21_37,8.0,crossing_pair
x_18_36,x_21_38,8.0,crossing_pair
x_18_36,x_21_39,8.0,crossing_pair
x_18_36,x_21_42,8.0,crossing_pair
x_18_36,x_21_43,8.0,crossing_pair
x_18_36,x_22_37,8.0,crossing_pair
x_18_36,x_22_38,8.0,crossing_pair
x_18_36,x_22_39,8.0,crossing_pair
x_18_36,x_22_41,8.0,crossing_pair
x_18_36,x_22_42,8.0,crossing_pair
x_18_36,x_22_43,8.0,crossing_pair
x_18_36,x_23_37,8.0,crossing_pair
x_18_36,x_23_38,8.0,crossing_pair
x_18_36,x_23_39,8.0,crossing_pair
x_18_36,x_23_42,8.0,crossing_pair
x_18_36,x_23_43,8.0,crossing_pair
x_18_36,x_24_37,8.0,crossing_pair
x_18_36,x_24_38,8.0,crossing_pair
x_18_36,x_24_39,8.0,crossing_pair
x_18_36,x_24_42,8.0,crossing_pair
x_18_36,x_24_43,8.0,crossing_pair
x_18_36,x_25_40,8.0,crossing_pair
x_18_36,x_25_44,8.0,crossing_pair
x_18_36,x_26_37,8.0,crossing_pair
x_18_36,x_26_38,8.0,crossing_pair
x_18_36,x_26_39,8.0,crossing_pair
x_18_36,x_26_42,8.0,crossing_pair
x_18_36,x_26_43,8.0,crossing_pair
x_18_36,x_27_37,8.0,crossing_pair
x_18_36,x_27_38,8.0,crossing_pair
x_18_36,x_27_39,8.0,crossing_pair
x_18_36,x_27_42,8.0,crossing_pair
x_18_36,x_27_43,8.0,crossing_pair
x_18_36,x_28_37,8.0,crossing_pair
x_18_36,x_28_38,8.0,crossing_pair
x_18_36,x_28_39,8.0,crossing_pair
x_18_36,x_28_42,8.0,crossing_pair
x_18_36,x_28_43,8.0,crossing_pair
x_18_36,x_29_37,8.0,crossing_pair
x_18_36,x_29_38,8.0,crossing_pair
x_18_36,x_29_39,8.0,crossing_pair
x_18_36,x_29_42,8.0,crossing_pair
x_18_36,x_29_43,8.0,crossing_pair
x_18_36,x_30_36,8.0,shared_nucleotide
x_18_36,x_30_40,8.0,crossing_pair
x_18_36,x_30_44,8.0,crossing_pair
x_18_36,x_31_37,8.0,crossing_pair
x_18_36,x_31_38,8.0,crossing_pair
x_18_36,x_31_39,8.0,crossing_pair
x_18_36,x_31_42,8.0,crossing_pair
x_18_36,x_31_43,8.0,crossing_pair
x_18_36,x_32_40,8.0,crossing_pair
x_18_36,x_32_44,8.0,crossing_pair
x_18_36,x_33_37,8.0,crossing_pair
x_18_36,x_33_38,8.0,crossing_pair
x_18_36,x_33_39,8.0,crossing_pair
x_18_36,x_33_42,8.0,crossing_pair
x_18_36,x_33_43,8.0,crossing_pair
x_18_36,x_34_38,8.0,crossing_pair
x_18_36,x_34_39,8.0,crossing_pair
x_18_36,x_34_41,8.0,crossing_pair
x_18_36,x_34_42,8.0,crossing_pair
x_18_36,x_34_43,8.0,crossing_pair
x_18_36,x_35_39,8.0,crossing_pair
x_18_36,x_35_42,8.0,crossing_pair
x_18_36,x_35_43,8.0,crossing_pair
x_18_36,x_36_42,8.0,shared_nucleotide
x_18_36,x_36_43,8.0,shared_nucleotide
x_18_40,x_18_44,8.0,shared_nucleotide
x_18_40,x_19_40,8.0,shared_nucleotide
x_18_40,x_19_44,8.0,crossing_pair
x_18_40,x_20_41,8.0,crossing_pair
x_18_40,x_20_42,8.0,crossing_pair
x_18_40,x_20_43,8.0,crossing_pair
x_18_40,x_21_42,8.0,crossing_pair
x_18_40,x_21_43,8.0,crossing_pair
x_18_40,x_22_41,8.0,crossing_pair
x_18_40,x_22_42,8.0,crossing_pair
x_18_40,x_22_43,8.0,crossing_pair
x_18_40,x_23_42,8.0,crossing_pair
x_18_40,x_23_43,8.0,crossing_pair
x_18_40,x_24_42,8.0,crossing_pair
x_18_40,x_24_43,8.0,crossing_pair
x_18_40,x_25_40,8.0,shared_nucleotide
x_18_40,x_25_44,8.0,crossing_pair
x_18_40,x_26_42,8.0,crossing_pair
x_18_40,x_26_43,8.0,crossing_pair
x_18_40,x_27_42,8.0,crossing_pair
x_18_40,x_27_43,8.0,crossing_pair
x_18_40,x_28_42,8.0,crossing_pair
x_18_40,x_28_43,8.0,crossing_pair
x_18_40,x_29_42,8.0,crossing_pair
x_18_40,x_29_43,8.0,crossing_pair
x_18_40,x_30_40,8.0,shared_nucleotide
x_18_40,x_30_44,8.0,crossing_pair
x_18_40,x_31_42,8.0,crossing_pair
x_18_40,x_31_43,8.0,crossing_pair
x_18_40,x_32_40,8.0,shared_nucleotide
x_18_40,x_32_44,8.0,crossing_pair
x_18_40,x_33_42,8.0,crossing_pair
x_18_40,x_33_43,8.0,crossing_pair
x_18_40,x_34_41,8.0,crossing_pair
x_18_40,x_34_42,8.0,crossing_pair
x_18_40,x_34_43,8.0,crossing_pair
x_18_40,x_35_42,8.0,crossing_pair
x_18_40,x_35_43,8.0,crossing_pair
x_18_40,x_36_42,8.0,crossing_pair
x_18_40,x_36_43,8.0,crossing_pair
x_18_40,x_37_44,8.0,crossing_pair
x_18_40,x_38_44,8.0,crossing_pair
x_18_40,x_39_44,8.0,crossing_pair
x_18_44,x_19_44,8.0,shared_nucleotide
x_18_44,x_25_44,8.0,shared_nucleotide
x_18_44,x_30_44,8.0,shared_nucleotide
x_18_44,x_32_44,8.0,shared_nucleotide
x_18_44,x_37_44,8.0,shared_nucleotide
x_18_44,x_38_44,8.0,shared_nucleotide
x_18_44,x_39_44,8.0,shared_nucleotide
x_19_23,x_19_24,8.0,shared_nucleotide
x_19_23,x_19_26,8.0,shared_nucleotide
x_19_23,x_19_27,8.0,shared_nucleotide
x_19_23,x_19_28,8.0,shared_nucleotide
x_19_23,x_19_29,8.0,shared_nucleotide
x_19_23,x_19_31,8.0,shared_nucleotide
x_19_23,x_19_33,8.0,shared_nucleotide
x_19_23,x_19_34,8.0,shared_nucleotide
x_19_23,x_19_35,8.0,shared_nucleotide
x_19_23,x_19_36,8.0,shared_nucleotide
x_19_23,x_19_40,8.0,shared_nucleotide
x_19_23,x_19_44,8.0,shared_nucleotide
x_19_23,x_20_25,8.0,crossing_pair
x_19_23,x_20_30,8.0,crossing_pair
x_19_23,x_20_32,8.0,crossing_pair
x_19_23,x_20_37,8.0,crossing_pair
x_19_23,x_20_38,8.0,crossing_pair
x_19_23,x_20_39,8.0,crossing_pair
x_19_23,x_20_41,8.0,crossing_pair
x_19_23,x_20_42,8.0,crossing_pair
x_19_23,x_20_43,8.0,crossing_pair
x_19_23,x_21_30,8.0,crossing_pair
x_19_23,x_21_37,8.0,crossing_pair
x_19_23,x_21_38,8.0,crossing_pair
x_19_23,x_21_39,8.0,crossing_pair
x_19_23,x_21_42,8.0,crossing_pair
x_19_23,x_21_43,8.0,crossing_pair
x_19_23,x_22_30,8.0,crossing_pair
x_19_23,x_22_32,8.0,crossing_pair
x_19_23,x_22_37,8.0,crossing_pair
x_19_23,x_22_38,8.0,crossing_pair
x_19_23,x_22_39,8.0,crossing_pair
x_19_23,x_22_41,8.0,crossing_pair
x_19_23,x_22_42,8.0,crossing_pair
x_19_23,x_22_43,8.0,crossing_pair
x_19_23,x_23_30,8.0,shared_nucleotide
x_19_23,x_23_37,8.0,shared_nucleotide
x_19_23,x_23_38,8.0,shared_nucleotide
x_19_23,x_23_39,8.0,shared_nucleotide
x_19_23,x_23_42,8.0,shared_nucleotide
x_19_23,x_23_43,8.0,shared_nucleotide
x_19_24,x_19_26,8.0,shared_nucleotide
x_19_24,x_19_27,8.0,shared_nucleotide
x_19_24,x_19_28,8.0,shared_nucleotide
x_19_24,x_19_29,8.0,shared_nucleotide
x_19_24,x_19_31,8.0,shared_nucleotide
x_19_24,x_19_33,8.0,shared_nucleotide
x_19_24,x_19_34,8.0,shared_nucleotide
x_19_24,x_19_35,8.0,shared_nucleotide
x_19_24,x_19_36,8.0,shared_nucleotide
x_19_24,x_19_40,8.0,shared_nucleotide
x_19_24,x_19_44,8.0,shared_nucleotide
x_19_24,x_20_25,8.0,crossing_pair
x_19_24,x_20_30,8.0,crossing_pair
x_19_24,x_20_32,8.0,crossing_pair
x_19_24,x_20_37,8.0,crossing_pair
x_19_24,x_20_38,8.0,crossing_pair
x_19_24,x_20_39,8.0,crossing_pair
x_19_24,x_20_41,8.0,crossing_pair
x_19_24,x_20_42,8.0,crossing_pair
x_19_24,x_20_43,8.0,crossing_pair
x_19_24,x_21_30,8.0,crossing_pair
x_19_24,x_21_37,8.0,crossing_pair
x_19_24,x_21_38,8.0,crossing_pair
x_19_24,x_21_39,8.0,crossing_pair
x_19_24,x_21_42,8.0,crossing_pair
x_19_24,x_21_43,8.0,crossing_pair
x_19_24,x_22_30,8.0,crossing_pair
x_19_24,x_22_32,8.0,crossing_pair
x_19_24,x_22_37,8.0,crossing_pair
x_19_24,x_22_38,8.0,crossing_pair
x_19_24,x_22_39,8.0,crossing_pair
x_19_24,x_22_41,8.0,crossing_pair
x_19_24,x_22_42,8.0,crossing_pair
x_19_24,x_22_43,8.0,crossing_pair
x_19_24,x_23_30,8.0,crossing_pair
x_19_24,x_23_37,8.0,crossing_pair
x_19_24,x_23_38,8.0,crossing_pair
x_19_24,x_23_39,8.0,crossing_pair
x_19_24,x_23_42,8.0,crossing_pair
x_19_24,x_23_43,8.0,crossing_pair
x_19_24,x_24_30,8.0,shared_nucleotide
x_19_24,x_24_37,8.0,shared_nucleotide
x_19_24,x_24_38,8.0,shared_nucleotide
x_19_24,x_24_39,8.0,shared_nucleotide
x_19_24,x_24_42,8.0,shared_nucleotide
x_19_24,x_24_43,8.0,shared_nucleotide
x_19_26,x_19_27,8.0,shared_nucleotide
x_19_26,x_19_28,8.0,shared_nucleotide
x_19_26,x_19_29,8.0,shared_nucleotide
x_19_26,x_19_31,8.0,shared_nucleotide
x_19_26,x_19_33,8.0,shared_nucleotide
x_19_26,x_19_34,8.0,shared_nucleotide
x_19_26,x_19_35,8.0,shared_nucleotide
x_19_26,x_19_36,8.0,shared_nucleotide
x_19_26,x_19_40,8.0,shared_nucleotide
x_19_26,x_19_44,8.0,shared_nucleotide
x_19_26,x_20_30,8.0,crossing_pair
x_19_26,x_20_32,8.0,crossing_pair
x_19_26,x_20_37,8.0,crossing_pair
x_19_26,x_20_38,8.0,crossing_pair
x_19_26,x_20_39,8.0,crossing_pair
x_19_26,x_20_41,8.0,crossing_pair
x_19_26,x_20_42,8.0,crossing_pair
x_19_26,x_20_43,8.0,crossing_pair
x_19_26,x_21_30,8.0,crossing_pair
x_19_26,x_21_37,8.0,crossing_pair
x_19_26,x_21_38,8.0,crossing_pair
x_19_26,x_21_39,8.0,crossing_pair
x_19_26,x_21_42,8.0,crossing_pair
x_19_26,x_21_43,8.0,crossing_pair
x_19_26,x_22_30,8.0,crossing_pair
x_19_26,x_22_32,8.0,crossing_pair
x_19_26,x_22_37,8.0,crossing_pair
x_19_26,x_22_38,8.0,crossing_pair
x_19_26,x_22_39,8.0,crossing_pair
x_19_26,x_22_41,8.0,crossing_pair
x_19_26,x_22_42,8.0,crossing_pair
x_19_26,x_22_43,8.0,crossing_pair
x_19_26,x_23_30,8.0,crossing_pair
x_19_26,x_23_37,8.0,crossing_pair
x_19_26,x_23_38,8.0,crossing_pair
x_19_26,x_23_39,8.0,crossing_pair
x_19_26,x_23_42,8.0,crossing_pair
x_19_26,x_23_43,8.0,crossing_pair
x_19_26,x_24_30,8.0,crossing_pair
x_19_26,x_24_37,8.0,crossing_pair
x_19_26,x_24_38,8.0,crossing_pair
x_19_26,x_24_39,8.0,crossing_pair
x_19_26,x_24_42,8.0,crossing_pair
x_19_26,x_24_43,8.0,crossing_pair
x_19_26,x_25_34,8.0,crossing_pair
x_19_26,x_25_40,8.0,crossing_pair
x_19_26,x_25_44,8.0,crossing_pair
x_19_26,x_26_30,8.0,shared_nucleotide
x_19_26,x_26_37,8.0,shared_nucleotide
x_19_26,x_26_38,8.0,shared_nucleotide
x_19_26,x_26_39,8.0,shared_nucleotide
x_19_26,x_26_42,8.0,shared_nucleotide
x_19_26,x_26_43,8.0,shared_nucleotide
x_19_27,x_19_28,8.0,shared_nucleotide
x_19_27,x_19_29,8.0,shared_nucleotide
x_19_27,x_19_31,8.0,shared_nucleotide
x_19_27,x_19_33,8.0,shared_nucleotide
x_19_27,x_19_34,8.0,shared_nucleotide
x_19_27,x_19_35,8.0,shared_nucleotide
x_19_27,x_19_36,8.0,shared_nucleotide
x_19_27,x_19_40,8.0,shared_nucleotide
x_19_27,x_19_44,8.0,shared_nucleotide
x_19_27,x_20_30,8.0,crossing_pair
x_19_27,x_20_32,8.0,crossing_pair
x_19_27,x_20_37,8.0,crossing_pair
x_19_27,x_20_38,8.0,crossing_pair
x_19_27,x_20_39,8.0,crossing_pair
x_19_27,x_20_41,8.0,crossing_pair
x_19_27,x_20_42,8.0,crossing_pair
x_19_27,x_20_43,8.0,crossing_pair
x_19_27,x_21_30,8.0,crossing_pair
x_19_27,x_21_37,8.0,crossing_pair
x_19_27,x_21_38,8.0,crossing_pair
x_19_27,x_21_39,8.0,crossing_pair
x_19_27,x_21_42,8.0,crossing_pair
x_19_27,x_21_43,8.0,crossing_pair
x_19_27,x_22_30,8.0,crossing_pair
x_19_27,x_22_32,8.0,crossing_pair
x_19_27,x_22_37,8.0,crossing_pair
x_19_27,x_22_38,8.0,crossing_pair
x_19_27,x_22_39,8.0,crossing_pair
x_19_27,x_22_41,8.0,crossing_pair
x_19_27,x_22_42,8.0,crossing_pair
x_19_27,x_22_43,8.0,crossing_pair
x_19_27,x_23_30,8.0,crossing_pair
x_19_27,x_23_37,8.0,crossing_pair
x_19_27,x_23_38,8.0,crossing_pair
x_19_27,x_23_39,8.0,crossing_pair
x_19_27,x_23_42,8.0,crossing_pair
x_19_27,x_23_43,8.0,crossing_pair
x_19_27,x_24_30,8.0,crossing_pair
x_19_27,x_24_37,8.0,crossing_pair
x_19_27,x_24_38,8.0,crossing_pair
x_19_27,x_24_39,8.0,crossing_pair
x_19_27,x_24_42,8.0,crossing_pair
x_19_27,x_24_43,8.0,crossing_pair
x_19_27,x_25_34,8.0,crossing_pair
x_19_27,x_25_40,8.0,crossing_pair
x_19_27,x_25_44,8.0,crossing_pair
x_19_27,x_26_30,8.0,crossing_pair
x_19_27,x_26_37,8.0,crossing_pair
x_19_27,x_26_38,8.0,crossing_pair
x_19_27,x_26_39,8.0,crossing_pair
x_19_27,x_26_42,8.0,crossing_pair
x_19_27,x_26_43,8.0,crossing_pair
x_19_27,x_27_37,8.0,shared_nucleotide
x_19_27,x_27_38,8.0,shared_nucleotide
x_19_27,x_27_39,8.0,shared_nucleotide
x_19_27,x_27_42,8.0,shared_nucleotide
x_19_27,x_27_43,8.0,shared_nucleotide
x_19_28,x_19_29,8.0,shared_nucleotide
x_19_28,x_19_31,8.0,shared_nucleotide
x_19_28,x_19_33,8.0,shared_nucleotide
x_19_28,x_19_34,8.0,shared_nucleotide
x_19_28,x_19_35,8.0,shared_nucleotide
x_19_28,x_19_36,8.0,shared_nucleotide
x_19_28,x_19_40,8.0,shared_nucleotide
x_19_28,x_19_44,8.0,shared_nucleotide
x_19_28,x_20_30,8.0,crossing_pair
x_19_28,x_20_32,8.0,crossing_pair
x_19_28,x_20_37,8.0,crossing_pair
x_19_28,x_20_38,8.0,crossing_pair
x_19_28,x_20_39,8.0,crossing_pair
x_19_28,x_20_41,8.0,crossing_pair
x_19_28,x_20_42,8.0,crossing_pair
x_19_28,x_20_43,8.0,crossing_pair
x_19_28,x_21_30,8.0,crossing_pair
x_19_28,x_21_37,8.0,crossing_pair
x_19_28,x_21_38,8.0,crossing_pair
x_19_28,x_21_39,8.0,crossing_pair
x_19_28,x_21_42,8.0,crossing_pair
x_19_28,x_21_43,8.0,crossing_pair
x_19_28,x_22_30,8.0,crossing_pair
x_19_28,x_22_32,8.0,crossing_pair
x_19_28,x_22_37,8.0,crossing_pair
x_19_28,x_22_38,8.0,crossing_pair
x_19_28,x_22_39,8.0,crossing_pair
x_19_28,x_22_41,8.0,crossing_pair
x_19_28,x_22_42,8.0,crossing_pair
x_19_28,x_22_43,8.0,crossing_pair
x_19_28,x_23_30,8.0,crossing_pair
x_19_28,x_23_37,8.0,crossing_pair
x_19_28,x_23_38,8.0,crossing_pair
x_19_28,x_23_39,8.0,crossing_pair
x_19_28,x_23_42,8.0,crossing_pair
x_19_28,x_23_43,8.0,crossing_pair
x_19_28,x_24_30,8.0,crossing_pair
x_19_28,x_24_37,8.0,crossing_pair
x_19_28,x_24_38,8.0,crossing_pair
x_19_28,x_24_39,8.0,crossing_pair
x_19_28,x_24_42,8.0,crossing_pair
x_19_28,x_24_43,8.0,crossing_pair
x_19_28,x_25_34,8.0,crossing_pair
x_19_28,x_25_40,8.0,crossing_pair
x_19_28,x_25_44,8.0,crossing_pair
x_19_28,x_26_30,8.0,crossing_pair
x_19_28,x_26_37,8.0,crossing_pair
x_19_28,x_26_38,8.0,crossing_pair
x_19_28,x_26_39,8.0,crossing_pair
x_19_28,x_26_42,8.0,crossing_pair
x_19_28,x_26_43,8.0,crossing_pair
x_19_28,x_27_37,8.0,crossing_pair
x_19_28,x_27_38,8.0,crossing_pair
x_19_28,x_27_39,8.0,crossing_pair
x_19_28,x_27_42,8.0,crossing_pair
x_19_28,x_27_43,8.0,crossing_pair
x_19_28,x_28_37,8.0,shared_nucleotide
x_19_28,x_28_38,8.0,shared_nucleotide
x_19_28,x_28_39,8.0,shared_nucleotide
x_19_28,x_28_42,8.0,shared_nucleotide
x_19_28,x_28_43,8.0,shared_nucleotide
x_19_29,x_19_31,8.0,shared_nucleotide
x_19_29,x_19_33,8.0,shared_nucleotide
x_19_29,x_19_34,8.0,shared_nucleotide
x_19_29,x_19_35,8.0,shared_nucleotide
x_19_29,x_19_36,8.0,shared_nucleotide
x_19_29,x_19_40,8.0,shared_nucleotide
x_19_29,x_19_44,8.0,shared_nucleotide
x_19_29,x_20_30,8.0,crossing_pair
x_19_29,x_20_32,8.0,crossing_pair
x_19_29,x_20_37,8.0,crossing_pair
x_19_29,x_20_38,8.0,crossing_pair
x_19_29,x_20_39,8.0,crossing_pair
x_19_29,x_20_41,8.0,crossing_pair
x_19_29,x_20_42,8.0,crossing_pair
x_19_29,x_20_43,8.0,crossing_pair
x_19_29,x_21_30,8.0,crossing_pair
x_19_29,x_21_37,8.0,crossing_pair
x_19_29,x_21_38,8.0,crossing_pair
x_19_29,x_21_39,8.0,crossing_pair
x_19_29,x_21_42,8.0,crossing_pair
x_19_29,x_21_43,8.0,crossing_pair
x_19_29,x_22_30,8.0,crossing_pair
x_19_29,x_22_32,8.0,crossing_pair
x_19_29,x_22_37,8.0,crossing_pair
x_19_29,x_22_38,8.0,crossing_pair
x_19_29,x_22_39,8.0,crossing_pair
x_19_29,x_22_41,8.0,crossing_pair
x_19_29,x_22_42,8.0,crossing_pair
x_19_29,x_22_43,8.0,crossing_pair
x_19_29,x_23_30,8.0,crossing_pair
x_19_29,x_23_37,8.0,crossing_pair
x_19_29,x_23_38,8.0,crossing_pair
x_19_29,x_23_39,8.0,crossing_pair
x_19_29,x_23_42,8.0,crossing_pair
x_19_29,x_23_43,8.0,crossing_pair
x_19_29,x_24_30,8.0,crossing_pair
x_19_29,x_24_37,8.0,crossing_pair
x_19_29,x_24_38,8.0,crossing_pair
x_19_29,x_24_39,8.0,crossing_pair
x_19_29,x_24_42,8.0,crossing_pair
x_19_29,x_24_43,8.0,crossing_pair
x_19_29,x_25_34,8.0,crossing_pair
x_19_29,x_25_40,8.0,crossing_pair
x_19_29,x_25_44,8.0,crossing_pair
x_19_29,x_26_30,8.0,crossing_pair
x_19_29,x_26_37,8.0,crossing_pair
x_19_29,x_26_38,8.0,crossing_pair
x_19_29,x_26_39,8.0,crossing_pair
x_19_29,x_26_42,8.0,crossing_pair
x_19_29,x_26_43,8.0,crossing_pair
x_19_29,x_27_37,8.0,crossing_pair
x_19_29,x_27_38,8.0,crossing_pair
x_19_29,x_27_39,8.0,crossing_pair
x_19_29,x_27_42,8.0,crossing_pair
x_19_29,x_27_43,8.0,crossing_pair
x_19_29,x_28_37,8.0,crossing_pair
x_19_29,x_28_38,8.0,crossing_pair
x_19_29,x_28_39,8.0,crossing_pair
x_19_29,x_28_42,8.0,crossing_pair
x_19_29,x_28_43,8.0,crossing_pair
x_19_29,x_29_37,8.0,shared_nucleotide
x_19_29,x_29_38,8.0,shared_nucleotide
x_19_29,x_29_39,8.0,shared_nucleotide
x_19_29,x_29_42,8.0,shared_nucleotide
x_19_29,x_29_43,8.0,shared_nucleotide
x_19_31,x_19_33,8.0,shared_nucleotide
x_19_31,x_19_34,8.0,shared_nucleotide
x_19_31,x_19_35,8.0,shared_nucleotide
x_19_31,x_19_36,8.0,shared_nucleotide
x_19_31,x_19_40,8.0,shared_nucleotide
x_19_31,x_19_44,8.0,shared_nucleotide
x_19_31,x_20_32,8.0,crossing_pair
x_19_31,x_20_37,8.0,crossing_pair
x_19_31,x_20_38,8.0,crossing_pair
x_19_31,x_20_39,8.0,crossing_pair
x_19_31,x_20_41,8.0,crossing_pair
x_19_31,x_20_42,8.0,crossing_pair
x_19_31,x_20_43,8.0,crossing_pair
x_19_31,x_21_37,8.0,crossing_pair
x_19_31,x_21_38,8.0,crossing_pair
x_19_31,x_21_39,8.0,crossing_pair
x_19_31,x_21_42,8.0,crossing_pair
x_19_31,x_21_43,8.0,crossing_pair
x_19_31,x_22_32,8.0,crossing_pair
x_19_31,x_22_37,8.0,crossing_pair
x_19_31,x_22_38,8.0,crossing_pair
x_19_31,x_22_39,8.0,crossing_pair
x_19_31,x_22_41,8.0,crossing_pair
x_19_31,x_22_42,8.0,crossing_pair
x_19_31,x_22_43,8.0,crossing_pair
x_19_31,x_23_37,8.0,crossing_pair
x_19_31,x_23_38,8.0,crossing_pair
x_19_31,x_23_39,8.0,crossing_pair
x_19_31,x_23_42,8.0,crossing_pair
x_19_31,x_23_43,8.0,crossing_pair
x_19_31,x_24_37,8.0,crossing_pair
x_19_31,x_24_38,8.0,crossing_pair
x_19_31,x_24_39,8.0,crossing_pair
x_19_31,x_24_42,8.0,crossing_pair
x_19_31,x_24_43,8.0,crossing_pair
x_19_31,x_25_34,8.0,crossing_pair
x_19_31,x_25_40,8.0,crossing_pair
x_19_31,x_25_44,8.0,crossing_pair
x_19_31,x_26_37,8.0,crossing_pair
x_19_31,x_26_38,8.0,crossing_pair
x_19_31,x_26_39,8.0,crossing_pair
x_19_31,x_26_42,8.0,crossing_pair
x_19_31,x_26_43,8.0,crossing_pair
x_19_31,x_27_37,8.0,crossing_pair
x_19_31,x_27_38,8.0,crossing_pair
x_19_31,x_27_39,8.0,crossing_pair
x_19_31,x_27_42,8.0,crossing_pair
x_19_31,x_27_43,8.0,crossing_pair
x_19_31,x_28_37,8.0,crossing_pair
x_19_31,x_28_38,8.0,crossing_pair
x_19_31,x_28_39,8.0,crossing_pair
x_19_31,x_28_42,8.0,crossing_pair
x_19_31,x_28_43,8.0,crossing_pair
x_19_31,x_29_37,8.0,crossing_pair
x_19_31,x_29_38,8.0,crossing_pair
x_19_31,x_29_39,8.0,crossing_pair
x_19_31,x_29_42,8.0,crossing_pair
x_19_31,x_29_43,8.0,crossing_pair
x_19_31,x_30_34,8.0,crossing_pair
x_19_31,x_30_35,8.0,crossing_pair
x_19_31,x_30_36,8.0,crossing_pair
x_19_31,x_30_40,8.0,crossing_pair
x_19_31,x_30_44,8.0,crossing_pair
x_19_31,x_31_37,8.0,shared_nucleotide
x_19_31,x_31_38,8.0,shared_nucleotide
x_19_31,x_31_39,8.0,shared_nucleotide
x_19_31,x_31_42,8.0,shared_nucleotide
x_19_31,x_31_43,8.0,shared_nucleotide
x_19_33,x_19_34,8.0,shared_nucleotide
x_19_33,x_19_35,8.0,shared_nucleotide
x_19_33,x_19_36,8.0,shared_nucleotide
x_19_33,x_19_40,8.0,shared_nucleotide
x_19_33,x_19_44,8.0,shared_nucleotide
x_19_33,x_20_37,8.0,crossing_pair
x_19_33,x_20_38,8.0,crossing_pair
x_19_33,x_20_39,8.0,crossing_pair
x_19_33,x_20_41,8.0,crossing_pair
x_19_33,x_20_42,8.0,crossing_pair
x_19_33,x_20_43,8.0,crossing_pair
x_19_33,x_21_37,8.0,crossing_pair
x_19_33,x_21_38,8.0,crossing_pair
x_19_33,x_21_39,8.0,crossing_pair
x_19_33,x_21_42,8.0,crossing_pair
x_19_33,x_21_43,8.0,crossing_pair
x_19_33,x_22_37,8.0,crossing_pair
x_19_33,x_22_38,8.0,crossing_pair
x_19_33,x_22_39,8.0,crossing_pair
x_19_33,x_22_41,8.0,crossing_pair
x_19_33,x_22_42,8.0,crossing_pair
x_19_33,x_22_43,8.0,crossing_pair
x_19_33,x_23_37,8.0,crossing_pair
x_19_33,x_23_38,8.0,crossing_pair
x_19_33,x_23_39,8.0,crossing_pair
x_19_33,x_23_42,8.0,crossing_pair
x_19_33,x_23_43,8.0,crossing_pair
x_19_33,x_24_37,8.0,crossing_pair
x_19_33,x_24_38,8.0,crossing_pair
x_19_33,x_24_39,8.0,crossing_pair
x_19_33,x_24_42,8.0,crossing_pair
x_19_33,x_24_43,8.0,crossing_pair
x_19_33,x_25_34,8.0,crossing_pair
x_19_33,x_25_40,8.0,crossing_pair
x_19_33,x_25_44,8.0,crossing_pair
x_19_33,x_26_37,8.0,crossing_pair
x_19_33,x_26_38,8.0,crossing_pair
x_19_33,x_26_39,8.0,crossing_pair
x_19_33,x_26_42,8.0,crossing_pair
x_19_33,x_26_43,8.0,crossing_pair
x_19_33,x_27_37,8.0,crossing_pair
x_19_33,x_27_38,8.0,crossing_pair
x_19_33,x_27_39,8.0,crossing_pair
x_19_33,x_27_42,8.0,crossing_pair
x_19_33,x_27_43,8.0,crossing_pair
x_19_33,x_28_37,8.0,crossing_pair
x_19_33,x_28_38,8.0,crossing_pair
x_19_33,x_28_39,8.0,crossing_pair
x_19_33,x_28_42,8.0,crossing_pair
x_19_33,x_28_43,8.0,crossing_pair
x_19_33,x_29_37,8.0,crossing_pair
x_19_33,x_29_38,8.0,crossing_pair
x_19_33,x_29_39,8.0,crossing_pair
x_19_33,x_29_42,8.0,crossing_pair
x_19_33,x_29_43,8.0,crossing_pair
x_19_33,x_30_34,8.0,crossing_pair
x_19_33,x_30_35,8.0,crossing_pair
x_19_33,x_30_36,8.0,crossing_pair
x_19_33,x_30_40,8.0,crossing_pair
x_19_33,x_30_44,8.0,crossing_pair
x_19_33,x_31_37,8.0,crossing_pair
x_19_33,x_31_38,8.0,crossing_pair
x_19_33,x_31_39,8.0,crossing_pair
x_19_33,x_31_42,8.0,crossing_pair
x_19_33,x_31_43,8.0,crossing_pair
x_19_33,x_32_40,8.0,crossing_pair
x_19_33,x_32_44,8.0,crossing_pair
x_19_33,x_33_37,8.0,shared_nucleotide
x_19_33,x_33_38,8.0,shared_nucleotide
x_19_33,x_33_39,8.0,shared_nucleotide
x_19_33,x_33_42,8.0,shared_nucleotide
x_19_33,x_33_43,8.0,shared_nucleotide
x_19_34,x_19_35,8.0,shared_nucleotide
x_19_34,x_19_36,8.0,shared_nucleotide
x_19_34,x_19_40,8.0,shared_nucleotide
x_19_34,x_19_44,8.0,shared_nucleotide
x_19_34,x_20_37,8.0,crossing_pair
x_19_34,x_20_38,8.0,crossing_pair
x_19_34,x_20_39,8.0,crossing_pair
x_19_34,x_20_41,8.0,crossing_pair
x_19_34,x_20_42,8.0,crossing_pair
x_19_34,x_20_43,8.0,crossing_pair
x_19_34,x_21_37,8.0,crossing_pair
x_19_34,x_21_38,8.0,crossing_pair
x_19_34,x_21_39,8.0,crossing_pair
x_19_34,x_21_42,8.0,crossing_pair
x_19_34,x_21_43,8.0,crossing_pair
x_19_34,x_22_37,8.0,crossing_pair
x_19_34,x_22_38,8.0,crossing_pair
x_19_34,x_22_39,8.0,crossing_pair
x_19_34,x_22_41,8.0,crossing_pair
x_19_34,x_22_42,8.0,crossing_pair
x_19_34,x_22_43,8.0,crossing_pair
x_19_34,x_23_37,8.0,crossing_pair
x_19_34,x_23_38,8.0,crossing_pair
x_19_34,x_23_39,8.0,crossing_pair
x_19_34,x_23_42,8.0,crossing_pair
x_19_34,x_23_43,8.0,crossing_pair
x_19_34,x_24_37,8.0,crossing_pair
x_19_34,x_24_38,8.0,crossing_pair
x_19_34,x_24_39,8.0,crossing_pair
x_19_34,x_24_42,8.0,crossing_pair
x_19_34,x_24_43,8.0,crossing_pair
x_19_34,x_25_34,8.0,shared_nucleotide
x_19_34,x_25_40,8.0,crossing_pair
x_19_34,x_25_44,8.0,crossing_pair
x_19_34,x_26_37,8.0,crossing_pair
x_19_34,x_26_38,8.0,crossing_pair
x_19_34,x_26_39,8.0,crossing_pair
x_19_34,x_26_42,8.0,crossing_pair
x_19_34,x_26_43,8.0,crossing_pair
x_19_34,x_27_37,8.0,crossing_pair
x_19_34,x_27_38,8.0,crossing_pair
x_19_34,x_27_39,8.0,crossing_pair
x_19_34,x_27_42,8.0,crossing_pair
x_19_34,x_27_43,8.0,crossing_pair
x_19_34,x_28_37,8.0,crossing_pair
x_19_34,x_28_38,8.0,crossing_pair
x_19_34,x_28_39,8.0,crossing_pair
x_19_34,x_28_42,8.0,crossing_pair
x_19_34,x_28_43,8.0,crossing_pair
x_19_34,x_29_37,8.0,crossing_pair
x_19_34,x_29_38,8.0,crossing_pair
x_19_34,x_29_39,8.0,crossing_pair
x_19_34,x_29_42,8.0,crossing_pair
x_19_34,x_29_43,8.0,crossing_pair
x_19_34,x_30_34,8.0,shared_nucleotide
x_19_34,x_30_35,8.0,crossing_pair
x_19_34,x_30_36,8.0,crossing_pair
x_19_34,x_30_40,8.0,crossing_pair
x_19_34,x_30_44,8.0,crossing_pair
x_19_34,x_31_37,8.0,crossing_pair
x_19_34,x_31_38,8.0,crossing_pair
x_19_34,x_31_39,8.0,crossing_pair
x_19_34,x_31_42,8.0,crossing_pair
x_19_34,x_31_43,8.0,crossing_pair
x_19_34,x_32_40,8.0,crossing_pair
x_19_34,x_32_44,8.0,crossing_pair
x_19_34,x_33_37,8.0,crossing_pair
x_19_34,x_33_38,8.0,crossing_pair
x_19_34,x_33_39,8.0,crossing_pair
x_19_34,x_33_42,8.0,crossing_pair
x_19_34,x_33_43,8.0,crossing_pair
x_19_34,x_34_38,8.0,shared_nucleotide
x_19_34,x_34_39,8.0,shared_nucleotide
x_19_34,x_34_41,8.0,shared_nucleotide
x_19_34,x_34_42,8.0,shared_nucleotide
x_19_34,x_34_43,8.0,shared_nucleotide
x_19_35,x_19_36,8.0,shared_nucleotide
x_19_35,x_19_40,8.0,shared_nucleotide
x_19_35,x_19_44,8.0,shared_nucleotide
x_19_35,x_20_37,8.0,crossing_pair
x_19_35,x_20_38,8.0,crossing_pair
x_19_35,x_20_39,8.0,crossing_pair
x_19_35,x_20_41,8.0,crossing_pair
x_19_35,x_20_42,8.0,crossing_pair
x_19_35,x_20_43,8.0,crossing_pair
x_19_35,x_21_37,8.0,crossing_pair
x_19_35,x_21_38,8.0,crossing_pair
x_19_35,x_21_39,8.0,crossing_pair
x_19_35,x_21_42,8.0,crossing_pair
x_19_35,x_21_43,8.0,crossing_pair
x_19_35,x_22_37,8.0,crossing_pair
x_19_35,x_22_38,8.0,crossing_pair
x_19_35,x_22_39,8.0,crossing_pair
x_19_35,x_22_41,8.0,crossing_pair
x_19_35,x_22_42,8.0,crossing_pair
x_19_35,x_22_43,8.0,crossing_pair
x_19_35,x_23_37,8.0,crossing_pair
x_19_35,x_23_38,8.0,crossing_pair
x_19_35,x_23_39,8.0,crossing_pair
x_19_35,x_23_42,8.0,crossing_pair
x_19_35,x_23_43,8.0,crossing_pair
x_19_35,x_24_37,8.0,crossing_pair
x_19_35,x_24_38,8.0,crossing_pair
x_19_35,x_24_39,8.0,crossing_pair
x_19_35,x_24_42,8.0,crossing_pair
x_19_35,x_24_43,8.0,crossing_pair
x_19_35,x_25_40,8.0,crossing_pair
x_19_35,x_25_44,8.0,crossing_pair
x_19_35,x_26_37,8.0,crossing_pair
x_19_35,x_26_38,8.0,crossing_pair
x_19_35,x_26_39,8.0,crossing_pair
x_19_35,x_26_42,8.0,crossing_pair
x_19_35,x_26_43,8.0,crossing_pair
x_19_35,x_27_37,8.0,crossing_pair
x_19_35,x_27_38,8.0,crossing_pair
x_19_35,x_27_39,8.0,crossing_pair
x_19_35,x_27_42,8.0,crossing_pair
x_19_35,x_27_43,8.0,crossing_pair
x_19_35,x_28_37,8.0,crossing_pair
x_19_35,x_28_38,8.0,crossing_pair
x_19_35,x_28_39,8.0,crossing_pair
x_19_35,x_28_42,8.0,crossing_pair
x_19_35,x_28_43,8.0,crossing_pair
x_19_35,x_29_37,8.0,crossing_pair
x_19_35,x_29_38,8.0,crossing_pair
x_19_35,x_29_39,8.0,crossing_pair
x_19_35,x_29_42,8.0,crossing_pair
x_19_35,x_29_43,8.0,crossing_pair
x_19_35,x_30_35,8.0,shared_nucleotide
x_19_35,x_30_36,8.0,crossing_pair
x_19_35,x_30_40,8.0,crossing_pair
x_19_35,x_30_44,8.0,crossing_pair
x_19_35,x_31_37,8.0,crossing_pair
x_19_35,x_31_38,8.0,crossing_pair
x_19_35,x_31_39,8.0,crossing_pair
x_19_35,x_31_42,8.0,crossing_pair
x_19_35,x_31_43,8.0,crossing_pair
x_19_35,x_32_40,8.0,crossing_pair
x_19_35,x_32_44,8.0,crossing_pair
x_19_35,x_33_37,8.0,crossing_pair
x_19_35,x_33_38,8.0,crossing_pair
x_19_35,x_33_39,8.0,crossing_pair
x_19_35,x_33_42,8.0,crossing_pair
x_19_35,x_33_43,8.0,crossing_pair
x_19_35,x_34_38,8.0,crossing_pair
x_19_35,x_34_39,8.0,crossing_pair
x_19_35,x_34_41,8.0,crossing_pair
x_19_35,x_34_42,8.0,crossing_pair
x_19_35,x_34_43,8.0,crossing_pair
x_19_35,x_35_39,8.0,shared_nucleotide
x_19_35,x_35_42,8.0,shared_nucleotide
x_19_35,x_35_43,8.0,shared_nucleotide
x_19_36,x_19_40,8.0,shared_nucleotide
x_19_36,x_19_44,8.0,shared_nucleotide
x_19_36,x_20_37,8.0,crossing_pair
x_19_36,x_20_38,8.0,crossing_pair
x_19_36,x_20_39,8.0,crossing_pair
x_19_36,x_20_41,8.0,crossing_pair
x_19_36,x_20_42,8.0,crossing_pair
x_19_36,x_20_43,8.0,crossing_pair
x_19_36,x_21_37,8.0,crossing_pair
x_19_36,x_21_38,8.0,crossing_pair
x_19_36,x_21_39,8.0,crossing_pair
x_19_36,x_21_42,8.0,crossing_pair
x_19_36,x_21_43,8.0,crossing_pair
x_19_36,x_22_37,8.0,crossing_pair
x_19_36,x_22_38,8.0,crossing_pair
x_19_36,x_22_39,8.0,crossing_pair
x_19_36,x_22_41,8.0,crossing_pair
x_19_36,x_22_42,8.0,crossing_pair
x_19_36,x_22_43,8.0,crossing_pair
x_19_36,x_23_37,8.0,crossing_pair
x_19_36,x_23_38,8.0,crossing_pair
x_19_36,x_23_39,8.0,crossing_pair
x_19_36,x_23_42,8.0,crossing_pair
x_19_36,x_23_43,8.0,crossing_pair
x_19_36,x_24_37,8.0,crossing_pair
x_19_36,x_24_38,8.0,crossing_pair
x_19_36,x_24_39,8.0,crossing_pair
x_19_36,x_24_42,8.0,crossing_pair
x_19_36,x_24_43,8.0,crossing_pair
x_19_36,x_25_40,8.0,crossing_pair
x_19_36,x_25_44,8.0,crossing_pair
x_19_36,x_26_37,8.0,crossing_pair
x_19_36,x_26_38,8.0,crossing_pair
x_19_36,x_26_39,8.0,crossing_pair
x_19_36,x_26_42,8.0,crossing_pair
x_19_36,x_26_43,8.0,crossing_pair
x_19_36,x_27_37,8.0,crossing_pair
x_19_36,x_27_38,8.0,crossing_pair
x_19_36,x_27_39,8.0,crossing_pair
x_19_36,x_27_42,8.0,crossing_pair
x_19_36,x_27_43,8.0,crossing_pair
x_19_36,x_28_37,8.0,crossing_pair
x_19_36,x_28_38,8.0,crossing_pair
x_19_36,x_28_39,8.0,crossing_pair
x_19_36,x_28_42,8.0,crossing_pair
x_19_36,x_28_43,8.0,crossing_pair
x_19_36,x_29_37,8.0,crossing_pair
x_19_36,x_29_38,8.0,crossing_pair
x_19_36,x_29_39,8.0,crossing_pair
x_19_36,x_29_42,8.0,crossing_pair
x_19_36,x_29_43,8.0,crossing_pair
x_19_36,x_30_36,8.0,shared_nucleotide
x_19_36,x_30_40,8.0,crossing_pair
x_19_36,x_30_44,8.0,crossing_pair
x_19_36,x_31_37,8.0,crossing_pair
x_19_36,x_31_38,8.0,crossing_pair
x_19_36,x_31_39,8.0,crossing_pair
x_19_36,x_31_42,8.0,crossing_pair
x_19_36,x_31_43,8.0,crossing_pair
x_19_36,x_32_40,8.0,crossing_pair
x_19_36,x_32_44,8.0,crossing_pair
x_19_36,x_33_37,8.0,crossing_pair
x_19_36,x_33_38,8.0,crossing_pair
x_19_36,x_33_39,8.0,crossing_pair
x_19_36,x_33_42,8.0,crossing_pair
x_19_36,x_33_43,8.0,crossing_pair
x_19_36,x_34_38,8.0,crossing_pair
x_19_36,x_34_39,8.0,crossing_pair
x_19_36,x_34_41,8.0,crossing_pair
x_19_36,x_34_42,8.0,crossing_pair
x_19_36,x_34_43,8.0,crossing_pair
x_19_36,x_35_39,8.0,crossing_pair
x_19_36,x_35_42,8.0,crossing_pair
x_19_36,x_35_43,8.0,crossing_pair
x_19_36,x_36_42,8.0,shared_nucleotide
x_19_36,x_36_43,8.0,shared_nucleotide
x_19_40,x_19_44,8.0,shared_nucleotide
x_19_40,x_20_41,8.0,crossing_pair
x_19_40,x_20_42,8.0,crossing_pair
x_19_40,x_20_43,8.0,crossing_pair
x_19_40,x_21_42,8.0,crossing_pair
x_19_40,x_21_43,8.0,crossing_pair
x_19_40,x_22_41,8.0,crossing_pair
x_19_40,x_22_42,8.0,crossing_pair
x_19_40,x_22_43,8.0,crossing_pair
x_19_40,x_23_42,8.0,crossing_pair
x_19_40,x_23_43,8.0,crossing_pair
x_19_40,x_24_42,8.0,crossing_pair
x_19_40,x_24_43,8.0,crossing_pair
x_19_40,x_25_40,8.0,shared_nucleotide
x_19_40,x_25_44,8.0,crossing_pair
x_19_40,x_26_42,8.0,crossing_pair
x_19_40,x_26_43,8.0,crossing_pair
x_19_40,x_27_42,8.0,crossing_pair
x_19_40,x_27_43,8.0,crossing_pair
x_19_40,x_28_42,8.0,crossing_pair
x_19_40,x_28_43,8.0,crossing_pair
x_19_40,x_29_42,8.0,crossing_pair
x_19_40,x_29_43,8.0,crossing_pair
x_19_40,x_30_40,8.0,shared_nucleotide
x_19_40,x_30_44,8.0,crossing_pair
x_19_40,x_31_42,8.0,crossing_pair
x_19_40,x_31_43,8.0,crossing_pair
x_19_40,x_32_40,8.0,shared_nucleotide
x_19_40,x_32_44,8.0,crossing_pair
x_19_40,x_33_42,8.0,crossing_pair
x_19_40,x_33_43,8.0,crossing_pair
x_19_40,x_34_41,8.0,crossing_pair
x_19_40,x_34_42,8.0,crossing_pair
x_19_40,x_34_43,8.0,crossing_pair
x_19_40,x_35_42,8.0,crossing_pair
x_19_40,x_35_43,8.0,crossing_pair
x_19_40,x_36_42,8.0,crossing_pair
x_19_40,x_36_43,8.0,crossing_pair
x_19_40,x_37_44,8.0,crossing_pair
x_19_40,x_38_44,8.0,crossing_pair
x_19_40,x_39_44,8.0,crossing_pair
x_19_44,x_25_44,8.0,shared_nucleotide
x_19_44,x_30_44,8.0,shared_nucleotide
x_19_44,x_32_44,8.0,shared_nucleotide
x_19_44,x_37_44,8.0,shared_nucleotide
x_19_44,x_38_44,8.0,shared_nucleotide
x_19_44,x_39_44,8.0,shared_nucleotide
x_20_25,x_20_30,8.0,shared_nucleotide
x_20_25,x_20_32,8.0,shared_nucleotide
x_20_25,x_20_37,8.0,shared_nucleotide
x_20_25,x_20_38,8.0,shared_nucleotide
x_20_25,x_20_39,8.0,shared_nucleotide
x_20_25,x_20_41,8.0,shared_nucleotide
x_20_25,x_20_42,8.0,shared_nucleotide
x_20_25,x_20_43,8.0,shared_nucleotide
x_20_25,x_21_30,8.0,crossing_pair
x_20_25,x_21_37,8.0,crossing_pair
x_20_25,x_21_38,8.0,crossing_pair
x_20_25,x_21_39,8.0,crossing_pair
x_20_25,x_21_42,8.0,crossing_pair
x_20_25,x_21_43,8.0,crossing_pair
x_20_25,x_22_30,8.0,crossing_pair
x_20_25,x_22_32,8.0,crossing_pair
x_20_25,x_22_37,8.0,crossing_pair
x_20_25,x_22_38,8.0,crossing_pair
x_20_25,x_22_39,8.0,crossing_pair
x_20_25,x_22_41,8.0,crossing_pair
x_20_25,x_22_42,8.0,crossing_pair
x_20_25,x_22_43,8.0,crossing_pair
x_20_25,x_23_30,8.0,crossing_pair
x_20_25,x_23_37,8.0,crossing_pair
x_20_25,x_23_38,8.0,crossing_pair
x_20_25,x_23_39,8.0,crossing_pair
x_20_25,x_23_42,8.0,crossing_pair
x_20_25,x_23_43,8.0,crossing_pair
x_20_25,x_24_30,8.0,crossing_pair
x_20_25,x_24_37,8.0,crossing_pair
x_20_25,x_24_38,8.0,crossing_pair
x_20_25,x_24_39,8.0,crossing_pair
x_20_25,x_24_42,8.0,crossing_pair
x_20_25,x_24_43,8.0,crossing_pair
x_20_25,x_25_34,8.0,shared_nucleotide
x_20_25,x_25_40,8.0,shared_nucleotide
x_20_25,x_25_44,8.0,shared_nucleotide
x_20_30,x_20_32,8.0,shared_nucleotide
x_20_30,x_20_37,8.0,shared_nucleotide
x_20_30,x_20_38,8.0,shared_nucleotide
x_20_30,x_20_39,8.0,shared_nucleotide
x_20_30,x_20_41,8.0,shared_nucleotide
x_20_30,x_20_42,8.0,shared_nucleotide
x_20_30,x_20_43,8.0,shared_nucleotide
x_20_30,x_21_30,8.0,shared_nucleotide
x_20_30,x_21_37,8.0,crossing_pair
x_20_30,x_21_38,8.0,crossing_pair
x_20_30,x_21_39,8.0,crossing_pair
x_20_30,x_21_42,8.0,crossing_pair
x_20_30,x_21_43,8.0,crossing_pair
x_20_30,x_22_30,8.0,shared_nucleotide
x_20_30,x_22_32,8.0,crossing_pair
x_20_30,x_22_37,8.0,crossing_pair
x_20_30,x_22_38,8.0,crossing_pair
x_20_30,x_22_39,8.0,crossing_pair
x_20_30,x_22_41,8.0,crossing_pair
x_20_30,x_22_42,8.0,crossing_pair
x_20_30,x_22_43,8.0,crossing_pair
x_20_30,x_23_30,8.0,shared_nucleotide
x_20_30,x_23_37,8.0,crossing_pair
x_20_30,x_23_38,8.0,crossing_pair
x_20_30,x_23_39,8.0,crossing_pair
x_20_30,x_23_42,8.0,crossing_pair
x_20_30,x_23_43,8.0,crossing_pair
x_20_30,x_24_30,8.0,shared_nucleotide
x_20_30,x_24_37,8.0,crossing_pair
x_20_30,x_24_38,8.0,crossing_pair
x_20_30,x_24_39,8.0,crossing_pair
x_20_30,x_24_42,8.0,crossing_pair
x_20_30,x_24_43,8.0,crossing_pair
x_20_30,x_25_34,8.0,crossing_pair
x_20_30,x_25_40,8.0,crossing_pair
x_20_30,x_25_44,8.0,crossing_pair
x_20_30,x_26_30,8.0,shared_nucleotide
x_20_30,x_26_37,8.0,crossing_pair
x_20_30,x_26_38,8.0,crossing_pair
x_20_30,x_26_39,8.0,crossing_pair
x_20_30,x_26_42,8.0,crossing_pair
x_20_30,x_26_43,8.0,crossing_pair
x_20_30,x_27_37,8.0,crossing_pair
x_20_30,x_27_38,8.0,crossing_pair
x_20_30,x_27_39,8.0,crossing_pair
x_20_30,x_27_42,8.0,crossing_pair
x_20_30,x_27_43,8.0,crossing_pair
x_20_30,x_28_37,8.0,crossing_pair
x_20_30,x_28_38,8.0,crossing_pair
x_20_30,x_28_39,8.0,crossing_pair
x_20_30,x_28_42,8.0,crossing_pair
x_20_30,x_28_43,8.0,crossing_pair
x_20_30,x_29_37,8.0,crossing_pair
x_20_30,x_29_38,8.0,crossing_pair
x_20_30,x_29_39,8.0,crossing_pair
x_20_30,x_29_42,8.0,crossing_pair
x_20_30,x_29_43,8.0,crossing_pair
x_20_30,x_30_34,8.0,shared_nucleotide
x_20_30,x_30_35,8.0,shared_nucleotide
x_20_30,x_30_36,8.0,shared_nucleotide
x_20_30,x_30_40,8.0,shared_nucleotide
x_20_30,x_30_44,8.0,shared_nucleotide
x_20_32,x_20_37,8.0,shared_nucleotide
x_20_32,x_20_38,8.0,shared_nucleotide
x_20_32,x_20_39,8.0,shared_nucleotide
x_20_32,x_20_41,8.0,shared_nucleotide
x_20_32,x_20_42,8.0,shared_nucleotide
x_20_32,x_20_43,8.0,shared_nucleotide
x_20_32,x_21_37,8.0,crossing_pair
x_20_32,x_21_38,8.0,crossing_pair
x_20_32,x_21_39,8.0,crossing_pair
x_20_32,x_21_42,8.0,crossing_pair
x_20_32,x_21_43,8.0,crossing_pair
x_20_32,x_22_32,8.0,shared_nucleotide
x_20_32,x_22_37,8.0,crossing_pair
x_20_32,x_22_38,8.0,crossing_pair
x_20_32,x_22_39,8.0,crossing_pair
x_20_32,x_22_41,8.0,crossing_pair
x_20_32,x_22_42,8.0,crossing_pair
x_20_32,x_22_43,8.0,crossing_pair
x_20_32,x_23_37,8.0,crossing_pair
x_20_32,x_23_38,8.0,crossing_pair
x_20_32,x_23_39,8.0,crossing_pair
x_20_32,x_23_42,8.0,crossing_pair
x_20_32,x_23_43,8.0,crossing_pair
x_20_32,x_24_37,8.0,crossing_pair
x_20_32,x_24_38,8.0,crossing_pair
x_20_32,x_24_39,8.0,crossing_pair
x_20_32,x_24_42,8.0,crossing_pair
x_20_32,x_24_43,8.0,crossing_pair
x_20_32,x_25_34,8.0,crossing_pair
x_20_32,x_25_40,8.0,crossing_pair
x_20_32,x_25_44,8.0,crossing_pair
x_20_32,x_26_37,8.0,crossing_pair
x_20_32,x_26_38,8.0,crossing_pair
x_20_32,x_26_39,8.0,crossing_pair
x_20_32,x_26_42,8.0,crossing_pair
x_20_32,x_26_43,8.0,crossing_pair
x_20_32,x_27_37,8.0,crossing_pair
x_20_32,x_27_38,8.0,crossing_pair
x_20_32,x_27_39,8.0,crossing_pair
x_20_32,x_27_42,8.0,crossing_pair
x_20_32,x_27_43,8.0,crossing_pair
x_20_32,x_28_37,8.0,crossing_pair
x_20_32,x_28_38,8.0,crossing_pair
x_20_32,x_28_39,8.0,crossing_pair
x_20_32,x_28_42,8.0,crossing_pair
x_20_32,x_28_43,8.0,crossing_pair
x_20_32,x_29_37,8.0,crossing_pair
x_20_32,x_29_38,8.0,crossing_pair
x_20_32,x_29_39,8.0,crossing_pair
x_20_32,x_29_42,8.0,crossing_pair
x_20_32,x_29_43,8.0,crossing_pair
x_20_32,x_30_34,8.0,crossing_pair
x_20_32,x_30_35,8.0,crossing_pair
x_20_32,x_30_36,8.0,crossing_pair
x_20_32,x_30_40,8.0,crossing_pair
x_20_32,x_30_44,8.0,crossing_pair
x_20_32,x_31_37,8.0,crossing_pair
x_20_32,x_31_38,8.0,crossing_pair
x_20_32,x_31_39,8.0,crossing_pair
x_20_32,x_31_42,8.0,crossing_pair
x_20_32,x_31_43,8.0,crossing_pair
x_20_32,x_32_40,8.0,shared_nucleotide
x_20_32,x_32_44,8.0,shared_nucleotide
x_20_37,x_20_38,8.0,shared_nucleotide
x_20_37,x_20_39,8.0,shared_nucleotide
x_20_37,x_20_41,8.0,shared_nucleotide
x_20_37,x_20_42,8.0,shared_nucleotide
x_20_37,x_20_43,8.0,shared_nucleotide
x_20_37,x_21_37,8.0,shared_nucleotide
x_20_37,x_21_38,8.0,crossing_pair
x_20_37,x_21_39,8.0,crossing_pair
x_20_37,x_21_42,8.0,crossing_pair
x_20_37,x_21_43,8.0,crossing_pair
x_20_37,x_22_37,8.0,shared_nucleotide
x_20_37,x_22_38,8.0,crossing_pair
x_20_37,x_22_39,8.0,crossing_pair
x_20_37,x_22_41,8.0,crossing_pair
x_20_37,x_22_42,8.0,crossing_pair
x_20_37,x_22_43,8.0,crossing_pair
x_20_37,x_23_37,8.0,shared_nucleotide
x_20_37,x_23_38,8.0,crossing_pair
x_20_37,x_23_39,8.0,crossing_pair
x_20_37,x_23_42,8.0,crossing_pair
x_20_37,x_23_43,8.0,crossing_pair
x_20_37,x_24_37,8.0,shared_nucleotide
x_20_37,x_24_38,8.0,crossing_pair
x_20_37,x_24_39,8.0,crossing_pair
x_20_37,x_24_42,8.0,crossing_pair
x_20_37,x_24_43,8.0,crossing_pair
x_20_37,x_25_40,8.0,crossing_pair
x_20_37,x_25_44,8.0,crossing_pair
x_20_37,x_26_37,8.0,shared_nucleotide
x_20_37,x_26_38,8.0,crossing_pair
x_20_37,x_26_39,8.0,crossing_pair
x_20_37,x_26_42,8.0,crossing_pair
x_20_37,x_26_43,8.0,crossing_pair
x_20_37,x_27_37,8.0,shared_nucleotide
x_20_37,x_27_38,8.0,crossing_pair
x_20_37,x_27_39,8.0,crossing_pair
x_20_37,x_27_42,8.0,crossing_pair
x_20_37,x_27_43,8.0,crossing_pair
x_20_37,x_28_37,8.0,shared_nucleotide
x_20_37,x_28_38,8.0,crossing_pair
x_20_37,x_28_39,8.0,crossing_pair
x_20_37,x_28_42,8.0,crossing_pair
x_20_37,x_28_43,8.0,crossing_pair
x_20_37,x_29_37,8.0,shared_nucleotide
x_20_37,x_29_38,8.0,crossing_pair
x_20_37,x_29_39,8.0,crossing_pair
x_20_37,x_29_42,8.0,crossing_pair
x_20_37,x_29_43,8.0,crossing_pair
x_20_37,x_30_40,8.0,crossing_pair
x_20_37,x_30_44,8.0,crossing_pair
x_20_37,x_31_37,8.0,shared_nucleotide
x_20_37,x_31_38,8.0,crossing_pair
x_20_37,x_31_39,8.0,crossing_pair
x_20_37,x_31_42,8.0,crossing_pair
x_20_37,x_31_43,8.0,crossing_pair
x_20_37,x_32_40,8.0,crossing_pair
x_20_37,x_32_44,8.0,crossing_pair
x_20_37,x_33_37,8.0,shared_nucleotide
x_20_37,x_33_38,8.0,crossing_pair
x_20_37,x_33_39,8.0,crossing_pair
x_20_37,x_33_42,8.0,crossing_pair
x_20_37,x_33_43,8.0,crossing_pair
x_20_37,x_34_38,8.0,crossing_pair
x_20_37,x_34_39,8.0,crossing_pair
x_20_37,x_34_41,8.0,crossing_pair
x_20_37,x_34_42,8.0,crossing_pair
x_20_37,x_34_43,8.0,crossing_pair
x_20_37,x_35_39,8.0,crossing_pair
x_20_37,x_35_42,8.0,crossing_pair
x_20_37,x_35_43,8.0,crossing_pair
x_20_37,x_36_42,8.0,crossing_pair
x_20_37,x_36_43,8.0,crossing_pair
x_20_37,x_37_44,8.0,shared_nucleotide
x_20_38,x_20_39,8.0,shared_nucleotide
x_20_38,x_20_41,8.0,shared_nucleotide
x_20_38,x_20_42,8.0,shared_nucleotide
x_20_38,x_20_43,8.0,shared_nucleotide
x_20_38,x_21_38,8.0,shared_nucleotide
x_20_38,x_21_39,8.0,crossing_pair
x_20_38,x_21_42,8.0,crossing_pair
x_20_38,x_21_43,8.0,crossing_pair
x_20_38,x_22_38,8.0,shared_nucleotide
x_20_38,x_22_39,8.0,crossing_pair
x_20_38,x_22_41,8.0,crossing_pair
x_20_38,x_22_42,8.0,crossing_pair
x_20_38,x_22_43,8.0,crossing_pair
x_20_38,x_23_38,8.0,shared_nucleotide
x_20_38,x_23_39,8.0,crossing_pair
x_20_38,x_23_42,8.0,crossing_pair
x_20_38,x_23_43,8.0,crossing_pair
x_20_38,x_24_38,8.0,shared_nucleotide
x_20_38,x_24_39,8.0,crossing_pair
x_20_38,x_24_42,8.0,crossing_pair
x_20_38,x_24_43,8.0,crossing_pair
x_20_38,x_25_40,8.0,crossing_pair
x_20_38,x_25_44,8.0,crossing_pair
x_20_38,x_26_38,8.0,shared_nucleotide
x_20_38,x_26_39,8.0,crossing_pair
x_20_38,x_26_42,8.0,crossing_pair
x_20_38,x_26_43,8.0,crossing_pair
x_20_38,x_27_38,8.0,shared_nucleotide
x_20_38,x_27_39,8.0,crossing_pair
x_20_38,x_27_42,8.0,crossing_pair
x_20_38,x_27_43,8.0,crossing_pair
x_20_38,x_28_38,8.0,shared_nucleotide
x_20_38,x_28_39,8.0,crossing_pair
x_20_38,x_28_42,8.0,crossing_pair
x_20_38,x_28_43,8.0,crossing_pair
x_20_38,x_29_38,8.0,shared_nucleotide
x_20_38,x_29_39,8.0,crossing_pair
x_20_38,x_29_42,8.0,crossing_pair
x_20_38,x_29_43,8.0,crossing_pair
x_20_38,x_30_40,8.0,crossing_pair
x_20_38,x_30_44,8.0,crossing_pair
x_20_38,x_31_38,8.0,shared_nucleotide
x_20_38,x_31_39,8.0,crossing_pair
x_20_38,x_31_42,8.0,crossing_pair
x_20_38,x_31_43,8.0,crossing_pair
x_20_38,x_32_40,8.0,crossing_pair
x_20_38,x_32_44,8.0,crossing_pair
x_20_38,x_33_38,8.0,shared_nucleotide
x_20_38,x_33_39,8.0,crossing_pair
x_20_38,x_33_42,8.0,crossing_pair
x_20_38,x_33_43,8.0,crossing_pair
x_20_38,x_34_38,8.0,shared_nucleotide
x_20_38,x_34_39,8.0,crossing_pair
x_20_38,x_34_41,8.0,crossing_pair
x_20_38,x_34_42,8.0,crossing_pair
x_20_38,x_34_43,8.0,crossing_pair
x_20_38,x_35_39,8.0,crossing_pair
x_20_38,x_35_42,8.0,crossing_pair
x_20_38,x_35_43,8.0,crossing_pair
x_20_38,x_36_42,8.0,crossing_pair
x_20_38,x_36_43,8.0,crossing_pair
x_20_38,x_37_44,8.0,crossing_pair
x_20_38,x_38_44,8.0,shared_nucleotide
x_20_39,x_20_41,8.0,shared_nucleotide
x_20_39,x_20_42,8.0,shared_nucleotide
x_20_39,x_20_43,8.0,shared_nucleotide
x_20_39,x_21_39,8.0,shared_nucleotide
x_20_39,x_21_42,8.0,crossing_pair
x_20_39,x_21_43,8.0,crossing_pair
x_20_39,x_22_39,8.0,shared_nucleotide
x_20_39,x_22_41,8.0,crossing_pair
x_20_39,x_22_42,8.0,crossing_pair
x_20_39,x_22_43,8.0,crossing_pair
x_20_39,x_23_39,8.0,shared_nucleotide
x_20_39,x_23_42,8.0,crossing_pair
x_20_39,x_23_43,8.0,crossing_pair
x_20_39,x_24_39,8.0,shared_nucleotide
x_20_39,x_24_42,8.0,crossing_pair
x_20_39,x_24_43,8.0,crossing_pair
x_20_39,x_25_40,8.0,crossing_pair
x_20_39,x_25_44,8.0,crossing_pair
x_20_39,x_26_39,8.0,shared_nucleotide
x_20_39,x_26_42,8.0,crossing_pair
x_20_39,x_26_43,8.0,crossing_pair
x_20_39,x_27_39,8.0,shared_nucleotide
x_20_39,x_27_42,8.0,crossing_pair
x_20_39,x_27_43,8.0,crossing_pair
x_20_39,x_28_39,8.0,shared_nucleotide
x_20_39,x_28_42,8.0,crossing_pair
x_20_39,x_28_43,8.0,crossing_pair
x_20_39,x_29_39,8.0,shared_nucleotide
x_20_39,x_29_42,8.0,crossing_pair
x_20_39,x_29_43,8.0,crossing_pair
x_20_39,x_30_40,8.0,crossing_pair
x_20_39,x_30_44,8.0,crossing_pair
x_20_39,x_31_39,8.0,shared_nucleotide
x_20_39,x_31_42,8.0,crossing_pair
x_20_39,x_31_43,8.0,crossing_pair
x_20_39,x_32_40,8.0,crossing_pair
x_20_39,x_32_44,8.0,crossing_pair
x_20_39,x_33_39,8.0,shared_nucleotide
x_20_39,x_33_42,8.0,crossing_pair
x_20_39,x_33_43,8.0,crossing_pair
x_20_39,x_34_39,8.0,shared_nucleotide
x_20_39,x_34_41,8.0,crossing_pair
x_20_39,x_34_42,8.0,crossing_pair
x_20_39,x_34_43,8.0,crossing_pair
x_20_39,x_35_39,8.0,shared_nucleotide
x_20_39,x_35_42,8.0,crossing_pair
x_20_39,x_35_43,8.0,crossing_pair
x_20_39,x_36_42,8.0,crossing_pair
x_20_39,x_36_43,8.0,crossing_pair
x_20_39,x_37_44,8.0,crossing_pair
x_20_39,x_38_44,8.0,crossing_pair
x_20_39,x_39_44,8.0,shared_nucleotide
x_20_41,x_20_42,8.0,shared_nucleotide
x_20_41,x_20_43,8.0,shared_nucleotide
x_20_41,x_21_42,8.0,crossing_pair
x_20_41,x_21_43,8.0,crossing_pair
x_20_41,x_22_41,8.0,shared_nucleotide
x_20_41,x_22_42,8.0,crossing_pair
x_20_41,x_22_43,8.0,crossing_pair
x_20_41,x_23_42,8.0,crossing_pair
x_20_41,x_23_43,8.0,crossing_pair
x_20_41,x_24_42,8.0,crossing_pair
x_20_41,x_24_43,8.0,crossing_pair
x_20_41,x_25_44,8.0,crossing_pair
x_20_41,x_26_42,8.0,crossing_pair
x_20_41,x_26_43,8.0,crossing_pair
x_20_41,x_27_42,8.0,crossing_pair
x_20_41,x_27_43,8.0,crossing_pair
x_20_41,x_28_42,8.0,crossing_pair
x_20_41,x_28_43,8.0,crossing_pair
x_20_41,x_29_42,8.0,crossing_pair
x_20_41,x_29_43,8.0,crossing_pair
x_20_41,x_30_44,8.0,crossing_pair
x_20_41,x_31_42,8.0,crossing_pair
x_20_41,x_31_43,8.0,crossing_pair
x_20_41,x_32_44,8.0,crossing_pair
x_20_41,x_33_42,8.0,crossing_pair
x_20_41,x_33_43,8.0,crossing_pair
x_20_41,x_34_41,8.0,shared_nucleotide
x_20_41,x_34_42,8.0,crossing_pair
x_20_41,x_34_43,8.0,crossing_pair
x_20_41,x_35_42,8.0,crossing_pair
x_20_41,x_35_43,8.0,crossing_pair
x_20_41,x_36_42,8.0,crossing_pair
x_20_41,x_36_43,8.0,crossing_pair
x_20_41,x_37_44,8.0,crossing_pair
x_20_41,x_38_44,8.0,crossing_pair
x_20_41,x_39_44,8.0,crossing_pair
x_20_42,x_20_43,8.0,shared_nucleotide
x_20_42,x_21_42,8.0,shared_nucleotide
x_20_42,x_21_43,8.0,crossing_pair
x_20_42,x_22_42,8.0,shared_nucleotide
x_20_42,x_22_43,8.0,crossing_pair
x_20_42,x_23_42,8.0,shared_nucleotide
x_20_42,x_23_43,8.0,crossing_pair
x_20_42,x_24_42,8.0,shared_nucleotide
x_20_42,x_24_43,8.0,crossing_pair
x_20_42,x_25_44,8.0,crossing_pair
x_20_42,x_26_42,8.0,shared_nucleotide
x_20_42,x_26_43,8.0,crossing_pair
x_20_42,x_27_42,8.0,shared_nucleotide
x_20_42,x_27_43,8.0,crossing_pair
x_20_42,x_28_42,8.0,shared_nucleotide
x_20_42,x_28_43,8.0,crossing_pair
x_20_42,x_29_42,8.0,shared_nucleotide
x_20_42,x_29_43,8.0,crossing_pair
x_20_42,x_30_44,8.0,crossing_pair
x_20_42,x_31_42,8.0,shared_nucleotide
x_20_42,x_31_43,8.0,crossing_pair
x_20_42,x_32_44,8.0,crossing_pair
x_20_42,x_33_42,8.0,shared_nucleotide
x_20_42,x_33_43,8.0,crossing_pair
x_20_42,x_34_42,8.0,shared_nucleotide
x_20_42,x_34_43,8.0,crossing_pair
x_20_42,x_35_42,8.0,shared_nucleotide
x_20_42,x_35_43,8.0,crossing_pair
x_20_42,x_36_42,8.0,shared_nucleotide
x_20_42,x_36_43,8.0,crossing_pair
x_20_42,x_37_44,8.0,crossing_pair
x_20_42,x_38_44,8.0,crossing_pair
x_20_42,x_39_44,8.0,crossing_pair
x_20_43,x_21_43,8.0,shared_nucleotide
x_20_43,x_22_43,8.0,shared_nucleotide
x_20_43,x_23_43,8.0,shared_nucleotide
x_20_43,x_24_43,8.0,shared_nucleotide
x_20_43,x_25_44,8.0,crossing_pair
x_20_43,x_26_43,8.0,shared_nucleotide
x_20_43,x_27_43,8.0,shared_nucleotide
x_20_43,x_28_43,8.0,shared_nucleotide
x_20_43,x_29_43,8.0,shared_nucleotide
x_20_43,x_30_44,8.0,crossing_pair
x_20_43,x_31_43,8.0,shared_nucleotide
x_20_43,x_32_44,8.0,crossing_pair
x_20_43,x_33_43,8.0,shared_nucleotide
x_20_43,x_34_43,8.0,shared_nucleotide
x_20_43,x_35_43,8.0,shared_nucleotide
x_20_43,x_36_43,8.0,shared_nucleotide
x_20_43,x_37_44,8.0,crossing_pair
x_20_43,x_38_44,8.0,crossing_pair
x_20_43,x_39_44,8.0,crossing_pair
x_21_30,x_21_37,8.0,shared_nucleotide
x_21_30,x_21_38,8.0,shared_nucleotide
x_21_30,x_21_39,8.0,shared_nucleotide
x_21_30,x_21_42,8.0,shared_nucleotide
x_21_30,x_21_43,8.0,shared_nucleotide
x_21_30,x_22_30,8.0,shared_nucleotide
x_21_30,x_22_32,8.0,crossing_pair
x_21_30,x_22_37,8.0,crossing_pair
x_21_30,x_22_38,8.0,crossing_pair
x_21_30,x_22_39,8.0,crossing_pair
x_21_30,x_22_41,8.0,crossing_pair
x_21_30,x_22_42,8.0,crossing_pair
x_21_30,x_22_43,8.0,crossing_pair
x_21_30,x_23_30,8.0,shared_nucleotide
x_21_30,x_23_37,8.0,crossing_pair
x_21_30,x_23_38,8.0,crossing_pair
x_21_30,x_23_39,8.0,crossing_pair
x_21_30,x_23_42,8.0,crossing_pair
x_21_30,x_23_43,8.0,crossing_pair
x_21_30,x_24_30,8.0,shared_nucleotide
x_21_30,x_24_37,8.0,crossing_pair
x_21_30,x_24_38,8.0,crossing_pair
x_21_30,x_24_39,8.0,crossing_pair
x_21_30,x_24_42,8.0,crossing_pair
x_21_30,x_24_43,8.0,crossing_pair
x_21_30,x_25_34,8.0,crossing_pair
x_21_30,x_25_40,8.0,crossing_pair
x_21_30,x_25_44,8.0,crossing_pair
x_21_30,x_26_30,8.0,shared_nucleotide
x_21_30,x_26_37,8.0,crossing_pair
x_21_30,x_26_38,8.0,crossing_pair
x_21_30,x_26_39,8.0,crossing_pair
x_21_30,x_26_42,8.0,crossing_pair
x_21_30,x_26_43,8.0,crossing_pair
x_21_30,x_27_37,8.0,crossing_pair
x_21_30,x_27_38,8.0,crossing_pair
x_21_30,x_27_39,8.0,crossing_pair
x_21_30,x_27_42,8.0,crossing_pair
x_21_30,x_27_43,8.0,crossing_pair
x_21_30,x_28_37,8.0,crossing_pair
x_21_30,x_28_38,8.0,crossing_pair
x_21_30,x_28_39,8.0,crossing_pair
x_21_30,x_28_42,8.0,crossing_pair
x_21_30,x_28_43,8.0,crossing_pair
x_21_30,x_29_37,8.0,crossing_pair
x_21_30,x_29_38,8.0,crossing_pair
x_21_30,x_29_39,8.0,crossing_pair
x_21_30,x_29_42,8.0,crossing_pair
x_21_30,x_29_43,8.0,crossing_pair
x_21_30,x_30_34,8.0,shared_nucleotide
x_21_30,x_30_35,8.0,shared_nucleotide
x_21_30,x_30_36,8.0,shared_nucleotide
x_21_30,x_30_40,8.0,shared_nucleotide
x_21_30,x_30_44,8.0,shared_nucleotide
x_21_37,x_21_38,8.0,shared_nucleotide
x_21_37,x_21_39,8.0,shared_nucleotide
x_21_37,x_21_42,8.0,shared_nucleotide
x_21_37,x_21_43,8.0,shared_nucleotide
x_21_37,x_22_37,8.0,shared_nucleotide
x_21_37,x_22_38,8.0,crossing_pair
x_21_37,x_22_39,8.0,crossing_pair
x_21_37,x_22_41,8.0,crossing_pair
x_21_37,x_22_42,8.0,crossing_pair
x_21_37,x_22_43,8.0,crossing_pair
x_21_37,x_23_37,8.0,shared_nucleotide
x_21_37,x_23_38,8.0,crossing_pair
x_21_37,x_23_39,8.0,crossing_pair
x_21_37,x_23_42,8.0,crossing_pair
x_21_37,x_23_43,8.0,crossing_pair
x_21_37,x_24_37,8.0,shared_nucleotide
x_21_37,x_24_38,8.0,crossing_pair
x_21_37,x_24_39,8.0,crossing_pair
x_21_37,x_24_42,8.0,crossing_pair
x_21_37,x_24_43,8.0,crossing_pair
x_21_37,x_25_40,8.0,crossing_pair
x_21_37,x_25_44,8.0,crossing_pair
x_21_37,x_26_37,8.0,shared_nucleotide
x_21_37,x_26_38,8.0,crossing_pair
x_21_37,x_26_39,8.0,crossing_pair
x_21_37,x_26_42,8.0,crossing_pair
x_21_37,x_26_43,8.0,crossing_pair
x_21_37,x_27_37,8.0,shared_nucleotide
x_21_37,x_27_38,8.0,crossing_pair
x_21_37,x_27_39,8.0,crossing_pair
x_21_37,x_27_42,8.0,crossing_pair
x_21_37,x_27_43,8.0,crossing_pair
x_21_37,x_28_37,8.0,shared_nucleotide
x_21_37,x_28_38,8.0,crossing_pair
x_21_37,x_28_39,8.0,crossing_pair
x_21_37,x_28_42,8.0,crossing_pair
x_21_37,x_28_43,8.0,crossing_pair
x_21_37,x_29_37,8.0,shared_nucleotide
x_21_37,x_29_38,8.0,crossing_pair
x_21_37,x_29_39,8.0,crossing_pair
x_21_37,x_29_42,8.0,crossing_pair
x_21_37,x_29_43,8.0,crossing_pair
x_21_37,x_30_40,8.0,crossing_pair
x_21_37,x_30_44,8.0,crossing_pair
x_21_37,x_31_37,8.0,shared_nucleotide
x_21_37,x_31_38,8.0,crossing_pair
x_21_37,x_31_39,8.0,crossing_pair
x_21_37,x_31_42,8.0,crossing_pair
x_21_37,x_31_43,8.0,crossing_pair
x_21_37,x_32_40,8.0,crossing_pair
x_21_37,x_32_44,8.0,crossing_pair
x_21_37,x_33_37,8.0,shared_nucleotide
x_21_37,x_33_38,8.0,crossing_pair
x_21_37,x_33_39,8.0,crossing_pair
x_21_37,x_33_42,8.0,crossing_pair
x_21_37,x_33_43,8.0,crossing_pair
x_21_37,x_34_38,8.0,crossing_pair
x_21_37,x_34_39,8.0,crossing_pair
x_21_37,x_34_41,8.0,crossing_pair
x_21_37,x_34_42,8.0,crossing_pair
x_21_37,x_34_43,8.0,crossing_pair
x_21_37,x_35_39,8.0,crossing_pair
x_21_37,x_35_42,8.0,crossing_pair
x_21_37,x_35_43,8.0,crossing_pair
x_21_37,x_36_42,8.0,crossing_pair
x_21_37,x_36_43,8.0,crossing_pair
x_21_37,x_37_44,8.0,shared_nucleotide
x_21_38,x_21_39,8.0,shared_nucleotide
x_21_38,x_21_42,8.0,shared_nucleotide
x_21_38,x_21_43,8.0,shared_nucleotide
x_21_38,x_22_38,8.0,shared_nucleotide
x_21_38,x_22_39,8.0,crossing_pair
x_21_38,x_22_41,8.0,crossing_pair
x_21_38,x_22_42,8.0,crossing_pair
x_21_38,x_22_43,8.0,crossing_pair
x_21_38,x_23_38,8.0,shared_nucleotide
x_21_38,x_23_39,8.0,crossing_pair
x_21_38,x_23_42,8.0,crossing_pair
x_21_38,x_23_43,8.0,crossing_pair
x_21_38,x_24_38,8.0,shared_nucleotide
x_21_38,x_24_39,8.0,crossing_pair
x_21_38,x_24_42,8.0,crossing_pair
x_21_38,x_24_43,8.0,crossing_pair
x_21_38,x_25_40,8.0,crossing_pair
x_21_38,x_25_44,8.0,crossing_pair
x_21_38,x_26_38,8.0,shared_nucleotide
x_21_38,x_26_39,8.0,crossing_pair
x_21_38,x_26_42,8.0,crossing_pair
x_21_38,x_26_43,8.0,crossing_pair
x_21_38,x_27_38,8.0,shared_nucleotide
x_21_38,x_27_39,8.0,crossing_pair
x_21_38,x_27_42,8.0,crossing_pair
x_21_38,x_27_43,8.0,crossing_pair
x_21_38,x_28_38,8.0,shared_nucleotide
x_21_38,x_28_39,8.0,crossing_pair
x_21_38,x_28_42,8.0,crossing_pair
x_21_38,x_28_43,8.0,crossing_pair
x_21_38,x_29_38,8.0,shared_nucleotide
x_21_38,x_29_39,8.0,crossing_pair
x_21_38,x_29_42,8.0,crossing_pair
x_21_38,x_29_43,8.0,crossing_pair
x_21_38,x_30_40,8.0,crossing_pair
x_21_38,x_30_44,8.0,crossing_pair
x_21_38,x_31_38,8.0,shared_nucleotide
x_21_38,x_31_39,8.0,crossing_pair
x_21_38,x_31_42,8.0,crossing_pair
x_21_38,x_31_43,8.0,crossing_pair
x_21_38,x_32_40,8.0,crossing_pair
x_21_38,x_32_44,8.0,crossing_pair
x_21_38,x_33_38,8.0,shared_nucleotide
x_21_38,x_33_39,8.0,crossing_pair
x_21_38,x_33_42,8.0,crossing_pair
x_21_38,x_33_43,8.0,crossing_pair
x_21_38,x_34_38,8.0,shared_nucleotide
x_21_38,x_34_39,8.0,crossing_pair
x_21_38,x_34_41,8.0,crossing_pair
x_21_38,x_34_42,8.0,crossing_pair
x_21_38,x_34_43,8.0,crossing_pair
x_21_38,x_35_39,8.0,crossing_pair
x_21_38,x_35_42,8.0,crossing_pair
x_21_38,x_35_43,8.0,crossing_pair
x_21_38,x_36_42,8.0,crossing_pair
x_21_38,x_36_43,8.0,crossing_pair
x_21_38,x_37_44,8.0,crossing_pair
x_21_38,x_38_44,8.0,shared_nucleotide
x_21_39,x_21_42,8.0,shared_nucleotide
x_21_39,x_21_43,8.0,shared_nucleotide
x_21_39,x_22_39,8.0,shared_nucleotide
x_21_39,x_22_41,8.0,crossing_pair
x_21_39,x_22_42,8.0,crossing_pair
x_21_39,x_22_43,8.0,crossing_pair
x_21_39,x_23_39,8.0,shared_nucleotide
x_21_39,x_23_42,8.0,crossing_pair
x_21_39,x_23_43,8.0,crossing_pair
x_21_39,x_24_39,8.0,shared_nucleotide
x_21_39,x_24_42,8.0,crossing_pair
x_21_39,x_24_43,8.0,crossing_pair
x_21_39,x_25_40,8.0,crossing_pair
x_21_39,x_25_44,8.0,crossing_pair
x_21_39,x_26_39,8.0,shared_nucleotide
x_21_39,x_26_42,8.0,crossing_pair
x_21_39,x_26_43,8.0,crossing_pair
x_21_39,x_27_39,8.0,shared_nucleotide
x_21_39,x_27_42,8.0,crossing_pair
x_21_39,x_27_43,8.0,crossing_pair
x_21_39,x_28_39,8.0,shared_nucleotide
x_21_39,x_28_42,8.0,crossing_pair
x_21_39,x_28_43,8.0,crossing_pair
x_21_39,x_29_39,8.0,shared_nucleotide
x_21_39,x_29_42,8.0,crossing_pair
x_21_39,x_29_43,8.0,crossing_pair
x_21_39,x_30_40,8.0,crossing_pair
x_21_39,x_30_44,8.0,crossing_pair
x_21_39,x_31_39,8.0,shared_nucleotide
x_21_39,x_31_42,8.0,crossing_pair
x_21_39,x_31_43,8.0,crossing_pair
x_21_39,x_32_40,8.0,crossing_pair
x_21_39,x_32_44,8.0,crossing_pair
x_21_39,x_33_39,8.0,shared_nucleotide
x_21_39,x_33_42,8.0,crossing_pair
x_21_39,x_33_43,8.0,crossing_pair
x_21_39,x_34_39,8.0,shared_nucleotide
x_21_39,x_34_41,8.0,crossing_pair
x_21_39,x_34_42,8.0,crossing_pair
x_21_39,x_34_43,8.0,crossing_pair
x_21_39,x_35_39,8.0,shared_nucleotide
x_21_39,x_35_42,8.0,crossing_pair
x_21_39,x_35_43,8.0,crossing_pair
x_21_39,x_36_42,8.0,crossing_pair
x_21_39,x_36_43,8.0,crossing_pair
x_21_39,x_37_44,8.0,crossing_pair
x_21_39,x_38_44,8.0,crossing_pair
x_21_39,x_39_44,8.0,shared_nucleotide
x_21_42,x_21_43,8.0,shared_nucleotide
x_21_42,x_22_42,8.0,shared_nucleotide
x_21_42,x_22_43,8.0,crossing_pair
x_21_42,x_23_42,8.0,shared_nucleotide
x_21_42,x_23_43,8.0,crossing_pair
x_21_42,x_24_42,8.0,shared_nucleotide
x_21_42,x_24_43,8.0,crossing_pair
x_21_42,x_25_44,8.0,crossing_pair
x_21_42,x_26_42,8.0,shared_nucleotide
x_21_42,x_26_43,8.0,crossing_pair
x_21_42,x_27_42,8.0,shared_nucleotide
x_21_42,x_27_43,8.0,crossing_pair
x_21_42,x_28_42,8.0,shared_nucleotide
x_21_42,x_28_43,8.0,crossing_pair
x_21_42,x_29_42,8.0,shared_nucleotide
x_21_42,x_29_43,8.0,crossing_pair
x_21_42,x_30_44,8.0,crossing_pair
x_21_42,x_31_42,8.0,shared_nucleotide
x_21_42,x_31_43,8.0,crossing_pair
x_21_42,x_32_44,8.0,crossing_pair
x_21_42,x_33_42,8.0,shared_nucleotide
x_21_42,x_33_43,8.0,crossing_pair
x_21_42,x_34_42,8.0,shared_nucleotide
x_21_42,x_34_43,8.0,crossing_pair
x_21_42,x_35_42,8.0,shared_nucleotide
x_21_42,x_35_43,8.0,crossing_pair
x_21_42,x_36_42,8.0,shared_nucleotide
x_21_42,x_36_43,8.0,crossing_pair
x_21_42,x_37_44,8.0,crossing_pair
x_21_42,x_38_44,8.0,crossing_pair
x_21_42,x_39_44,8.0,crossing_pair
x_21_43,x_22_43,8.0,shared_nucleotide
x_21_43,x_23_43,8.0,shared_nucleotide
x_21_43,x_24_43,8.0,shared_nucleotide
x_21_43,x_25_44,8.0,crossing_pair
x_21_43,x_26_43,8.0,shared_nucleotide
x_21_43,x_27_43,8.0,shared_nucleotide
x_21_43,x_28_43,8.0,shared_nucleotide
x_21_43,x_29_43,8.0,shared_nucleotide
x_21_43,x_30_44,8.0,crossing_pair
x_21_43,x_31_43,8.0,shared_nucleotide
x_21_43,x_32_44,8.0,crossing_pair
x_21_43,x_33_43,8.0,shared_nucleotide
x_21_43,x_34_43,8.0,shared_nucleotide
x_21_43,x_35_43,8.0,shared_nucleotide
x_21_43,x_36_43,8.0,shared_nucleotide
x_21_43,x_37_44,8.0,crossing_pair
x_21_43,x_38_44,8.0,crossing_pair
x_21_43,x_39_44,8.0,crossing_pair
x_22_30,x_22_32,8.0,shared_nucleotide
x_22_30,x_22_37,8.0,shared_nucleotide
x_22_30,x_22_38,8.0,shared_nucleotide
x_22_30,x_22_39,8.0,shared_nucleotide
x_22_30,x_22_41,8.0,shared_nucleotide
x_22_30,x_22_42,8.0,shared_nucleotide
x_22_30,x_22_43,8.0,shared_nucleotide
x_22_30,x_23_30,8.0,shared_nucleotide
x_22_30,x_23_37,8.0,crossing_pair
x_22_30,x_23_38,8.0,crossing_pair
x_22_30,x_23_39,8.0,crossing_pair
x_22_30,x_23_42,8.0,crossing_pair
x_22_30,x_23_43,8.0,crossing_pair
x_22_30,x_24_30,8.0,shared_nucleotide
x_22_30,x_24_37,8.0,crossing_pair
x_22_30,x_24_38,8.0,crossing_pair
x_22_30,x_24_39,8.0,crossing_pair
x_22_30,x_24_42,8.0,crossing_pair
x_22_30,x_24_43,8.0,crossing_pair
x_22_30,x_25_34,8.0,crossing_pair
x_22_30,x_25_40,8.0,crossing_pair
x_22_30,x_25_44,8.0,crossing_pair
x_22_30,x_26_30,8.0,shared_nucleotide
x_22_30,x_26_37,8.0,crossing_pair
x_22_30,x_26_38,8.0,crossing_pair
x_22_30,x_26_39,8.0,crossing_pair
x_22_30,x_26_42,8.0,crossing_pair
x_22_30,x_26_43,8.0,crossing_pair
x_22_30,x_27_37,8.0,crossing_pair
x_22_30,x_27_38,8.0,crossing_pair
x_22_30,x_27_39,8.0,crossing_pair
x_22_30,x_27_42,8.0,crossing_pair
x_22_30,x_27_43,8.0,crossing_pair
x_22_30,x_28_37,8.0,crossing_pair
x_22_30,x_28_38,8.0,crossing_pair
x_22_30,x_28_39,8.0,crossing_pair
x_22_30,x_28_42,8.0,crossing_pair
x_22_30,x_28_43,8.0,crossing_pair
x_22_30,x_29_37,8.0,crossing_pair
x_22_30,x_29_38,8.0,crossing_pair
x_22_30,x_29_39,8.0,crossing_pair
x_22_30,x_29_42,8.0,crossing_pair
x_22_30,x_29_43,8.0,crossing_pair
x_22_30,x_30_34,8.0,shared_nucleotide
x_22_30,x_30_35,8.0,shared_nucleotide
x_22_30,x_30_36,8.0,shared_nucleotide
x_22_30,x_30_40,8.0,shared_nucleotide
x_22_30,x_30_44,8.0,shared_nucleotide
x_22_32,x_22_37,8.0,shared_nucleotide
x_22_32,x_22_38,8.0,shared_nucleotide
x_22_32,x_22_39,8.0,shared_nucleotide
x_22_32,x_22_41,8.0,shared_nucleotide
x_22_32,x_22_42,8.0,shared_nucleotide
x_22_32,x_22_43,8.0,shared_nucleotide
x_22_32,x_23_37,8.0,crossing_pair
x_22_32,x_23_38,8.0,crossing_pair
x_22_32,x_23_39,8.0,crossing_pair
x_22_32,x_23_42,8.0,crossing_pair
x_22_32,x_23_43,8.0,crossing_pair
x_22_32,x_24_37,8.0,crossing_pair
x_22_32,x_24_38,8.0,crossing_pair
x_22_32,x_24_39,8.0,crossing_pair
x_22_32,x_24_42,8.0,crossing_pair
x_22_32,x_24_43,8.0,crossing_pair
x_22_32,x_25_34,8.0,crossing_pair
x_22_32,x_25_40,8.0,crossing_pair
x_22_32,x_25_44,8.0,crossing_pair
x_22_32,x_26_37,8.0,crossing_pair
x_22_32,x_26_38,8.0,crossing_pair
x_22_32,x_26_39,8.0,crossing_pair
x_22_32,x_26_42,8.0,crossing_pair
x_22_32,x_26_43,8.0,crossing_pair
x_22_32,x_27_37,8.0,crossing_pair
x_22_32,x_27_38,8.0,crossing_pair
x_22_32,x_27_39,8.0,crossing_pair
x_22_32,x_27_42,8.0,crossing_pair
x_22_32,x_27_43,8.0,crossing_pair
x_22_32,x_28_37,8.0,crossing_pair
x_22_32,x_28_38,8.0,crossing_pair
x_22_32,x_28_39,8.0,crossing_pair
x_22_32,x_28_42,8.0,crossing_pair
x_22_32,x_28_43,8.0,crossing_pair
x_22_32,x_29_37,8.0,crossing_pair
x_22_32,x_29_38,8.0,crossing_pair
x_22_32,x_29_39,8.0,crossing_pair
x_22_32,x_29_42,8.0,crossing_pair
x_22_32,x_29_43,8.0,crossing_pair
x_22_32,x_30_34,8.0,crossing_pair
x_22_32,x_30_35,8.0,crossing_pair
x_22_32,x_30_36,8.0,crossing_pair
x_22_32,x_30_40,8.0,crossing_pair
x_22_32,x_30_44,8.0,crossing_pair
x_22_32,x_31_37,8.0,crossing_pair
x_22_32,x_31_38,8.0,crossing_pair
x_22_32,x_31_39,8.0,crossing_pair
x_22_32,x_31_42,8.0,crossing_pair
x_22_32,x_31_43,8.0,crossing_pair
x_22_32,x_32_40,8.0,shared_nucleotide
x_22_32,x_32_44,8.0,shared_nucleotide
x_22_37,x_22_38,8.0,shared_nucleotide
x_22_37,x_22_39,8.0,shared_nucleotide
x_22_37,x_22_41,8.0,shared_nucleotide
x_22_37,x_22_42,8.0,shared_nucleotide
x_22_37,x_22_43,8.0,shared_nucleotide
x_22_37,x_23_37,8.0,shared_nucleotide
x_22_37,x_23_38,8.0,crossing_pair
x_22_37,x_23_39,8.0,crossing_pair
x_22_37,x_23_42,8.0,crossing_pair
x_22_37,x_23_43,8.0,crossing_pair
x_22_37,x_24_37,8.0,shared_nucleotide
x_22_37,x_24_38,8.0,crossing_pair
x_22_37,x_24_39,8.0,crossing_pair
x_22_37,x_24_42,8.0,crossing_pair
x_22_37,x_24_43,8.0,crossing_pair
x_22_37,x_25_40,8.0,crossing_pair
x_22_37,x_25_44,8.0,crossing_pair
x_22_37,x_26_37,8.0,shared_nucleotide
x_22_37,x_26_38,8.0,crossing_pair
x_22_37,x_26_39,8.0,crossing_pair
x_22_37,x_26_42,8.0,crossing_pair
x_22_37,x_26_43,8.0,crossing_pair
x_22_37,x_27_37,8.0,shared_nucleotide
x_22_37,x_27_38,8.0,crossing_pair
x_22_37,x_27_39,8.0,crossing_pair
x_22_37,x_27_42,8.0,crossing_pair
x_22_37,x_27_43,8.0,crossing_pair
x_22_37,x_28_37,8.0,shared_nucleotide
x_22_37,x_28_38,8.0,crossing_pair
x_22_37,x_28_39,8.0,crossing_pair
x_22_37,x_28_42,8.0,crossing_pair
x_22_37,x_28_43,8.0,crossing_pair
x_22_37,x_29_37,8.0,shared_nucleotide
x_22_37,x_29_38,8.0,crossing_pair
x_22_37,x_29_39,8.0,crossing_pair
x_22_37,x_29_42,8.0,crossing_pair
x_22_37,x_29_43,8.0,crossing_pair
x_22_37,x_30_40,8.0,crossing_pair
x_22_37,x_30_44,8.0,crossing_pair
x_22_37,x_31_37,8.0,shared_nucleotide
x_22_37,x_31_38,8.0,crossing_pair
x_22_37,x_31_39,8.0,crossing_pair
x_22_37,x_31_42,8.0,crossing_pair
x_22_37,x_31_43,8.0,crossing_pair
x_22_37,x_32_40,8.0,crossing_pair
x_22_37,x_32_44,8.0,crossing_pair
x_22_37,x_33_37,8.0,shared_nucleotide
x_22_37,x_33_38,8.0,crossing_pair
x_22_37,x_33_39,8.0,crossing_pair
x_22_37,x_33_42,8.0,crossing_pair
x_22_37,x_33_43,8.0,crossing_pair
x_22_37,x_34_38,8.0,crossing_pair
x_22_37,x_34_39,8.0,crossing_pair
x_22_37,x_34_41,8.0,crossing_pair
x_22_37,x_34_42,8.0,crossing_pair
x_22_37,x_34_43,8.0,crossing_pair
x_22_37,x_35_39,8.0,crossing_pair
x_22_37,x_35_42,8.0,crossing_pair
x_22_37,x_35_43,8.0,crossing_pair
x_22_37,x_36_42,8.0,crossing_pair
x_22_37,x_36_43,8.0,crossing_pair
x_22_37,x_37_44,8.0,shared_nucleotide
x_22_38,x_22_39,8.0,shared_nucleotide
x_22_38,x_22_41,8.0,shared_nucleotide
x_22_38,x_22_42,8.0,shared_nucleotide
x_22_38,x_22_43,8.0,shared_nucleotide
x_22_38,x_23_38,8.0,shared_nucleotide
x_22_38,x_23_39,8.0,crossing_pair
x_22_38,x_23_42,8.0,crossing_pair
x_22_38,x_23_43,8.0,crossing_pair
x_22_38,x_24_38,8.0,shared_nucleotide
x_22_38,x_24_39,8.0,crossing_pair
x_22_38,x_24_42,8.0,crossing_pair
x_22_38,x_24_43,8.0,crossing_pair
x_22_38,x_25_40,8.0,crossing_pair
x_22_38,x_25_44,8.0,crossing_pair
x_22_38,x_26_38,8.0,shared_nucleotide
x_22_38,x_26_39,8.0,crossing_pair
x_22_38,x_26_42,8.0,crossing_pair
x_22_38,x_26_43,8.0,crossing_pair
x_22_38,x_27_38,8.0,shared_nucleotide
x_22_38,x_27_39,8.0,crossing_pair
x_22_38,x_27_42,8.0,crossing_pair
x_22_38,x_27_43,8.0,crossing_pair
x_22_38,x_28_38,8.0,shared_nucleotide
x_22_38,x_28_39,8.0,crossing_pair
x_22_38,x_28_42,8.0,crossing_pair
x_22_38,x_28_43,8.0,crossing_pair
x_22_38,x_29_38,8.0,shared_nucleotide
x_22_38,x_29_39,8.0,crossing_pair
x_22_38,x_29_42,8.0,crossing_pair
x_22_38,x_29_43,8.0,crossing_pair
x_22_38,x_30_40,8.0,crossing_pair
x_22_38,x_30_44,8.0,crossing_pair
x_22_38,x_31_38,8.0,shared_nucleotide
x_22_38,x_31_39,8.0,crossing_pair
x_22_38,x_31_42,8.0,crossing_pair
x_22_38,x_31_43,8.0,crossing_pair
x_22_38,x_32_40,8.0,crossing_pair
x_22_38,x_32_44,8.0,crossing_pair
x_22_38,x_33_38,8.0,shared_nucleotide
x_22_38,x_33_39,8.0,crossing_pair
x_22_38,x_33_42,8.0,crossing_pair
x_22_38,x_33_43,8.0,crossing_pair
x_22_38,x_34_38,8.0,shared_nucleotide
x_22_38,x_34_39,8.0,crossing_pair
x_22_38,x_34_41,8.0,crossing_pair
x_22_38,x_34_42,8.0,crossing_pair
x_22_38,x_34_43,8.0,crossing_pair
x_22_38,x_35_39,8.0,crossing_pair
x_22_38,x_35_42,8.0,crossing_pair
x_22_38,x_35_43,8.0,crossing_pair
x_22_38,x_36_42,8.0,crossing_pair
x_22_38,x_36_43,8.0,crossing_pair
x_22_38,x_37_44,8.0,crossing_pair
x_22_38,x_38_44,8.0,shared_nucleotide
x_22_39,x_22_41,8.0,shared_nucleotide
x_22_39,x_22_42,8.0,shared_nucleotide
x_22_39,x_22_43,8.0,shared_nucleotide
x_22_39,x_23_39,8.0,shared_nucleotide
x_22_39,x_23_42,8.0,crossing_pair
x_22_39,x_23_43,8.0,crossing_pair
x_22_39,x_24_39,8.0,shared_nucleotide
x_22_39,x_24_42,8.0,crossing_pair
x_22_39,x_24_43,8.0,crossing_pair
x_22_39,x_25_40,8.0,crossing_pair
x_22_39,x_25_44,8.0,crossing_pair
x_22_39,x_26_39,8.0,shared_nucleotide
x_22_39,x_26_42,8.0,crossing_pair
x_22_39,x_26_43,8.0,crossing_pair
x_22_39,x_27_39,8.0,shared_nucleotide
x_22_39,x_27_42,8.0,crossing_pair
x_22_39,x_27_43,8.0,crossing_pair
x_22_39,x_28_39,8.0,shared_nucleotide
x_22_39,x_28_42,8.0,crossing_pair
x_22_39,x_28_43,8.0,crossing_pair
x_22_39,x_29_39,8.0,shared_nucleotide
x_22_39,x_29_42,8.0,crossing_pair
x_22_39,x_29_43,8.0,crossing_pair
x_22_39,x_30_40,8.0,crossing_pair
x_22_39,x_30_44,8.0,crossing_pair
x_22_39,x_31_39,8.0,shared_nucleotide
x_22_39,x_31_42,8.0,crossing_pair
x_22_39,x_31_43,8.0,crossing_pair
x_22_39,x_32_40,8.0,crossing_pair
x_22_39,x_32_44,8.0,crossing_pair
x_22_39,x_33_39,8.0,shared_nucleotide
x_22_39,x_33_42,8.0,crossing_pair
x_22_39,x_33_43,8.0,crossing_pair
x_22_39,x_34_39,8.0,shared_nucleotide
x_22_39,x_34_41,8.0,crossing_pair
x_22_39,x_34_42,8.0,crossing_pair
x_22_39,x_34_43,8.0,crossing_pair
x_22_39,x_35_39,8.0,shared_nucleotide
x_22_39,x_35_42,8.0,crossing_pair
x_22_39,x_35_43,8.0,crossing_pair
x_22_39,x_36_42,8.0,crossing_pair
x_22_39,x_36_43,8.0,crossing_pair
x_22_39,x_37_44,8.0,crossing_pair
x_22_39,x_38_44,8.0,crossing_pair
x_22_39,x_39_44,8.0,shared_nucleotide
x_22_41,x_22_42,8.0,shared_nucleotide
x_22_41,x_22_43,8.0,shared_nucleotide
x_22_41,x_23_42,8.0,crossing_pair
x_22_41,x_23_43,8.0,crossing_pair
x_22_41,x_24_42,8.0,crossing_pair
x_22_41,x_24_43,8.0,crossing_pair
x_22_41,x_25_44,8.0,crossing_pair
x_22_41,x_26_42,8.0,crossing_pair
x_22_41,x_26_43,8.0,crossing_pair
x_22_41,x_27_42,8.0,crossing_pair
x_22_41,x_27_43,8.0,crossing_pair
x_22_41,x_28_42,8.0,crossing_pair
x_22_41,x_28_43,8.0,crossing_pair
x_22_41,x_29_42,8.0,crossing_pair
x_22_41,x_29_43,8.0,crossing_pair
x_22_41,x_30_44,8.0,crossing_pair
x_22_41,x_31_42,8.0,crossing_pair
x_22_41,x_31_43,8.0,crossing_pair
x_22_41,x_32_44,8.0,crossing_pair
x_22_41,x_33_42,8.0,crossing_pair
x_22_41,x_33_43,8.0,crossing_pair
x_22_41,x_34_41,8.0,shared_nucleotide
x_22_41,x_34_42,8.0,crossing_pair
x_22_41,x_34_43,8.0,crossing_pair
x_22_41,x_35_42,8.0,crossing_pair
x_22_41,x_35_43,8.0,crossing_pair
x_22_41,x_36_42,8.0,crossing_pair
x_22_41,x_36_43,8.0,crossing_pair
x_22_41,x_37_44,8.0,crossing_pair
x_22_41,x_38_44,8.0,crossing_pair
x_22_41,x_39_44,8.0,crossing_pair
x_22_42,x_22_43,8.0,shared_nucleotide
x_22_42,x_23_42,8.0,shared_nucleotide
x_22_42,x_23_43,8.0,crossing_pair
x_22_42,x_24_42,8.0,shared_nucleotide
x_22_42,x_24_43,8.0,crossing_pair
x_22_42,x_25_44,8.0,crossing_pair
x_22_42,x_26_42,8.0,shared_nucleotide
x_22_42,x_26_43,8.0,crossing_pair
x_22_42,x_27_42,8.0,shared_nucleotide
x_22_42,x_27_43,8.0,crossing_pair
x_22_42,x_28_42,8.0,shared_nucleotide
x_22_42,x_28_43,8.0,crossing_pair
x_22_42,x_29_42,8.0,shared_nucleotide
x_22_42,x_29_43,8.0,crossing_pair
x_22_42,x_30_44,8.0,crossing_pair
x_22_42,x_31_42,8.0,shared_nucleotide
x_22_42,x_31_43,8.0,crossing_pair
x_22_42,x_32_44,8.0,crossing_pair
x_22_42,x_33_42,8.0,shared_nucleotide
x_22_42,x_33_43,8.0,crossing_pair
x_22_42,x_34_42,8.0,shared_nucleotide
x_22_42,x_34_43,8.0,crossing_pair
x_22_42,x_35_42,8.0,shared_nucleotide
x_22_42,x_35_43,8.0,crossing_pair
x_22_42,x_36_42,8.0,shared_nucleotide
x_22_42,x_36_43,8.0,crossing_pair
x_22_42,x_37_44,8.0,crossing_pair
x_22_42,x_38_44,8.0,crossing_pair
x_22_42,x_39_44,8.0,crossing_pair
x_22_43,x_23_43,8.0,shared_nucleotide
x_22_43,x_24_43,8.0,shared_nucleotide
x_22_43,x_25_44,8.0,crossing_pair
x_22_43,x_26_43,8.0,shared_nucleotide
x_22_43,x_27_43,8.0,shared_nucleotide
x_22_43,x_28_43,8.0,shared_nucleotide
x_22_43,x_29_43,8.0,shared_nucleotide
x_22_43,x_30_44,8.0,crossing_pair
x_22_43,x_31_43,8.0,shared_nucleotide
x_22_43,x_32_44,8.0,crossing_pair
x_22_43,x_33_43,8.0,shared_nucleotide
x_22_43,x_34_43,8.0,shared_nucleotide
x_22_43,x_35_43,8.0,shared_nucleotide
x_22_43,x_36_43,8.0,shared_nucleotide
x_22_43,x_37_44,8.0,crossing_pair
x_22_43,x_38_44,8.0,crossing_pair
x_22_43,x_39_44,8.0,crossing_pair
x_23_30,x_23_37,8.0,shared_nucleotide
x_23_30,x_23_38,8.0,shared_nucleotide
x_23_30,x_23_39,8.0,shared_nucleotide
x_23_30,x_23_42,8.0,shared_nucleotide
x_23_30,x_23_43,8.0,shared_nucleotide
x_23_30,x_24_30,8.0,shared_nucleotide
x_23_30,x_24_37,8.0,crossing_pair
x_23_30,x_24_38,8.0,crossing_pair
x_23_30,x_24_39,8.0,crossing_pair
x_23_30,x_24_42,8.0,crossing_pair
x_23_30,x_24_43,8.0,crossing_pair
x_23_30,x_25_34,8.0,crossing_pair
x_23_30,x_25_40,8.0,crossing_pair
x_23_30,x_25_44,8.0,crossing_pair
x_23_30,x_26_30,8.0,shared_nucleotide
x_23_30,x_26_37,8.0,crossing_pair
x_23_30,x_26_38,8.0,crossing_pair
x_23_30,x_26_39,8.0,crossing_pair
x_23_30,x_26_42,8.0,crossing_pair
x_23_30,x_26_43,8.0,crossing_pair
x_23_30,x_27_37,8.0,crossing_pair
x_23_30,x_27_38,8.0,crossing_pair
x_23_30,x_27_39,8.0,crossing_pair
x_23_30,x_27_42,8.0,crossing_pair
x_23_30,x_27_43,8.0,crossing_pair
x_23_30,x_28_37,8.0,crossing_pair
x_23_30,x_28_38,8.0,crossing_pair
x_23_30,x_28_39,8.0,crossing_pair
x_23_30,x_28_42,8.0,crossing_pair
x_23_30,x_28_43,8.0,crossing_pair
x_23_30,x_29_37,8.0,crossing_pair
x_23_30,x_29_38,8.0,crossing_pair
x_23_30,x_29_39,8.0,crossing_pair
x_23_30,x_29_42,8.0,crossing_pair
x_23_30,x_29_43,8.0,crossing_pair
x_23_30,x_30_34,8.0,shared_nucleotide
x_23_30,x_30_35,8.0,shared_nucleotide
x_23_30,x_30_36,8.0,shared_nucleotide
x_23_30,x_30_40,8.0,shared_nucleotide
x_23_30,x_30_44,8.0,shared_nucleotide
x_23_37,x_23_38,8.0,shared_nucleotide
x_23_37,x_23_39,8.0,shared_nucleotide
x_23_37,x_23_42,8.0,shared_nucleotide
x_23_37,x_23_43,8.0,shared_nucleotide
x_23_37,x_24_37,8.0,shared_nucleotide
x_23_37,x_24_38,8.0,crossing_pair
x_23_37,x_24_39,8.0,crossing_pair
x_23_37,x_24_42,8.0,crossing_pair
x_23_37,x_24_43,8.0,crossing_pair
x_23_37,x_25_40,8.0,crossing_pair
x_23_37,x_25_44,8.0,crossing_pair
x_23_37,x_26_37,8.0,shared_nucleotide
x_23_37,x_26_38,8.0,crossing_pair
x_23_37,x_26_39,8.0,crossing_pair
x_23_37,x_26_42,8.0,crossing_pair
x_23_37,x_26_43,8.0,crossing_pair
x_23_37,x_27_37,8.0,shared_nucleotide
x_23_37,x_27_38,8.0,crossing_pair
x_23_37,x_27_39,8.0,crossing_pair
x_23_37,x_27_42,8.0,crossing_pair
x_23_37,x_27_43,8.0,crossing_pair
x_23_37,x_28_37,8.0,shared_nucleotide
x_23_37,x_28_38,8.0,crossing_pair
x_23_37,x_28_39,8.0,crossing_pair
x_23_37,x_28_42,8.0,crossing_pair
x_23_37,x_28_43,8.0,crossing_pair
x_23_37,x_29_37,8.0,shared_nucleotide
x_23_37,x_29_38,8.0,crossing_pair
x_23_37,x_29_39,8.0,crossing_pair
x_23_37,x_29_42,8.0,crossing_pair
x_23_37,x_29_43,8.0,crossing_pair
x_23_37,x_30_40,8.0,crossing_pair
x_23_37,x_30_44,8.0,crossing_pair
x_23_37,x_31_37,8.0,shared_nucleotide
x_23_37,x_31_38,8.0,crossing_pair
x_23_37,x_31_39,8.0,crossing_pair
x_23_37,x_31_42,8.0,crossing_pair
x_23_37,x_31_43,8.0,crossing_pair
x_23_37,x_32_40,8.0,crossing_pair
x_23_37,x_32_44,8.0,crossing_pair
x_23_37,x_33_37,8.0,shared_nucleotide
x_23_37,x_33_38,8.0,crossing_pair
x_23_37,x_33_39,8.0,crossing_pair
x_23_37,x_33_42,8.0,crossing_pair
x_23_37,x_33_43,8.0,crossing_pair
x_23_37,x_34_38,8.0,crossing_pair
x_23_37,x_34_39,8.0,crossing_pair
x_23_37,x_34_41,8.0,crossing_pair
x_23_37,x_34_42,8.0,crossing_pair
x_23_37,x_34_43,8.0,crossing_pair
x_23_37,x_35_39,8.0,crossing_pair
x_23_37,x_35_42,8.0,crossing_pair
x_23_37,x_35_43,8.0,crossing_pair
x_23_37,x_36_42,8.0,crossing_pair
x_23_37,x_36_43,8.0,crossing_pair
x_23_37,x_37_44,8.0,shared_nucleotide
x_23_38,x_23_39,8.0,shared_nucleotide
x_23_38,x_23_42,8.0,shared_nucleotide
x_23_38,x_23_43,8.0,shared_nucleotide
x_23_38,x_24_38,8.0,shared_nucleotide
x_23_38,x_24_39,8.0,crossing_pair
x_23_38,x_24_42,8.0,crossing_pair
x_23_38,x_24_43,8.0,crossing_pair
x_23_38,x_25_40,8.0,crossing_pair
x_23_38,x_25_44,8.0,crossing_pair
x_23_38,x_26_38,8.0,shared_nucleotide
x_23_38,x_26_39,8.0,crossing_pair
x_23_38,x_26_42,8.0,crossing_pair
x_23_38,x_26_43,8.0,crossing_pair
x_23_38,x_27_38,8.0,shared_nucleotide
x_23_38,x_27_39,8.0,crossing_pair
x_23_38,x_27_42,8.0,crossing_pair
x_23_38,x_27_43,8.0,crossing_pair
x_23_38,x_28_38,8.0,shared_nucleotide
x_23_38,x_28_39,8.0,crossing_pair
x_23_38,x_28_42,8.0,crossing_pair
x_23_38,x_28_43,8.0,crossing_pair
x_23_38,x_29_38,8.0,shared_nucleotide
x_23_38,x_29_39,8.0,crossing_pair
x_23_38,x_29_42,8.0,crossing_pair
x_23_38,x_29_43,8.0,crossing_pair
x_23_38,x_30_40,8.0,crossing_pair
x_23_38,x_30_44,8.0,crossing_pair
x_23_38,x_31_38,8.0,shared_nucleotide
x_23_38,x_31_39,8.0,crossing_pair
x_23_38,x_31_42,8.0,crossing_pair
x_23_38,x_31_43,8.0,crossing_pair
x_23_38,x_32_40,8.0,crossing_pair
x_23_38,x_32_44,8.0,crossing_pair
x_23_38,x_33_38,8.0,shared_nucleotide
x_23_38,x_33_39,8.0,crossing_pair
x_23_38,x_33_42,8.0,crossing_pair
x_23_38,x_33_43,8.0,crossing_pair
x_23_38,x_34_38,8.0,shared_nucleotide
x_23_38,x_34_39,8.0,crossing_pair
x_23_38,x_34_41,8.0,crossing_pair
x_23_38,x_34_42,8.0,crossing_pair
x_23_38,x_34_43,8.0,crossing_pair
x_23_38,x_35_39,8.0,crossing_pair
x_23_38,x_35_42,8.0,crossing_pair
x_23_38,x_35_43,8.0,crossing_pair
x_23_38,x_36_42,8.0,crossing_pair
x_23_38,x_36_43,8.0,crossing_pair
x_23_38,x_37_44,8.0,crossing_pair
x_23_38,x_38_44,8.0,shared_nucleotide
x_23_39,x_23_42,8.0,shared_nucleotide
x_23_39,x_23_43,8.0,shared_nucleotide
x_23_39,x_24_39,8.0,shared_nucleotide
x_23_39,x_24_42,8.0,crossing_pair
x_23_39,x_24_43,8.0,crossing_pair
x_23_39,x_25_40,8.0,crossing_pair
x_23_39,x_25_44,8.0,crossing_pair
x_23_39,x_26_39,8.0,shared_nucleotide
x_23_39,x_26_42,8.0,crossing_pair
x_23_39,x_26_43,8.0,crossing_pair
x_23_39,x_27_39,8.0,shared_nucleotide
x_23_39,x_27_42,8.0,crossing_pair
x_23_39,x_27_43,8.0,crossing_pair
x_23_39,x_28_39,8.0,shared_nucleotide
x_23_39,x_28_42,8.0,crossing_pair
x_23_39,x_28_43,8.0,crossing_pair
x_23_39,x_29_39,8.0,shared_nucleotide
x_23_39,x_29_42,8.0,crossing_pair
x_23_39,x_29_43,8.0,crossing_pair
x_23_39,x_30_40,8.0,crossing_pair
x_23_39,x_30_44,8.0,crossing_pair
x_23_39,x_31_39,8.0,shared_nucleotide
x_23_39,x_31_42,8.0,crossing_pair
x_23_39,x_31_43,8.0,crossing_pair
x_23_39,x_32_40,8.0,crossing_pair
x_23_39,x_32_44,8.0,crossing_pair
x_23_39,x_33_39,8.0,shared_nucleotide
x_23_39,x_33_42,8.0,crossing_pair
x_23_39,x_33_43,8.0,crossing_pair
x_23_39,x_34_39,8.0,shared_nucleotide
x_23_39,x_34_41,8.0,crossing_pair
x_23_39,x_34_42,8.0,crossing_pair
x_23_39,x_34_43,8.0,crossing_pair
x_23_39,x_35_39,8.0,shared_nucleotide
x_23_39,x_35_42,8.0,crossing_pair
x_23_39,x_35_43,8.0,crossing_pair
x_23_39,x_36_42,8.0,crossing_pair
x_23_39,x_36_43,8.0,crossing_pair
x_23_39,x_37_44,8.0,crossing_pair
x_23_39,x_38_44,8.0,crossing_pair
x_23_39,x_39_44,8.0,shared_nucleotide
x_23_42,x_23_43,8.0,shared_nucleotide
x_23_42,x_24_42,8.0,shared_nucleotide
x_23_42,x_24_43,8.0,crossing_pair
x_23_42,x_25_44,8.0,crossing_pair
x_23_42,x_26_42,8.0,shared_nucleotide
x_23_42,x_26_43,8.0,crossing_pair
x_23_42,x_27_42,8.0,shared_nucleotide
x_23_42,x_27_43,8.0,crossing_pair
x_23_42,x_28_42,8.0,shared_nucleotide
x_23_42,x_28_43,8.0,crossing_pair
x_23_42,x_29_42,8.0,shared_nucleotide
x_23_42,x_29_43,8.0,crossing_pair
x_23_42,x_30_44,8.0,crossing_pair
x_23_42,x_31_42,8.0,shared_nucleotide
x_23_42,x_31_43,8.0,crossing_pair
x_23_42,x_32_44,8.0,crossing_pair
x_23_42,x_33_42,8.0,shared_nucleotide
x_23_42,x_33_43,8.0,crossing_pair
x_23_42,x_34_42,8.0,shared_nucleotide
x_23_42,x_34_43,8.0,crossing_pair
x_23_42,x_35_42,8.0,shared_nucleotide
x_23_42,x_35_43,8.0,crossing_pair
x_23_42,x_36_42,8.0,shared_nucleotide
x_23_42,x_36_43,8.0,crossing_pair
x_23_42,x_37_44,8.0,crossing_pair
x_23_42,x_38_44,8.0,crossing_pair
x_23_42,x_39_44,8.0,crossing_pair
x_23_43,x_24_43,8.0,shared_nucleotide
x_23_43,x_25_44,8.0,crossing_pair
x_23_43,x_26_43,8.0,shared_nucleotide
x_23_43,x_27_43,8.0,shared_nucleotide
x_23_43,x_28_43,8.0,shared_nucleotide
x_23_43,x_29_43,8.0,shared_nucleotide
x_23_43,x_30_44,8.0,crossing_pair
x_23_43,x_31_43,8.0,shared_nucleotide
x_23_43,x_32_44,8.0,crossing_pair
x_23_43,x_33_43,8.0,shared_nucleotide
x_23_43,x_34_43,8.0,shared_nucleotide
x_23_43,x_35_43,8.0,shared_nucleotide
x_23_43,x_36_43,8.0,shared_nucleotide
x_23_43,x_37_44,8.0,crossing_pair
x_23_43,x_38_44,8.0,crossing_pair
x_23_43,x_39_44,8.0,crossing_pair
x_24_30,x_24_37,8.0,shared_nucleotide
x_24_30,x_24_38,8.0,shared_nucleotide
x_24_30,x_24_39,8.0,shared_nucleotide
x_24_30,x_24_42,8.0,shared_nucleotide
x_24_30,x_24_43,8.0,shared_nucleotide
x_24_30,x_25_34,8.0,crossing_pair
x_24_30,x_25_40,8.0,crossing_pair
x_24_30,x_25_44,8.0,crossing_pair
x_24_30,x_26_30,8.0,shared_nucleotide
x_24_30,x_26_37,8.0,crossing_pair
x_24_30,x_26_38,8.0,crossing_pair
x_24_30,x_26_39,8.0,crossing_pair
x_24_30,x_26_42,8.0,crossing_pair
x_24_30,x_26_43,8.0,crossing_pair
x_24_30,x_27_37,8.0,crossing_pair
x_24_30,x_27_38,8.0,crossing_pair
x_24_30,x_27_39,8.0,crossing_pair
x_24_30,x_27_42,8.0,crossing_pair
x_24_30,x_27_43,8.0,crossing_pair
x_24_30,x_28_37,8.0,crossing_pair
x_24_30,x_28_38,8.0,crossing_pair
x_24_30,x_28_39,8.0,crossing_pair
x_24_30,x_28_42,8.0,crossing_pair
x_24_30,x_28_43,8.0,crossing_pair
x_24_30,x_29_37,8.0,crossing_pair
x_24_30,x_29_38,8.0,crossing_pair
x_24_30,x_29_39,8.0,crossing_pair
x_24_30,x_29_42,8.0,crossing_pair
x_24_30,x_29_43,8.0,crossing_pair
x_24_30,x_30_34,8.0,shared_nucleotide
x_24_30,x_30_35,8.0,shared_nucleotide
x_24_30,x_30_36,8.0,shared_nucleotide
x_24_30,x_30_40,8.0,shared_nucleotide
x_24_30,x_30_44,8.0,shared_nucleotide
x_24_37,x_24_38,8.0,shared_nucleotide
x_24_37,x_24_39,8.0,shared_nucleotide
x_24_37,x_24_42,8.0,shared_nucleotide
x_24_37,x_24_43,8.0,shared_nucleotide
x_24_37,x_25_40,8.0,crossing_pair
x_24_37,x_25_44,8.0,crossing_pair
x_24_37,x_26_37,8.0,shared_nucleotide
x_24_37,x_26_38,8.0,crossing_pair
x_24_37,x_26_39,8.0,crossing_pair
x_24_37,x_26_42,8.0,crossing_pair
x_24_37,x_26_43,8.0,crossing_pair
x_24_37,x_27_37,8.0,shared_nucleotide
x_24_37,x_27_38,8.0,crossing_pair
x_24_37,x_27_39,8.0,crossing_pair
x_24_37,x_27_42,8.0,crossing_pair
x_24_37,x_27_43,8.0,crossing_pair
x_24_37,x_28_37,8.0,shared_nucleotide
x_24_37,x_28_38,8.0,crossing_pair
x_24_37,x_28_39,8.0,crossing_pair
x_24_37,x_28_42,8.0,crossing_pair
x_24_37,x_28_43,8.0,crossing_pair
x_24_37,x_29_37,8.0,shared_nucleotide
x_24_37,x_29_38,8.0,crossing_pair
x_24_37,x_29_39,8.0,crossing_pair
x_24_37,x_29_42,8.0,crossing_pair
x_24_37,x_29_43,8.0,crossing_pair
x_24_37,x_30_40,8.0,crossing_pair
x_24_37,x_30_44,8.0,crossing_pair
x_24_37,x_31_37,8.0,shared_nucleotide
x_24_37,x_31_38,8.0,crossing_pair
x_24_37,x_31_39,8.0,crossing_pair
x_24_37,x_31_42,8.0,crossing_pair
x_24_37,x_31_43,8.0,crossing_pair
x_24_37,x_32_40,8.0,crossing_pair
x_24_37,x_32_44,8.0,crossing_pair
x_24_37,x_33_37,8.0,shared_nucleotide
x_24_37,x_33_38,8.0,crossing_pair
x_24_37,x_33_39,8.0,crossing_pair
x_24_37,x_33_42,8.0,crossing_pair
x_24_37,x_33_43,8.0,crossing_pair
x_24_37,x_34_38,8.0,crossing_pair
x_24_37,x_34_39,8.0,crossing_pair
x_24_37,x_34_41,8.0,crossing_pair
x_24_37,x_34_42,8.0,crossing_pair
x_24_37,x_34_43,8.0,crossing_pair
x_24_37,x_35_39,8.0,crossing_pair
x_24_37,x_35_42,8.0,crossing_pair
x_24_37,x_35_43,8.0,crossing_pair
x_24_37,x_36_42,8.0,crossing_pair
x_24_37,x_36_43,8.0,crossing_pair
x_24_37,x_37_44,8.0,shared_nucleotide
x_24_38,x_24_39,8.0,shared_nucleotide
x_24_38,x_24_42,8.0,shared_nucleotide
x_24_38,x_24_43,8.0,shared_nucleotide
x_24_38,x_25_40,8.0,crossing_pair
x_24_38,x_25_44,8.0,crossing_pair
x_24_38,x_26_38,8.0,shared_nucleotide
x_24_38,x_26_39,8.0,crossing_pair
x_24_38,x_26_42,8.0,crossing_pair
x_24_38,x_26_43,8.0,crossing_pair
x_24_38,x_27_38,8.0,shared_nucleotide
x_24_38,x_27_39,8.0,crossing_pair
x_24_38,x_27_42,8.0,crossing_pair
x_24_38,x_27_43,8.0,crossing_pair
x_24_38,x_28_38,8.0,shared_nucleotide
x_24_38,x_28_39,8.0,crossing_pair
x_24_38,x_28_42,8.0,crossing_pair
x_24_38,x_28_43,8.0,crossing_pair
x_24_38,x_29_38,8.0,shared_nucleotide
x_24_38,x_29_39,8.0,crossing_pair
x_24_38,x_29_42,8.0,crossing_pair
x_24_38,x_29_43,8.0,crossing_pair
x_24_38,x_30_40,8.0,crossing_pair
x_24_38,x_30_44,8.0,crossing_pair
x_24_38,x_31_38,8.0,shared_nucleotide
x_24_38,x_31_39,8.0,crossing_pair
x_24_38,x_31_42,8.0,crossing_pair
x_24_38,x_31_43,8.0,crossing_pair
x_24_38,x_32_40,8.0,crossing_pair
x_24_38,x_32_44,8.0,crossing_pair
x_24_38,x_33_38,8.0,shared_nucleotide
x_24_38,x_33_39,8.0,crossing_pair
x_24_38,x_33_42,8.0,crossing_pair
x_24_38,x_33_43,8.0,crossing_pair
x_24_38,x_34_38,8.0,shared_nucleotide
x_24_38,x_34_39,8.0,crossing_pair
x_24_38,x_34_41,8.0,crossing_pair
x_24_38,x_34_42,8.0,crossing_pair
x_24_38,x_34_43,8.0,crossing_pair
x_24_38,x_35_39,8.0,crossing_pair
x_24_38,x_35_42,8.0,crossing_pair
x_24_38,x_35_43,8.0,crossing_pair
x_24_38,x_36_42,8.0,crossing_pair
x_24_38,x_36_43,8.0,crossing_pair
x_24_38,x_37_44,8.0,crossing_pair
x_24_38,x_38_44,8.0,shared_nucleotide
x_24_39,x_24_42,8.0,shared_nucleotide
x_24_39,x_24_43,8.0,shared_nucleotide
x_24_39,x_25_40,8.0,crossing_pair
x_24_39,x_25_44,8.0,crossing_pair
x_24_39,x_26_39,8.0,shared_nucleotide
x_24_39,x_26_42,8.0,crossing_pair
x_24_39,x_26_43,8.0,crossing_pair
x_24_39,x_27_39,8.0,shared_nucleotide
x_24_39,x_27_42,8.0,crossing_pair
x_24_39,x_27_43,8.0,crossing_pair
x_24_39,x_28_39,8.0,shared_nucleotide
x_24_39,x_28_42,8.0,crossing_pair
x_24_39,x_28_43,8.0,crossing_pair
x_24_39,x_29_39,8.0,shared_nucleotide
x_24_39,x_29_42,8.0,crossing_pair
x_24_39,x_29_43,8.0,crossing_pair
x_24_39,x_30_40,8.0,crossing_pair
x_24_39,x_30_44,8.0,crossing_pair
x_24_39,x_31_39,8.0,shared_nucleotide
x_24_39,x_31_42,8.0,crossing_pair
x_24_39,x_31_43,8.0,crossing_pair
x_24_39,x_32_40,8.0,crossing_pair
x_24_39,x_32_44,8.0,crossing_pair
x_24_39,x_33_39,8.0,shared_nucleotide
x_24_39,x_33_42,8.0,crossing_pair
x_24_39,x_33_43,8.0,crossing_pair
x_24_39,x_34_39,8.0,shared_nucleotide
x_24_39,x_34_41,8.0,crossing_pair
x_24_39,x_34_42,8.0,crossing_pair
x_24_39,x_34_43,8.0,crossing_pair
x_24_39,x_35_39,8.0,shared_nucleotide
x_24_39,x_35_42,8.0,crossing_pair
x_24_39,x_35_43,8.0,crossing_pair
x_24_39,x_36_42,8.0,crossing_pair
x_24_39,x_36_43,8.0,crossing_pair
x_24_39,x_37_44,8.0,crossing_pair
x_24_39,x_38_44,8.0,crossing_pair
x_24_39,x_39_44,8.0,shared_nucleotide
x_24_42,x_24_43,8.0,shared_nucleotide
x_24_42,x_25_44,8.0,crossing_pair
x_24_42,x_26_42,8.0,shared_nucleotide
x_24_42,x_26_43,8.0,crossing_pair
x_24_42,x_27_42,8.0,shared_nucleotide
x_24_42,x_27_43,8.0,crossing_pair
x_24_42,x_28_42,8.0,shared_nucleotide
x_24_42,x_28_43,8.0,crossing_pair
x_24_42,x_29_42,8.0,shared_nucleotide
x_24_42,x_29_43,8.0,crossing_pair
x_24_42,x_30_44,8.0,crossing_pair
x_24_42,x_31_42,8.0,shared_nucleotide
x_24_42,x_31_43,8.0,crossing_pair
x_24_42,x_32_44,8.0,crossing_pair
x_24_42,x_33_42,8.0,shared_nucleotide
x_24_42,x_33_43,8.0,crossing_pair
x_24_42,x_34_42,8.0,shared_nucleotide
x_24_42,x_34_43,8.0,crossing_pair
x_24_42,x_35_42,8.0,shared_nucleotide
x_24_42,x_35_43,8.0,crossing_pair
x_24_42,x_36_42,8.0,shared_nucleotide
x_24_42,x_36_43,8.0,crossing_pair
x_24_42,x_37_44,8.0,crossing_pair
x_24_42,x_38_44,8.0,crossing_pair
x_24_42,x_39_44,8.0,crossing_pair
x_24_43,x_25_44,8.0,crossing_pair
x_24_43,x_26_43,8.0,shared_nucleotide
x_24_43,x_27_43,8.0,shared_nucleotide
x_24_43,x_28_43,8.0,shared_nucleotide
x_24_43,x_29_43,8.0,shared_nucleotide
x_24_43,x_30_44,8.0,crossing_pair
x_24_43,x_31_43,8.0,shared_nucleotide
x_24_43,x_32_44,8.0,crossing_pair
x_24_43,x_33_43,8.0,shared_nucleotide
x_24_43,x_34_43,8.0,shared_nucleotide
x_24_43,x_35_43,8.0,shared_nucleotide
x_24_43,x_36_43,8.0,shared_nucleotide
x_24_43,x_37_44,8.0,crossing_pair
x_24_43,x_38_44,8.0,crossing_pair
x_24_43,x_39_44,8.0,crossing_pair
x_25_34,x_25_40,8.0,shared_nucleotide
x_25_34,x_25_44,8.0,shared_nucleotide
x_25_34,x_26_37,8.0,crossing_pair
x_25_34,x_26_38,8.0,crossing_pair
x_25_34,x_26_39,8.0,crossing_pair
x_25_34,x_26_42,8.0,crossing_pair
x_25_34,x_26_43,8.0,crossing_pair
x_25_34,x_27_37,8.0,crossing_pair
x_25_34,x_27_38,8.0,crossing_pair
x_25_34,x_27_39,8.0,crossing_pair
x_25_34,x_27_42,8.0,crossing_pair
x_25_34,x_27_43,8.0,crossing_pair
x_25_34,x_28_37,8.0,crossing_pair
x_25_34,x_28_38,8.0,crossing_pair
x_25_34,x_28_39,8.0,crossing_pair
x_25_34,x_28_42,8.0,crossing_pair
x_25_34,x_28_43,8.0,crossing_pair
x_25_34,x_29_37,8.0,crossing_pair
x_25_34,x_29_38,8.0,crossing_pair
x_25_34,x_29_39,8.0,crossing_pair
x_25_34,x_29_42,8.0,crossing_pair
x_25_34,x_29_43,8.0,crossing_pair
x_25_34,x_30_34,8.0,shared_nucleotide
x_25_34,x_30_35,8.0,crossing_pair
x_25_34,x_30_36,8.0,crossing_pair
x_25_34,x_30_40,8.0,crossing_pair
x_25_34,x_30_44,8.0,crossing_pair
x_25_34,x_31_37,8.0,crossing_pair
x_25_34,x_31_38,8.0,crossing_pair
x_25_34,x_31_39,8.0,crossing_pair
x_25_34,x_31_42,8.0,crossing_pair
x_25_34,x_31_43,8.0,crossing_pair
x_25_34,x_32_40,8.0,crossing_pair
x_25_34,x_32_44,8.0,crossing_pair
x_25_34,x_33_37,8.0,crossing_pair
x_25_34,x_33_38,8.0,crossing_pair
x_25_34,x_33_39,8.0,crossing_pair
x_25_34,x_33_42,8.0,crossing_pair
x_25_34,x_33_43,8.0,crossing_pair
x_25_34,x_34_38,8.0,shared_nucleotide
x_25_34,x_34_39,8.0,shared_nucleotide
x_25_34,x_34_41,8.0,shared_nucleotide
x_25_34,x_34_42,8.0,shared_nucleotide
x_25_34,x_34_43,8.0,shared_nucleotide
x_25_40,x_25_44,8.0,shared_nucleotide
x_25_40,x_26_42,8.0,crossing_pair
x_25_40,x_26_43,8.0,crossing_pair
x_25_40,x_27_42,8.0,crossing_pair
x_25_40,x_27_43,8.0,crossing_pair
x_25_40,x_28_42,8.0,crossing_pair
x_25_40,x_28_43,8.0,crossing_pair
x_25_40,x_29_42,8.0,crossing_pair
x_25_40,x_29_43,8.0,crossing_pair
x_25_40,x_30_40,8.0,shared_nucleotide
x_25_40,x_30_44,8.0,crossing_pair
x_25_40,x_31_42,8.0,crossing_pair
x_25_40,x_31_43,8.0,crossing_pair
x_25_40,x_32_40,8.0,shared_nucleotide
x_25_40,x_32_44,8.0,crossing_pair
x_25_40,x_33_42,8.0,crossing_pair
x_25_40,x_33_43,8.0,crossing_pair
x_25_40,x_34_41,8.0,crossing_pair
x_25_40,x_34_42,8.0,crossing_pair
x_25_40,x_34_43,8.0,crossing_pair
x_25_40,x_35_42,8.0,crossing_pair
x_25_40,x_35_43,8.0,crossing_pair
x_25_40,x_36_42,8.0,crossing_pair
x_25_40,x_36_43,8.0,crossing_pair
x_25_40,x_37_44,8.0,crossing_pair
x_25_40,x_38_44,8.0,crossing_pair
x_25_40,x_39_44,8.0,crossing_pair
x_25_44,x_30_44,8.0,shared_nucleotide
x_25_44,x_32_44,8.0,shared_nucleotide
x_25_44,x_37_44,8.0,shared_nucleotide
x_25_44,x_38_44,8.0,shared_nucleotide
x_25_44,x_39_44,8.0,shared_nucleotide
x_26_30,x_26_37,8.0,shared_nucleotide
x_26_30,x_26_38,8.0,shared_nucleotide
x_26_30,x_26_39,8.0,shared_nucleotide
x_26_30,x_26_42,8.0,shared_nucleotide
x_26_30,x_26_43,8.0,shared_nucleotide
x_26_30,x_27_37,8.0,crossing_pair
x_26_30,x_27_38,8.0,crossing_pair
x_26_30,x_27_39,8.0,crossing_pair
x_26_30,x_27_42,8.0,crossing_pair
x_26_30,x_27_43,8.0,crossing_pair
x_26_30,x_28_37,8.0,crossing_pair
x_26_30,x_28_38,8.0,crossing_pair
x_26_30,x_28_39,8.0,crossing_pair
x_26_30,x_28_42,8.0,crossing_pair
x_26_30,x_28_43,8.0,crossing_pair
x_26_30,x_29_37,8.0,crossing_pair
x_26_30,x_29_38,8.0,crossing_pair
x_26_30,x_29_39,8.0,crossing_pair
x_26_30,x_29_42,8.0,crossing_pair
x_26_30,x_29_43,8.0,crossing_pair
x_26_30,x_30_34,8.0,shared_nucleotide
x_26_30,x_30_35,8.0,shared_nucleotide
x_26_30,x_30_36,8.0,shared_nucleotide
x_26_30,x_30_40,8.0,shared_nucleotide
x_26_30,x_30_44,8.0,shared_nucleotide
x_26_37,x_26_38,8.0,shared_nucleotide
x_26_37,x_26_39,8.0,shared_nucleotide
x_26_37,x_26_42,8.0,shared_nucleotide
x_26_37,x_26_43,8.0,shared_nucleotide
x_26_37,x_27_37,8.0,shared_nucleotide
x_26_37,x_27_38,8.0,crossing_pair
x_26_37,x_27_39,8.0,crossing_pair
x_26_37,x_27_42,8.0,crossing_pair
x_26_37,x_27_43,8.0,crossing_pair
x_26_37,x_28_37,8.0,shared_nucleotide
x_26_37,x_28_38,8.0,crossing_pair
x_26_37,x_28_39,8.0,crossing_pair
x_26_37,x_28_42,8.0,crossing_pair
x_26_37,x_28_43,8.0,crossing_pair
x_26_37,x_29_37,8.0,shared_nucleotide
x_26_37,x_29_38,8.0,crossing_pair
x_26_37,x_29_39,8.0,crossing_pair
x_26_37,x_29_42,8.0,crossing_pair
x_26_37,x_29_43,8.0,crossing_pair
x_26_37,x_30_40,8.0,crossing_pair
x_26_37,x_30_44,8.0,crossing_pair
x_26_37,x_31_37,8.0,shared_nucleotide
x_26_37,x_31_38,8.0,crossing_pair
x_26_37,x_31_39,8.0,crossing_pair
x_26_37,x_31_42,8.0,crossing_pair
x_26_37,x_31_43,8.0,crossing_pair
x_26_37,x_32_40,8.0,crossing_pair
x_26_37,x_32_44,8.0,crossing_pair
x_26_37,x_33_37,8.0,shared_nucleotide
x_26_37,x_33_38,8.0,crossing_pair
x_26_37,x_33_39,8.0,crossing_pair
x_26_37,x_33_42,8.0,crossing_pair
x_26_37,x_33_43,8.0,crossing_pair
x_26_37,x_34_38,8.0,crossing_pair
x_26_37,x_34_39,8.0,crossing_pair
x_26_37,x_34_41,8.0,crossing_pair
x_26_37,x_34_42,8.0,crossing_pair
x_26_37,x_34_43,8.0,crossing_pair
x_26_37,x_35_39,8.0,crossing_pair
x_26_37,x_35_42,8.0,crossing_pair
x_26_37,x_35_43,8.0,crossing_pair
x_26_37,x_36_42,8.0,crossing_pair
x_26_37,x_36_43,8.0,crossing_pair
x_26_37,x_37_44,8.0,shared_nucleotide
x_26_38,x_26_39,8.0,shared_nucleotide
x_26_38,x_26_42,8.0,shared_nucleotide
x_26_38,x_26_43,8.0,shared_nucleotide
x_26_38,x_27_38,8.0,shared_nucleotide
x_26_38,x_27_39,8.0,crossing_pair
x_26_38,x_27_42,8.0,crossing_pair
x_26_38,x_27_43,8.0,crossing_pair
x_26_38,x_28_38,8.0,shared_nucleotide
x_26_38,x_28_39,8.0,crossing_pair
x_26_38,x_28_42,8.0,crossing_pair
x_26_38,x_28_43,8.0,crossing_pair
x_26_38,x_29_38,8.0,shared_nucleotide
x_26_38,x_29_39,8.0,crossing_pair
x_26_38,x_29_42,8.0,crossing_pair
x_26_38,x_29_43,8.0,crossing_pair
x_26_38,x_30_40,8.0,crossing_pair
x_26_38,x_30_44,8.0,crossing_pair
x_26_38,x_31_38,8.0,shared_nucleotide
x_26_38,x_31_39,8.0,crossing_pair
x_26_38,x_31_42,8.0,crossing_pair
x_26_38,x_31_43,8.0,crossing_pair
x_26_38,x_32_40,8.0,crossing_pair
x_26_38,x_32_44,8.0,crossing_pair
x_26_38,x_33_38,8.0,shared_nucleotide
x_26_38,x_33_39,8.0,crossing_pair
x_26_38,x_33_42,8.0,crossing_pair
x_26_38,x_33_43,8.0,crossing_pair
x_26_38,x_34_38,8.0,shared_nucleotide
x_26_38,x_34_39,8.0,crossing_pair
x_26_38,x_34_41,8.0,crossing_pair
x_26_38,x_34_42,8.0,crossing_pair
x_26_38,x_34_43,8.0,crossing_pair
x_26_38,x_35_39,8.0,crossing_pair
x_26_38,x_35_42,8.0,crossing_pair
x_26_38,x_35_43,8.0,crossing_pair
x_26_38,x_36_42,8.0,crossing_pair
x_26_38,x_36_43,8.0,crossing_pair
x_26_38,x_37_44,8.0,crossing_pair
x_26_38,x_38_44,8.0,shared_nucleotide
x_26_39,x_26_42,8.0,shared_nucleotide
x_26_39,x_26_43,8.0,shared_nucleotide
x_26_39,x_27_39,8.0,shared_nucleotide
x_26_39,x_27_42,8.0,crossing_pair
x_26_39,x_27_43,8.0,crossing_pair
x_26_39,x_28_39,8.0,shared_nucleotide
x_26_39,x_28_42,8.0,crossing_pair
x_26_39,x_28_43,8.0,crossing_pair
x_26_39,x_29_39,8.0,shared_nucleotide
x_26_39,x_29_42,8.0,crossing_pair
x_26_39,x_29_43,8.0,crossing_pair
x_26_39,x_30_40,8.0,crossing_pair
x_26_39,x_30_44,8.0,crossing_pair
x_26_39,x_31_39,8.0,shared_nucleotide
x_26_39,x_31_42,8.0,crossing_pair
x_26_39,x_31_43,8.0,crossing_pair
x_26_39,x_32_40,8.0,crossing_pair
x_26_39,x_32_44,8.0,crossing_pair
x_26_39,x_33_39,8.0,shared_nucleotide
x_26_39,x_33_42,8.0,crossing_pair
x_26_39,x_33_43,8.0,crossing_pair
x_26_39,x_34_39,8.0,shared_nucleotide
x_26_39,x_34_41,8.0,crossing_pair
x_26_39,x_34_42,8.0,crossing_pair
x_26_39,x_34_43,8.0,crossing_pair
x_26_39,x_35_39,8.0,shared_nucleotide
x_26_39,x_35_42,8.0,crossing_pair
x_26_39,x_35_43,8.0,crossing_pair
x_26_39,x_36_42,8.0,crossing_pair
x_26_39,x_36_43,8.0,crossing_pair
x_26_39,x_37_44,8.0,crossing_pair
x_26_39,x_38_44,8.0,crossing_pair
x_26_39,x_39_44,8.0,shared_nucleotide
x_26_42,x_26_43,8.0,shared_nucleotide
x_26_42,x_27_42,8.0,shared_nucleotide
x_26_42,x_27_43,8.0,crossing_pair
x_26_42,x_28_42,8.0,shared_nucleotide
x_26_42,x_28_43,8.0,crossing_pair
x_26_42,x_29_42,8.0,shared_nucleotide
x_26_42,x_29_43,8.0,crossing_pair
x_26_42,x_30_44,8.0,crossing_pair
x_26_42,x_31_42,8.0,shared_nucleotide
x_26_42,x_31_43,8.0,crossing_pair
x_26_42,x_32_44,8.0,crossing_pair
x_26_42,x_33_42,8.0,shared_nucleotide
x_26_42,x_33_43,8.0,crossing_pair
x_26_42,x_34_42,8.0,shared_nucleotide
x_26_42,x_34_43,8.0,crossing_pair
x_26_42,x_35_42,8.0,shared_nucleotide
x_26_42,x_35_43,8.0,crossing_pair
x_26_42,x_36_42,8.0,shared_nucleotide
x_26_42,x_36_43,8.0,crossing_pair
x_26_42,x_37_44,8.0,crossing_pair
x_26_42,x_38_44,8.0,crossing_pair
x_26_42,x_39_44,8.0,crossing_pair
x_26_43,x_27_43,8.0,shared_nucleotide
x_26_43,x_28_43,8.0,shared_nucleotide
x_26_43,x_29_43,8.0,shared_nucleotide
x_26_43,x_30_44,8.0,crossing_pair
x_26_43,x_31_43,8.0,shared_nucleotide
x_26_43,x_32_44,8.0,crossing_pair
x_26_43,x_33_43,8.0,shared_nucleotide
x_26_43,x_34_43,8.0,shared_nucleotide
x_26_43,x_35_43,8.0,shared_nucleotide
x_26_43,x_36_43,8.0,shared_nucleotide
x_26_43,x_37_44,8.0,crossing_pair
x_26_43,x_38_44,8.0,crossing_pair
x_26_43,x_39_44,8.0,crossing_pair
x_27_37,x_27_38,8.0,shared_nucleotide
x_27_37,x_27_39,8.0,shared_nucleotide
x_27_37,x_27_42,8.0,shared_nucleotide
x_27_37,x_27_43,8.0,shared_nucleotide
x_27_37,x_28_37,8.0,shared_nucleotide
x_27_37,x_28_38,8.0,crossing_pair
x_27_37,x_28_39,8.0,crossing_pair
x_27_37,x_28_42,8.0,crossing_pair
x_27_37,x_28_43,8.0,crossing_pair
x_27_37,x_29_37,8.0,shared_nucleotide
x_27_37,x_29_38,8.0,crossing_pair
x_27_37,x_29_39,8.0,crossing_pair
x_27_37,x_29_42,8.0,crossing_pair
x_27_37,x_29_43,8.0,crossing_pair
x_27_37,x_30_40,8.0,crossing_pair
x_27_37,x_30_44,8.0,crossing_pair
x_27_37,x_31_37,8.0,shared_nucleotide
x_27_37,x_31_38,8.0,crossing_pair
x_27_37,x_31_39,8.0,crossing_pair
x_27_37,x_31_42,8.0,crossing_pair
x_27_37,x_31_43,8.0,crossing_pair
x_27_37,x_32_40,8.0,crossing_pair
x_27_37,x_32_44,8.0,crossing_pair
x_27_37,x_33_37,8.0,shared_nucleotide
x_27_37,x_33_38,8.0,crossing_pair
x_27_37,x_33_39,8.0,crossing_pair
x_27_37,x_33_42,8.0,crossing_pair
x_27_37,x_33_43,8.0,crossing_pair
x_27_37,x_34_38,8.0,crossing_pair
x_27_37,x_34_39,8.0,crossing_pair
x_27_37,x_34_41,8.0,crossing_pair
x_27_37,x_34_42,8.0,crossing_pair
x_27_37,x_34_43,8.0,crossing_pair
x_27_37,x_35_39,8.0,crossing_pair
x_27_37,x_35_42,8.0,crossing_pair
x_27_37,x_35_43,8.0,crossing_pair
x_27_37,x_36_42,8.0,crossing_pair
x_27_37,x_36_43,8.0,crossing_pair
x_27_37,x_37_44,8.0,shared_nucleotide
x_27_38,x_27_39,8.0,shared_nucleotide
x_27_38,x_27_42,8.0,shared_nucleotide
x_27_38,x_27_43,8.0,shared_nucleotide
x_27_38,x_28_38,8.0,shared_nucleotide
x_27_38,x_28_39,8.0,crossing_pair
x_27_38,x_28_42,8.0,crossing_pair
x_27_38,x_28_43,8.0,crossing_pair
x_27_38,x_29_38,8.0,shared_nucleotide
x_27_38,x_29_39,8.0,crossing_pair
x_27_38,x_29_42,8.0,crossing_pair
x_27_38,x_29_43,8.0,crossing_pair
x_27_38,x_30_40,8.0,crossing_pair
x_27_38,x_30_44,8.0,crossing_pair
x_27_38,x_31_38,8.0,shared_nucleotide
x_27_38,x_31_39,8.0,crossing_pair
x_27_38,x_31_42,8.0,crossing_pair
x_27_38,x_31_43,8.0,crossing_pair
x_27_38,x_32_40,8.0,crossing_pair
x_27_38,x_32_44,8.0,crossing_pair
x_27_38,x_33_38,8.0,shared_nucleotide
x_27_38,x_33_39,8.0,crossing_pair
x_27_38,x_33_42,8.0,crossing_pair
x_27_38,x_33_43,8.0,crossing_pair
x_27_38,x_34_38,8.0,shared_nucleotide
x_27_38,x_34_39,8.0,crossing_pair
x_27_38,x_34_41,8.0,crossing_pair
x_27_38,x_34_42,8.0,crossing_pair
x_27_38,x_34_43,8.0,crossing_pair
x_27_38,x_35_39,8.0,crossing_pair
x_27_38,x_35_42,8.0,crossing_pair
x_27_38,x_35_43,8.0,crossing_pair
x_27_38,x_36_42,8.0,crossing_pair
x_27_38,x_36_43,8.0,crossing_pair
x_27_38,x_37_44,8.0,crossing_pair
x_27_38,x_38_44,8.0,shared_nucleotide
x_27_39,x_27_42,8.0,shared_nucleotide
x_27_39,x_27_43,8.0,shared_nucleotide
x_27_39,x_28_39,8.0,shared_nucleotide
x_27_39,x_28_42,8.0,crossing_pair
x_27_39,x_28_43,8.0,crossing_pair
x_27_39,x_29_39,8.0,shared_nucleotide
x_27_39,x_29_42,8.0,crossing_pair
x_27_39,x_29_43,8.0,crossing_pair
x_27_39,x_30_40,8.0,crossing_pair
x_27_39,x_30_44,8.0,crossing_pair
x_27_39,x_31_39,8.0,shared_nucleotide
x_27_39,x_31_42,8.0,crossing_pair
x_27_39,x_31_43,8.0,crossing_pair
x_27_39,x_32_40,8.0,crossing_pair
x_27_39,x_32_44,8.0,crossing_pair
x_27_39,x_33_39,8.0,shared_nucleotide
x_27_39,x_33_42,8.0,crossing_pair
x_27_39,x_33_43,8.0,crossing_pair
x_27_39,x_34_39,8.0,shared_nucleotide
x_27_39,x_34_41,8.0,crossing_pair
x_27_39,x_34_42,8.0,crossing_pair
x_27_39,x_34_43,8.0,crossing_pair
x_27_39,x_35_39,8.0,shared_nucleotide
x_27_39,x_35_42,8.0,crossing_pair
x_27_39,x_35_43,8.0,crossing_pair
x_27_39,x_36_42,8.0,crossing_pair
x_27_39,x_36_43,8.0,crossing_pair
x_27_39,x_37_44,8.0,crossing_pair
x_27_39,x_38_44,8.0,crossing_pair
x_27_39,x_39_44,8.0,shared_nucleotide
x_27_42,x_27_43,8.0,shared_nucleotide
x_27_42,x_28_42,8.0,shared_nucleotide
x_27_42,x_28_43,8.0,crossing_pair
x_27_42,x_29_42,8.0,shared_nucleotide
x_27_42,x_29_43,8.0,crossing_pair
x_27_42,x_30_44,8.0,crossing_pair
x_27_42,x_31_42,8.0,shared_nucleotide
x_27_42,x_31_43,8.0,crossing_pair
x_27_42,x_32_44,8.0,crossing_pair
x_27_42,x_33_42,8.0,shared_nucleotide
x_27_42,x_33_43,8.0,crossing_pair
x_27_42,x_34_42,8.0,shared_nucleotide
x_27_42,x_34_43,8.0,crossing_pair
x_27_42,x_35_42,8.0,shared_nucleotide
x_27_42,x_35_43,8.0,crossing_pair
x_27_42,x_36_42,8.0,shared_nucleotide
x_27_42,x_36_43,8.0,crossing_pair
x_27_42,x_37_44,8.0,crossing_pair
x_27_42,x_38_44,8.0,crossing_pair
x_27_42,x_39_44,8.0,crossing_pair
x_27_43,x_28_43,8.0,shared_nucleotide
x_27_43,x_29_43,8.0,shared_nucleotide
x_27_43,x_30_44,8.0,crossing_pair
x_27_43,x_31_43,8.0,shared_nucleotide
x_27_43,x_32_44,8.0,crossing_pair
x_27_43,x_33_43,8.0,shared_nucleotide
x_27_43,x_34_43,8.0,shared_nucleotide
x_27_43,x_35_43,8.0,shared_nucleotide
x_27_43,x_36_43,8.0,shared_nucleotide
x_27_43,x_37_44,8.0,crossing_pair
x_27_43,x_38_44,8.0,crossing_pair
x_27_43,x_39_44,8.0,crossing_pair
x_28_37,x_28_38,8.0,shared_nucleotide
x_28_37,x_28_39,8.0,shared_nucleotide
x_28_37,x_28_42,8.0,shared_nucleotide
x_28_37,x_28_43,8.0,shared_nucleotide
x_28_37,x_29_37,8.0,shared_nucleotide
x_28_37,x_29_38,8.0,crossing_pair
x_28_37,x_29_39,8.0,crossing_pair
x_28_37,x_29_42,8.0,crossing_pair
x_28_37,x_29_43,8.0,crossing_pair
x_28_37,x_30_40,8.0,crossing_pair
x_28_37,x_30_44,8.0,crossing_pair
x_28_37,x_31_37,8.0,shared_nucleotide
x_28_37,x_31_38,8.0,crossing_pair
x_28_37,x_31_39,8.0,crossing_pair
x_28_37,x_31_42,8.0,crossing_pair
x_28_37,x_31_43,8.0,crossing_pair
x_28_37,x_32_40,8.0,crossing_pair
x_28_37,x_32_44,8.0,crossing_pair
x_28_37,x_33_37,8.0,shared_nucleotide
x_28_37,x_33_38,8.0,crossing_pair
x_28_37,x_33_39,8.0,crossing_pair
x_28_37,x_33_42,8.0,crossing_pair
x_28_37,x_33_43,8.0,crossing_pair
x_28_37,x_34_38,8.0,crossing_pair
x_28_37,x_34_39,8.0,crossing_pair
x_28_37,x_34_41,8.0,crossing_pair
x_28_37,x_34_42,8.0,crossing_pair
x_28_37,x_34_43,8.0,crossing_pair
x_28_37,x_35_39,8.0,crossing_pair
x_28_37,x_35_42,8.0,crossing_pair
x_28_37,x_35_43,8.0,crossing_pair
x_28_37,x_36_42,8.0,crossing_pair
x_28_37,x_36_43,8.0,crossing_pair
x_28_37,x_37_44,8.0,shared_nucleotide
x_28_38,x_28_39,8.0,shared_nucleotide
x_28_38,x_28_42,8.0,shared_nucleotide
x_28_38,x_28_43,8.0,shared_nucleotide
x_28_38,x_29_38,8.0,shared_nucleotide
x_28_38,x_29_39,8.0,crossing_pair
x_28_38,x_29_42,8.0,crossing_pair
x_28_38,x_29_43,8.0,crossing_pair
x_28_38,x_30_40,8.0,crossing_pair
x_28_38,x_30_44,8.0,crossing_pair
x_28_38,x_31_38,8.0,shared_nucleotide
x_28_38,x_31_39,8.0,crossing_pair
x_28_38,x_31_42,8.0,crossing_pair
x_28_38,x_31_43,8.0,crossing_pair
x_28_38,x_32_40,8.0,crossing_pair
x_28_38,x_32_44,8.0,crossing_pair
x_28_38,x_33_38,8.0,shared_nucleotide
x_28_38,x_33_39,8.0,crossing_pair
x_28_38,x_33_42,8.0,crossing_pair
x_28_38,x_33_43,8.0,crossing_pair
x_28_38,x_34_38,8.0,shared_nucleotide
x_28_38,x_34_39,8.0,crossing_pair
x_28_38,x_34_41,8.0,crossing_pair
x_28_38,x_34_42,8.0,crossing_pair
x_28_38,x_34_43,8.0,crossing_pair
x_28_38,x_35_39,8.0,crossing_pair
x_28_38,x_35_42,8.0,crossing_pair
x_28_38,x_35_43,8.0,crossing_pair
x_28_38,x_36_42,8.0,crossing_pair
x_28_38,x_36_43,8.0,crossing_pair
x_28_38,x_37_44,8.0,crossing_pair
x_28_38,x_38_44,8.0,shared_nucleotide
x_28_39,x_28_42,8.0,shared_nucleotide
x_28_39,x_28_43,8.0,shared_nucleotide
x_28_39,x_29_39,8.0,shared_nucleotide
x_28_39,x_29_42,8.0,crossing_pair
x_28_39,x_29_43,8.0,crossing_pair
x_28_39,x_30_40,8.0,crossing_pair
x_28_39,x_30_44,8.0,crossing_pair
x_28_39,x_31_39,8.0,shared_nucleotide
x_28_39,x_31_42,8.0,crossing_pair
x_28_39,x_31_43,8.0,crossing_pair
x_28_39,x_32_40,8.0,crossing_pair
x_28_39,x_32_44,8.0,crossing_pair
x_28_39,x_33_39,8.0,shared_nucleotide
x_28_39,x_33_42,8.0,crossing_pair
x_28_39,x_33_43,8.0,crossing_pair
x_28_39,x_34_39,8.0,shared_nucleotide
x_28_39,x_34_41,8.0,crossing_pair
x_28_39,x_34_42,8.0,crossing_pair
x_28_39,x_34_43,8.0,crossing_pair
x_28_39,x_35_39,8.0,shared_nucleotide
x_28_39,x_35_42,8.0,crossing_pair
x_28_39,x_35_43,8.0,crossing_pair
x_28_39,x_36_42,8.0,crossing_pair
x_28_39,x_36_43,8.0,crossing_pair
x_28_39,x_37_44,8.0,crossing_pair
x_28_39,x_38_44,8.0,crossing_pair
x_28_39,x_39_44,8.0,shared_nucleotide
x_28_42,x_28_43,8.0,shared_nucleotide
x_28_42,x_29_42,8.0,shared_nucleotide
x_28_42,x_29_43,8.0,crossing_pair
x_28_42,x_30_44,8.0,crossing_pair
x_28_42,x_31_42,8.0,shared_nucleotide
x_28_42,x_31_43,8.0,crossing_pair
x_28_42,x_32_44,8.0,crossing_pair
x_28_42,x_33_42,8.0,shared_nucleotide
x_28_42,x_33_43,8.0,crossing_pair
x_28_42,x_34_42,8.0,shared_nucleotide
x_28_42,x_34_43,8.0,crossing_pair
x_28_42,x_35_42,8.0,shared_nucleotide
x_28_42,x_35_43,8.0,crossing_pair
x_28_42,x_36_42,8.0,shared_nucleotide
x_28_42,x_36_43,8.0,crossing_pair
x_28_42,x_37_44,8.0,crossing_pair
x_28_42,x_38_44,8.0,crossing_pair
x_28_42,x_39_44,8.0,crossing_pair
x_28_43,x_29_43,8.0,shared_nucleotide
x_28_43,x_30_44,8.0,crossing_pair
x_28_43,x_31_43,8.0,shared_nucleotide
x_28_43,x_32_44,8.0,crossing_pair
x_28_43,x_33_43,8.0,shared_nucleotide
x_28_43,x_34_43,8.0,shared_nucleotide
x_28_43,x_35_43,8.0,shared_nucleotide
x_28_43,x_36_43,8.0,shared_nucleotide
x_28_43,x_37_44,8.0,crossing_pair
x_28_43,x_38_44,8.0,crossing_pair
x_28_43,x_39_44,8.0,crossing_pair
x_29_37,x_29_38,8.0,shared_nucleotide
x_29_37,x_29_39,8.0,shared_nucleotide
x_29_37,x_29_42,8.0,shared_nucleotide
x_29_37,x_29_43,8.0,shared_nucleotide
x_29_37,x_30_40,8.0,crossing_pair
x_29_37,x_30_44,8.0,crossing_pair
x_29_37,x_31_37,8.0,shared_nucleotide
x_29_37,x_31_38,8.0,crossing_pair
x_29_37,x_31_39,8.0,crossing_pair
x_29_37,x_31_42,8.0,crossing_pair
x_29_37,x_31_43,8.0,crossing_pair
x_29_37,x_32_40,8.0,crossing_pair
x_29_37,x_32_44,8.0,crossing_pair
x_29_37,x_33_37,8.0,shared_nucleotide
x_29_37,x_33_38,8.0,crossing_pair
x_29_37,x_33_39,8.0,crossing_pair
x_29_37,x_33_42,8.0,crossing_pair
x_29_37,x_33_43,8.0,crossing_pair
x_29_37,x_34_38,8.0,crossing_pair
x_29_37,x_34_39,8.0,crossing_pair
x_29_37,x_34_41,8.0,crossing_pair
x_29_37,x_34_42,8.0,crossing_pair
x_29_37,x_34_43,8.0,crossing_pair
x_29_37,x_35_39,8.0,crossing_pair
x_29_37,x_35_42,8.0,crossing_pair
x_29_37,x_35_43,8.0,crossing_pair
x_29_37,x_36_42,8.0,crossing_pair
x_29_37,x_36_43,8.0,crossing_pair
x_29_37,x_37_44,8.0,shared_nucleotide
x_29_38,x_29_39,8.0,shared_nucleotide
x_29_38,x_29_42,8.0,shared_nucleotide
x_29_38,x_29_43,8.0,shared_nucleotide
x_29_38,x_30_40,8.0,crossing_pair
x_29_38,x_30_44,8.0,crossing_pair
x_29_38,x_31_38,8.0,shared_nucleotide
x_29_38,x_31_39,8.0,crossing_pair
x_29_38,x_31_42,8.0,crossing_pair
x_29_38,x_31_43,8.0,crossing_pair
x_29_38,x_32_40,8.0,crossing_pair
x_29_38,x_32_44,8.0,crossing_pair
x_29_38,x_33_38,8.0,shared_nucleotide
x_29_38,x_33_39,8.0,crossing_pair
x_29_38,x_33_42,8.0,crossing_pair
x_29_38,x_33_43,8.0,crossing_pair
x_29_38,x_34_38,8.0,shared_nucleotide
x_29_38,x_34_39,8.0,crossing_pair
x_29_38,x_34_41,8.0,crossing_pair
x_29_38,x_34_42,8.0,crossing_pair
x_29_38,x_34_43,8.0,crossing_pair
x_29_38,x_35_39,8.0,crossing_pair
x_29_38,x_35_42,8.0,crossing_pair
x_29_38,x_35_43,8.0,crossing_pair
x_29_38,x_36_42,8.0,crossing_pair
x_29_38,x_36_43,8.0,crossing_pair
x_29_38,x_37_44,8.0,crossing_pair
x_29_38,x_38_44,8.0,shared_nucleotide
x_29_39,x_29_42,8.0,shared_nucleotide
x_29_39,x_29_43,8.0,shared_nucleotide
x_29_39,x_30_40,8.0,crossing_pair
x_29_39,x_30_44,8.0,crossing_pair
x_29_39,x_31_39,8.0,shared_nucleotide
x_29_39,x_31_42,8.0,crossing_pair
x_29_39,x_31_43,8.0,crossing_pair
x_29_39,x_32_40,8.0,crossing_pair
x_29_39,x_32_44,8.0,crossing_pair
x_29_39,x_33_39,8.0,shared_nucleotide
x_29_39,x_33_42,8.0,crossing_pair
x_29_39,x_33_43,8.0,crossing_pair
x_29_39,x_34_39,8.0,shared_nucleotide
x_29_39,x_34_41,8.0,crossing_pair
x_29_39,x_34_42,8.0,crossing_pair
x_29_39,x_34_43,8.0,crossing_pair
x_29_39,x_35_39,8.0,shared_nucleotide
x_29_39,x_35_42,8.0,crossing_pair
x_29_39,x_35_43,8.0,crossing_pair
x_29_39,x_36_42,8.0,crossing_pair
x_29_39,x_36_43,8.0,crossing_pair
x_29_39,x_37_44,8.0,crossing_pair
x_29_39,x_38_44,8.0,crossing_pair
x_29_39,x_39_44,8.0,shared_nucleotide
x_29_42,x_29_43,8.0,shared_nucleotide
x_29_42,x_30_44,8.0,crossing_pair
x_29_42,x_31_42,8.0,shared_nucleotide
x_29_42,x_31_43,8.0,crossing_pair
x_29_42,x_32_44,8.0,crossing_pair
x_29_42,x_33_42,8.0,shared_nucleotide
x_29_42,x_33_43,8.0,crossing_pair
x_29_42,x_34_42,8.0,shared_nucleotide
x_29_42,x_34_43,8.0,crossing_pair
x_29_42,x_35_42,8.0,shared_nucleotide
x_29_42,x_35_43,8.0,crossing_pair
x_29_42,x_36_42,8.0,shared_nucleotide
x_29_42,x_36_43,8.0,crossing_pair
x_29_42,x_37_44,8.0,crossing_pair
x_29_42,x_38_44,8.0,crossing_pair
x_29_42,x_39_44,8.0,crossing_pair
x_29_43,x_30_44,8.0,crossing_pair
x_29_43,x_31_43,8.0,shared_nucleotide
x_29_43,x_32_44,8.0,crossing_pair
x_29_43,x_33_43,8.0,shared_nucleotide
x_29_43,x_34_43,8.0,shared_nucleotide
x_29_43,x_35_43,8.0,shared_nucleotide
x_29_43,x_36_43,8.0,shared_nucleotide
x_29_43,x_37_44,8.0,crossing_pair
x_29_43,x_38_44,8.0,crossing_pair
x_29_43,x_39_44,8.0,crossing_pair
x_30_34,x_30_35,8.0,shared_nucleotide
x_30_34,x_30_36,8.0,shared_nucleotide
x_30_34,x_30_40,8.0,shared_nucleotide
x_30_34,x_30_44,8.0,shared_nucleotide
x_30_34,x_31_37,8.0,crossing_pair
x_30_34,x_31_38,8.0,crossing_pair
x_30_34,x_31_39,8.0,crossing_pair
x_30_34,x_31_42,8.0,crossing_pair
x_30_34,x_31_43,8.0,crossing_pair
x_30_34,x_32_40,8.0,crossing_pair
x_30_34,x_32_44,8.0,crossing_pair
x_30_34,x_33_37,8.0,crossing_pair
x_30_34,x_33_38,8.0,crossing_pair
x_30_34,x_33_39,8.0,crossing_pair
x_30_34,x_33_42,8.0,crossing_pair
x_30_34,x_33_43,8.0,crossing_pair
x_30_34,x_34_38,8.0,shared_nucleotide
x_30_34,x_34_39,8.0,shared_nucleotide
x_30_34,x_34_41,8.0,shared_nucleotide
x_30_34,x_34_42,8.0,shared_nucleotide
x_30_34,x_34_43,8.0,shared_nucleotide
x_30_35,x_30_36,8.0,shared_nucleotide
x_30_35,x_30_40,8.0,shared_nucleotide
x_30_35,x_30_44,8.0,shared_nucleotide
x_30_35,x_31_37,8.0,crossing_pair
x_30_35,x_31_38,8.0,crossing_pair
x_30_35,x_31_39,8.0,crossing_pair
x_30_35,x_31_42,8.0,crossing_pair
x_30_35,x_31_43,8.0,crossing_pair
x_30_35,x_32_40,8.0,crossing_pair
x_30_35,x_32_44,8.0,crossing_pair
x_30_35,x_33_37,8.0,crossing_pair
x_30_35,x_33_38,8.0,crossing_pair
x_30_35,x_33_39,8.0,crossing_pair
x_30_35,x_33_42,8.0,crossing_pair
x_30_35,x_33_43,8.0,crossing_pair
x_30_35,x_34_38,8.0,crossing_pair
x_30_35,x_34_39,8.0,crossing_pair
x_30_35,x_34_41,8.0,crossing_pair
x_30_35,x_34_42,8.0,crossing_pair
x_30_35,x_34_43,8.0,crossing_pair
x_30_35,x_35_39,8.0,shared_nucleotide
x_30_35,x_35_42,8.0,shared_nucleotide
x_30_35,x_35_43,8.0,shared_nucleotide
x_30_36,x_30_40,8.0,shared_nucleotide
x_30_36,x_30_44,8.0,shared_nucleotide
x_30_36,x_31_37,8.0,crossing_pair
x_30_36,x_31_38,8.0,crossing_pair
x_30_36,x_31_39,8.0,crossing_pair
x_30_36,x_31_42,8.0,crossing_pair
x_30_36,x_31_43,8.0,crossing_pair
x_30_36,x_32_40,8.0,crossing_pair
x_30_36,x_32_44,8.0,crossing_pair
x_30_36,x_33_37,8.0,crossing_pair
x_30_36,x_33_38,8.0,crossing_pair
x_30_36,x_33_39,8.0,crossing_pair
x_30_36,x_33_42,8.0,crossing_pair
x_30_36,x_33_43,8.0,crossing_pair
x_30_36,x_34_38,8.0,crossing_pair
x_30_36,x_34_39,8.0,crossing_pair
x_30_36,x_34_41,8.0,crossing_pair
x_30_36,x_34_42,8.0,crossing_pair
x_30_36,x_34_43,8.0,crossing_pair
x_30_36,x_35_39,8.0,crossing_pair
x_30_36,x_35_42,8.0,crossing_pair
x_30_36,x_35_43,8.0,crossing_pair
x_30_36,x_36_42,8.0,shared_nucleotide
x_30_36,x_36_43,8.0,shared_nucleotide
x_30_40,x_30_44,8.0,shared_nucleotide
x_30_40,x_31_42,8.0,crossing_pair
x_30_40,x_31_43,8.0,crossing_pair
x_30_40,x_32_40,8.0,shared_nucleotide
x_30_40,x_32_44,8.0,crossing_pair
x_30_40,x_33_42,8.0,crossing_pair
x_30_40,x_33_43,8.0,crossing_pair
x_30_40,x_34_41,8.0,crossing_pair
x_30_40,x_34_42,8.0,crossing_pair
x_30_40,x_34_43,8.0,crossing_pair
x_30_40,x_35_42,8.0,crossing_pair
x_30_40,x_35_43,8.0,crossing_pair
x_30_40,x_36_42,8.0,crossing_pair
x_30_40,x_36_43,8.0,crossing_pair
x_30_40,x_37_44,8.0,crossing_pair
x_30_40,x_38_44,8.0,crossing_pair
x_30_40,x_39_44,8.0,crossing_pair
x_30_44,x_32_44,8.0,shared_nucleotide
x_30_44,x_37_44,8.0,shared_nucleotide
x_30_44,x_38_44,8.0,shared_nucleotide
x_30_44,x_39_44,8.0,shared_nucleotide
x_31_37,x_31_38,8.0,shared_nucleotide
x_31_37,x_31_39,8.0,shared_nucleotide
x_31_37,x_31_42,8.0,shared_nucleotide
x_31_37,x_31_43,8.0,shared_nucleotide
x_31_37,x_32_40,8.0,crossing_pair
x_31_37,x_32_44,8.0,crossing_pair
x_31_37,x_33_37,8.0,shared_nucleotide
x_31_37,x_33_38,8.0,crossing_pair
x_31_37,x_33_39,8.0,crossing_pair
x_31_37,x_33_42,8.0,crossing_pair
x_31_37,x_33_43,8.0,crossing_pair
x_31_37,x_34_38,8.0,crossing_pair
x_31_37,x_34_39,8.0,crossing_pair
x_31_37,x_34_41,8.0,crossing_pair
x_31_37,x_34_42,8.0,crossing_pair
x_31_37,x_34_43,8.0,crossing_pair
x_31_37,x_35_39,8.0,crossing_pair
x_31_37,x_35_42,8.0,crossing_pair
x_31_37,x_35_43,8.0,crossing_pair
x_31_37,x_36_42,8.0,crossing_pair
x_31_37,x_36_43,8.0,crossing_pair
x_31_37,x_37_44,8.0,shared_nucleotide
x_31_38,x_31_39,8.0,shared_nucleotide
x_31_38,x_31_42,8.0,shared_nucleotide
x_31_38,x_31_43,8.0,shared_nucleotide
x_31_38,x_32_40,8.0,crossing_pair
x_31_38,x_32_44,8.0,crossing_pair
x_31_38,x_33_38,8.0,shared_nucleotide
x_31_38,x_33_39,8.0,crossing_pair
x_31_38,x_33_42,8.0,crossing_pair
x_31_38,x_33_43,8.0,crossing_pair
x_31_38,x_34_38,8.0,shared_nucleotide
x_31_38,x_34_39,8.0,crossing_pair
x_31_38,x_34_41,8.0,crossing_pair
x_31_38,x_34_42,8.0,crossing_pair
x_31_38,x_34_43,8.0,crossing_pair
x_31_38,x_35_39,8.0,crossing_pair
x_31_38,x_35_42,8.0,crossing_pair
x_31_38,x_35_43,8.0,crossing_pair
x_31_38,x_36_42,8.0,crossing_pair
x_31_38,x_36_43,8.0,crossing_pair
x_31_38,x_37_44,8.0,crossing_pair
x_31_38,x_38_44,8.0,shared_nucleotide
x_31_39,x_31_42,8.0,shared_nucleotide
x_31_39,x_31_43,8.0,shared_nucleotide
x_31_39,x_32_40,8.0,crossing_pair
x_31_39,x_32_44,8.0,crossing_pair
x_31_39,x_33_39,8.0,shared_nucleotide
x_31_39,x_33_42,8.0,crossing_pair
x_31_39,x_33_43,8.0,crossing_pair
x_31_39,x_34_39,8.0,shared_nucleotide
x_31_39,x_34_41,8.0,crossing_pair
x_31_39,x_34_42,8.0,crossing_pair
x_31_39,x_34_43,8.0,crossing_pair
x_31_39,x_35_39,8.0,shared_nucleotide
x_31_39,x_35_42,8.0,crossing_pair
x_31_39,x_35_43,8.0,crossing_pair
x_31_39,x_36_42,8.0,crossing_pair
x_31_39,x_36_43,8.0,crossing_pair
x_31_39,x_37_44,8.0,crossing_pair
x_31_39,x_38_44,8.0,crossing_pair
x_31_39,x_39_44,8.0,shared_nucleotide
x_31_42,x_31_43,8.0,shared_nucleotide
x_31_42,x_32_44,8.0,crossing_pair
x_31_42,x_33_42,8.0,shared_nucleotide
x_31_42,x_33_43,8.0,crossing_pair
x_31_42,x_34_42,8.0,shared_nucleotide
x_31_42,x_34_43,8.0,crossing_pair
x_31_42,x_35_42,8.0,shared_nucleotide
x_31_42,x_35_43,8.0,crossing_pair
x_31_42,x_36_42,8.0,shared_nucleotide
x_31_42,x_36_43,8.0,crossing_pair
x_31_42,x_37_44,8.0,crossing_pair
x_31_42,x_38_44,8.0,crossing_pair
x_31_42,x_39_44,8.0,crossing_pair
x_31_43,x_32_44,8.0,crossing_pair
x_31_43,x_33_43,8.0,shared_nucleotide
x_31_43,x_34_43,8.0,shared_nucleotide
x_31_43,x_35_43,8.0,shared_nucleotide
x_31_43,x_36_43,8.0,shared_nucleotide
x_31_43,x_37_44,8.0,crossing_pair
x_31_43,x_38_44,8.0,crossing_pair
x_31_43,x_39_44,8.0,crossing_pair
x_32_40,x_32_44,8.0,shared_nucleotide
x_32_40,x_33_42,8.0,crossing_pair
x_32_40,x_33_43,8.0,crossing_pair
x_32_40,x_34_41,8.0,crossing_pair
x_32_40,x_34_42,8.0,crossing_pair
x_32_40,x_34_43,8.0,crossing_pair
x_32_40,x_35_42,8.0,crossing_pair
x_32_40,x_35_43,8.0,crossing_pair
x_32_40,x_36_42,8.0,crossing_pair
x_32_40,x_36_43,8.0,crossing_pair
x_32_40,x_37_44,8.0,crossing_pair
x_32_40,x_38_44,8.0,crossing_pair
x_32_40,x_39_44,8.0,crossing_pair
x_32_44,x_37_44,8.0,shared_nucleotide
x_32_44,x_38_44,8.0,shared_nucleotide
x_32_44,x_39_44,8.0,shared_nucleotide
x_33_37,x_33_38,8.0,shared_nucleotide
x_33_37,x_33_39,8.0,shared_nucleotide
x_33_37,x_33_42,8.0,shared_nucleotide
x_33_37,x_33_43,8.0,shared_nucleotide
x_33_37,x_34_38,8.0,crossing_pair
x_33_37,x_34_39,8.0,crossing_pair
x_33_37,x_34_41,8.0,crossing_pair
x_33_37,x_34_42,8.0,crossing_pair
x_33_37,x_34_43,8.0,crossing_pair
x_33_37,x_35_39,8.0,crossing_pair
x_33_37,x_35_42,8.0,crossing_pair
x_33_37,x_35_43,8.0,crossing_pair
x_33_37,x_36_42,8.0,crossing_pair
x_33_37,x_36_43,8.0,crossing_pair
x_33_37,x_37_44,8.0,shared_nucleotide
x_33_38,x_33_39,8.0,shared_nucleotide
x_33_38,x_33_42,8.0,shared_nucleotide
x_33_38,x_33_43,8.0,shared_nucleotide
x_33_38,x_34_38,8.0,shared_nucleotide
x_33_38,x_34_39,8.0,crossing_pair
x_33_38,x_34_41,8.0,crossing_pair
x_33_38,x_34_42,8.0,crossing_pair
x_33_38,x_34_43,8.0,crossing_pair
x_33_38,x_35_39,8.0,crossing_pair
x_33_38,x_35_42,8.0,crossing_pair
x_33_38,x_35_43,8.0,crossing_pair
x_33_38,x_36_42,8.0,crossing_pair
x_33_38,x_36_43,8.0,crossing_pair
x_33_38,x_37_44,8.0,crossing_pair
x_33_38,x_38_44,8.0,shared_nucleotide
x_33_39,x_33_42,8.0,shared_nucleotide
x_33_39,x_33_43,8.0,shared_nucleotide
x_33_39,x_34_39,8.0,shared_nucleotide
x_33_39,x_34_41,8.0,crossing_pair
x_33_39,x_34_42,8.0,crossing_pair
x_33_39,x_34_43,8.0,crossing_pair
x_33_39,x_35_39,8.0,shared_nucleotide
x_33_39,x_35_42,8.0,crossing_pair
x_33_39,x_35_43,8.0,crossing_pair
x_33_39,x_36_42,8.0,crossing_pair
x_33_39,x_36_43,8.0,crossing_pair
x_33_39,x_37_44,8.0,crossing_pair
x_33_39,x_38_44,8.0,crossing_pair
x_33_39,x_39_44,8.0,shared_nucleotide
x_33_42,x_33_43,8.0,shared_nucleotide
x_33_42,x_34_42,8.0,shared_nucleotide
x_33_42,x_34_43,8.0,crossing_pair
x_33_42,x_35_42,8.0,shared_nucleotide
x_33_42,x_35_43,8.0,crossing_pair
x_33_42,x_36_42,8.0,shared_nucleotide
x_33_42,x_36_43,8.0,crossing_pair
x_33_42,x_37_44,8.0,crossing_pair
x_33_42,x_38_44,8.0,crossing_pair
x_33_42,x_39_44,8.0,crossing_pair
x_33_43,x_34_43,8.0,shared_nucleotide
x_33_43,x_35_43,8.0,shared_nucleotide
x_33_43,x_36_43,8.0,shared_nucleotide
x_33_43,x_37_44,8.0,crossing_pair
x_33_43,x_38_44,8.0,crossing_pair
x_33_43,x_39_44,8.0,crossing_pair
x_34_38,x_34_39,8.0,shared_nucleotide
x_34_38,x_34_41,8.0,shared_nucleotide
x_34_38,x_34_42,8.0,shared_nucleotide
x_34_38,x_34_43,8.0,shared_nucleotide
x_34_38,x_35_39,8.0,crossing_pair
x_34_38,x_35_42,8.0,crossing_pair
x_34_38,x_35_43,8.0,crossing_pair
x_34_38,x_36_42,8.0,crossing_pair
x_34_38,x_36_43,8.0,crossing_pair
x_34_38,x_37_44,8.0,crossing_pair
x_34_38,x_38_44,8.0,shared_nucleotide
x_34_39,x_34_41,8.0,shared_nucleotide
x_34_39,x_34_42,8.0,shared_nucleotide
x_34_39,x_34_43,8.0,shared_nucleotide
x_34_39,x_35_39,8.0,shared_nucleotide
x_34_39,x_35_42,8.0,crossing_pair
x_34_39,x_35_43,8.0,crossing_pair
x_34_39,x_36_42,8.0,crossing_pair
x_34_39,x_36_43,8.0,crossing_pair
x_34_39,x_37_44,8.0,crossing_pair
x_34_39,x_38_44,8.0,crossing_pair
x_34_39,x_39_44,8.0,shared_nucleotide
x_34_41,x_34_42,8.0,shared_nucleotide
x_34_41,x_34_43,8.0,shared_nucleotide
x_34_41,x_35_42,8.0,crossing_pair
x_34_41,x_35_43,8.0,crossing_pair
x_34_41,x_36_42,8.0,crossing_pair
x_34_41,x_36_43,8.0,crossing_pair
x_34_41,x_37_44,8.0,crossing_pair
x_34_41,x_38_44,8.0,crossing_pair
x_34_41,x_39_44,8.0,crossing_pair
x_34_42,x_34_43,8.0,shared_nucleotide
x_34_42,x_35_42,8.0,shared_nucleotide
x_34_42,x_35_43,8.0,crossing_pair
x_34_42,x_36_42,8.0,shared_nucleotide
x_34_42,x_36_43,8.0,crossing_pair
x_34_42,x_37_44,8.0,crossing_pair
x_34_42,x_38_44,8.0,crossing_pair
x_34_42,x_39_44,8.0,crossing_pair
x_34_43,x_35_43,8.0,shared_nucleotide
x_34_43,x_36_43,8.0,shared_nucleotide
x_34_43,x_37_44,8.0,crossing_pair
x_34_43,x_38_44,8.0,crossing_pair
x_34_43,x_39_44,8.0,crossing_pair
x_35_39,x_35_42,8.0,shared_nucleotide
x_35_39,x_35_43,8.0,shared_nucleotide
x_35_39,x_36_42,8.0,crossing_pair
x_35_39,x_36_43,8.0,crossing_pair
x_35_39,x_37_44,8.0,crossing_pair
x_35_39,x_38_44,8.0,crossing_pair
x_35_39,x_39_44,8.0,shared_nucleotide
x_35_42,x_35_43,8.0,shared_nucleotide
x_35_42,x_36_42,8.0,shared_nucleotide
x_35_42,x_36_43,8.0,crossing_pair
x_35_42,x_37_44,8.0,crossing_pair
x_35_42,x_38_44,8.0,crossing_pair
x_35_42,x_39_44,8.0,crossing_pair
x_35_43,x_36_43,8.0,shared_nucleotide
x_35_43,x_37_44,8.0,crossing_pair
x_35_43,x_38_44,8.0,crossing_pair
x_35_43,x_39_44,8.0,crossing_pair
x_36_42,x_36_43,8.0,shared_nucleotide
x_36_42,x_37_44,8.0,crossing_pair
x_36_42,x_38_44,8.0,crossing_pair
x_36_42,x_39_44,8.0,crossing_pair
x_36_43,x_37_44,8.0,crossing_pair
x_36_43,x_38_44,8.0,crossing_pair
x_36_43,x_39_44,8.0,crossing_pair
x_37_44,x_38_44,8.0,shared_nucleotide
x_37_44,x_39_44,8.0,shared_nucleotide
x_38_44,x_39_44,8.0,shared_nucleotide
